/*******************************************************************************
 * Size: 14 px
 * Bpp: 4
 * Opts: --size 14 --bpp 4 --format lvgl --font managed_components/lvgl__lvgl/tests/src/test_files/fonts/noto/NotoSansSC-Regular.ttf --symbols 、。【】一万三上下不与专且业丝丢两严个中串临为主举久么义之乎也习书了予争事二于云互些交产享亮人什仅今仍从仓他付代令以仪们件价任份休优会传伪估伴似伽但位低住体何余作你使例供依侣侧便俄保信修倍倒候值假偏做停健储像允元充先光克免兜入全公六共关其具养兼内册再冒写冲决准减凑几凭凶出击函刀分切列则创初删判别到制刷刻前剑剔剩剪力办功加务动助勾勿包化匹区匿十千升协单南占卡印即却厂历压原去参又叉及双反发取受变叙叠口古句另只可台史号各合同名后向否含启呈告员周味命和咪品哈响哪唤唯商器噪四回因围固图在地场址均坏坑块坦型域基堆塞填境增声处备复外多夜够大天失头夺奏契套好如始委子字存学它守安完官定实审客室害家容宽寄密察寸对导封射将小少尚尝就尺尽尾局层屏展属履山岚川工差己已巾布希带帧常幂幕干平年并广序库应底度庭康延建开异式引弛张弹强归当录形影往径待很得御循心必志快念忽态怎性怪总恒恢息恰悬惯想意感慢戏成或截戴户所手才打托扣执扩扫扬扰扳批找承抄把投抖护报抬拆拉拒拔拟拥拦择括拼拾拿持挂指按挤振换据捷授掉掌排探接控推掩描提插握搜搬搭摄摸撤播操擦支收改攻放故效敏敛散数整文料斜斥断斯新方施旋无日旧早时明易映是显晨普景晶暂暴更曾替最有服望朝期木未末本机杀权材村束杠条来松板极构析枚果架柄某染查栅标栈树校样核根格案桌档桥检植概模橙次款歇止正此步歧死残段毁每比气水永求池没治沿泄法泛泡波注活派流浅测浏浓消涉淆深混淹添清温渲游源满漂漏演激灭灯灰点炼烟烧热焊然照熔熵父片版牌牙物特状独猜猫率玉环现理生用由电画界留略番症登白百的益盏监盖盘目直相省看真眠眼着睡瞬知矩短石码破础硬确碎示禁离种秒秘积称移程稳空穿突窗立竖竞端符第等答策签简算管篇篡籍类粘精系素索紧累红约级纯纹线组细织终经绑结绕给络绝统继绪续维绿缀缓编缘缩缺网罗罪置署老考者而耗联背能脏脑脚脱脸膛自至致舍航色节芯若英范茄荐获菜落著蓝蔽虑行衡补表衰被裁装裕要覆见观规视览解触言警计订认让议记许论设访证评识诊译试话询该语误说请诺读谁调象豫负败账贴费资赖走起超越足跑距跟跨路跳踩踪身转轮软轻载较辑输辨边达迁过运近返还这进远违连迟迭述迷追退送适逆选逐递途通速造逻遇道遗遵避那邻部都配醒采释里重量鉴针钟钥铁铺链销锁错键镜长门闭问闲间阅阈队防阵阶阻际陆陈降限除险随隐隔隙障难集雨零雾需露青静非靠面音页项顺须预频题颜颠风饿首马驱驻验骗骤骨高麦黑默齐（），：；？ --no-kerning --lv-include lvgl.h --lv-font-name ui_font_noto_sc_14 --lv-fallback lv_font_montserrat_14 --output main/ui_font_noto_sc_14.c
 ******************************************************************************/

#ifdef LV_LVGL_H_INCLUDE_SIMPLE
#include "lvgl.h"
#else
#include "lvgl.h"
#endif

#ifndef UI_FONT_NOTO_SC_14
#define UI_FONT_NOTO_SC_14 1
#endif

#if UI_FONT_NOTO_SC_14

/*-----------------
 *    BITMAPS
 *----------------*/

/*Store the image of the glyphs*/
static LV_ATTRIBUTE_LARGE_CONST const uint8_t glyph_bitmap[] = {
    /* U+3001 "、" */
    0x0, 0xe1, 0xe6, 0x0, 0xd, 0xcb, 0x0, 0x16,
    0xa5, 0x40, 0xb, 0x2c,

    /* U+3002 "。" */
    0x5, 0x95, 0x4, 0xf8, 0xd5, 0xdb, 0x18, 0xee,
    0x20, 0x19, 0x9f, 0xee, 0x60,

    /* U+3010 "【" */
    0x8f, 0xf9, 0x0, 0x28, 0x40, 0x1, 0x38, 0x5,
    0x60, 0x19, 0x0, 0x31, 0x0, 0x42, 0x1, 0x84,
    0x3, 0x88, 0x3, 0x20, 0x6, 0xb0, 0xc, 0x4c,
    0x1, 0xa5, 0x23, 0xfe, 0x40,

    /* U+3011 "】" */
    0x0, 0xe4, 0xff, 0xa1, 0x24, 0x3, 0x31, 0x0,
    0x6b, 0x0, 0xc8, 0x1, 0x88, 0x3, 0x84, 0x3,
    0x8, 0x4, 0x40, 0x19, 0x40, 0x35, 0x0, 0x4e,
    0x40, 0x4, 0x80, 0x8,

    /* U+4E00 "一" */
    0x0, 0xff, 0xe1, 0x17, 0xff, 0xff, 0x2, 0x8b,
    0xbb, 0xff, 0x81, 0x60,

    /* U+4E07 "万" */
    0x1b, 0xbf, 0xfe, 0x0, 0x8b, 0xba, 0x36, 0xee,
    0xf8, 0x41, 0x56, 0xd6, 0x55, 0xf8, 0x3, 0x8c,
    0x40, 0x3f, 0xf8, 0x1c, 0xbf, 0xfd, 0x40, 0x1e,
    0x28, 0xee, 0xd0, 0x1, 0xf2, 0x20, 0x47, 0x1,
    0x80, 0x71, 0x81, 0x80, 0x6f, 0x10, 0xe, 0x97,
    0x0, 0xe2, 0xe0, 0xc, 0x8b, 0x0, 0x1c, 0xc4,
    0x1, 0x25, 0xd0, 0x80, 0x61, 0x35, 0x0, 0x15,
    0x5a, 0x80, 0x5f, 0xee, 0x61, 0x0, 0x17, 0x20,
    0x6, 0xff, 0xa4, 0x2,

    /* U+4E09 "三" */
    0x0, 0x19, 0xff, 0x80, 0x23, 0xdd, 0xff, 0x20,
    0x0, 0xfb, 0xbf, 0xc8, 0x1, 0xff, 0xd3, 0x5f,
    0xff, 0xc6, 0x1, 0x97, 0xbb, 0xf1, 0x80, 0x70,
    0x8f, 0xe0, 0xf, 0xfe, 0x98, 0xff, 0xff, 0xf0,
    0x4, 0x5d, 0xdf, 0xfc, 0x1,

    /* U+4E0A "上" */
    0x0, 0xe1, 0xf0, 0xf, 0xff, 0x60, 0x8f, 0x0,
    0x7f, 0x77, 0x71, 0x80, 0x7e, 0xff, 0xe3, 0x0,
    0xff, 0xf6, 0x9c, 0xce, 0xb0, 0x99, 0xf1, 0xf,
    0x76, 0xd8, 0xee, 0xf1, 0x80,

    /* U+4E0B "下" */
    0x3b, 0xbf, 0xfe, 0x0, 0x97, 0x77, 0x26, 0x77,
    0x70, 0x89, 0x57, 0x85, 0x15, 0x78, 0x3, 0xf2,
    0x80, 0x7f, 0xf0, 0x63, 0x50, 0x3, 0xfe, 0xdb,
    0xab, 0x20, 0xf, 0xf3, 0x79, 0x69, 0x0, 0x7f,
    0x86, 0x70, 0x80, 0x3f, 0xf8, 0x6, 0x1, 0xff,
    0xe0,

    /* U+4E0D "不" */
    0xf, 0xff, 0xfe, 0x0, 0x3, 0x77, 0xb0, 0x27,
    0x77, 0x0, 0x8, 0xba, 0x11, 0x88, 0xb0, 0x7,
    0xa1, 0x9, 0x0, 0x3f, 0x9d, 0x90, 0x3b, 0x4c,
    0x3, 0xd3, 0x2d, 0x20, 0xa8, 0xc7, 0x0, 0x8f,
    0x53, 0xc, 0x2, 0x5c, 0x9a, 0x2, 0xc5, 0xd2,
    0x0, 0xe3, 0xf6, 0x22, 0x74, 0x0, 0x7e, 0x1c,
    0x20, 0x10, 0xf, 0xfe, 0xe0,

    /* U+4E0E "与" */
    0x0, 0x89, 0x80, 0x3f, 0xe4, 0xc0, 0xf, 0xfb,
    0xd7, 0xff, 0xe4, 0x0, 0x96, 0xfb, 0xbe, 0x40,
    0x8, 0xd4, 0x47, 0xe0, 0x8, 0xc8, 0x4, 0x7e,
    0x0, 0x94, 0xff, 0xfe, 0xe6, 0x0, 0x37, 0x77,
    0xe4, 0x30, 0x11, 0xfe, 0x6, 0x60, 0xff, 0xfe,
    0x80, 0x23, 0x1e, 0xef, 0xd2, 0x44, 0x0, 0xff,
    0xad, 0x0, 0x3f, 0x67, 0xf9, 0x2c, 0x3, 0xf6,
    0x7f, 0xb4, 0x80,

    /* U+4E13 "专" */
    0x0, 0xe1, 0x80, 0xf, 0xf9, 0xcc, 0x3, 0xe1,
    0xff, 0xa5, 0x3f, 0xf8, 0x0, 0x3f, 0xf0, 0x77,
    0xff, 0x1, 0x66, 0x60, 0xdc, 0xcf, 0x14, 0x44,
    0xd, 0x11, 0xf0, 0x22, 0x47, 0x8, 0x9f, 0x0,
    0x4a, 0x1d, 0xff, 0xd4, 0x1, 0x97, 0xff, 0x9c,
    0xac, 0x3, 0x88, 0x2, 0x85, 0xc1, 0x0, 0xc5,
    0xdb, 0x12, 0xb8, 0x20, 0x1c, 0x59, 0xe0, 0xe2,
    0xa0, 0x1f, 0x8a, 0x3a, 0xa8, 0x80, 0x1f, 0xe6,
    0xe4, 0x0, 0x0,

    /* U+4E14 "且" */
    0x0, 0xbf, 0xff, 0x18, 0x7, 0xbf, 0xfc, 0x20,
    0x1f, 0xfc, 0x9b, 0xbf, 0x8, 0x7, 0xdf, 0xfe,
    0x10, 0xf, 0x91, 0x3c, 0x1, 0xff, 0xca, 0xff,
    0xf0, 0x80, 0x7d, 0xff, 0xe1, 0x0, 0xff, 0xe2,
    0x94, 0x40, 0x22, 0x3c, 0x35, 0x4, 0x1, 0x38,
    0x7, 0x9c, 0x40, 0x0,

    /* U+4E1A "业" */
    0x0, 0xc5, 0xc0, 0xe, 0x20, 0xf, 0xfe, 0xab,
    0xa8, 0x7, 0xe3, 0x60, 0x1, 0x48, 0x7, 0xe9,
    0x10, 0x2, 0x91, 0x80, 0x78, 0x51, 0x80, 0x26,
    0xa0, 0xf, 0x43, 0x8, 0x5, 0x4c, 0x1, 0xc2,
    0xf2, 0x1, 0x8a, 0x44, 0x3, 0x3c, 0x8, 0x7,
    0x30, 0x80, 0x66, 0x60, 0x7, 0xff, 0x1a, 0xaa,
    0x91, 0xaa, 0xc, 0xd5, 0x40, 0xc, 0xcb, 0x67,
    0x31, 0x3b, 0x99, 0x0,

    /* U+4E1D "丝" */
    0x0, 0xd2, 0x1, 0x91, 0xc0, 0x3c, 0xc6, 0x1,
    0xbc, 0x40, 0x3d, 0x10, 0x1, 0x4, 0x66, 0x0,
    0x73, 0xb8, 0x97, 0x42, 0x64, 0x11, 0x0, 0x1,
    0x54, 0xd, 0xfb, 0xa2, 0xd, 0xa4, 0x1, 0x25,
    0xfc, 0xc5, 0xd, 0xd9, 0x42, 0x0, 0x9e, 0x83,
    0x81, 0xef, 0x47, 0x40, 0x8, 0x89, 0x7a, 0x0,
    0x18, 0x8, 0x0, 0xc7, 0xde, 0x23, 0x41, 0xd9,
    0x14, 0x0, 0xb2, 0xde, 0xc7, 0x54, 0xff, 0x72,
    0x0, 0x23, 0xfd, 0xda, 0xdb, 0xfd, 0xb8, 0xc0,
    0xdd, 0xdf, 0xfc, 0x1, 0x6f, 0xff, 0xfe, 0x0,
    0x80,

    /* U+4E22 "丢" */
    0x0, 0xf8, 0x91, 0xa1, 0x40, 0xd, 0x9b, 0xdf,
    0xec, 0x8c, 0x1, 0x0, 0x3f, 0xfe, 0x3a, 0xca,
    0x84, 0x0, 0x9, 0x90, 0x80, 0x4, 0x3, 0xc7,
    0xff, 0x8e, 0xbf, 0xec, 0x0, 0x1f, 0xfe, 0x3b,
    0xff, 0xb0, 0x9, 0xdf, 0x87, 0x5d, 0xf3, 0xf,
    0xfd, 0xd0, 0xe3, 0xff, 0xb8, 0xe2, 0x21, 0x3a,
    0x89, 0x8, 0x88, 0x2, 0x66, 0x68, 0x0, 0x4a,
    0x80, 0x32, 0xc6, 0x8, 0x11, 0xfa, 0xb0, 0x1,
    0x68, 0x73, 0xfb, 0xfd, 0xcb, 0x24, 0x9, 0x7b,
    0xfe, 0xed, 0xcb, 0xa6, 0x40,

    /* U+4E24 "两" */
    0x6a, 0xaf, 0xfe, 0x2, 0xff, 0xce, 0x5f, 0xe5,
    0xcf, 0xf8, 0xd5, 0x61, 0xc5, 0x50, 0x32, 0xac,
    0x19, 0xfe, 0x3b, 0xff, 0x7, 0xfc, 0xa0, 0x37,
    0xe5, 0x9f, 0xc1, 0xfe, 0x53, 0x0, 0xc6, 0xe0,
    0x60, 0x20, 0x1e, 0x11, 0x50, 0xa0, 0xe8, 0x7,
    0x99, 0xb5, 0x5a, 0xc0, 0x6, 0x19, 0xb8, 0x1,
    0x59, 0x41, 0x0, 0xb6, 0x48, 0x33, 0xc0, 0x18,
    0x20, 0x16, 0x38, 0x2, 0xc8, 0x2, 0x10, 0xf,
    0xf7, 0xf9, 0x90,

    /* U+4E25 "严" */
    0x7, 0xff, 0xff, 0x58, 0x1, 0xeb, 0x7c, 0x3b,
    0xc3, 0xfa, 0x2c, 0x2, 0x38, 0x0, 0xf4, 0xe8,
    0x6, 0x64, 0x10, 0xc, 0x4d, 0x60, 0x11, 0x3b,
    0x38, 0x33, 0x1, 0x59, 0xd8, 0x41, 0xe8, 0x39,
    0xff, 0x9f, 0xc3, 0xb8, 0x1, 0x34, 0x47, 0xf8,
    0x40, 0xc4, 0x3, 0xff, 0x80, 0x26, 0x1, 0xff,
    0xc0, 0xdf, 0x0, 0xff, 0x85, 0x50, 0x3, 0xfe,
    0x55, 0x10, 0x7, 0xfc, 0x94, 0x1, 0xff, 0xc0,

    /* U+4E2A "个" */
    0x0, 0xf2, 0xb8, 0x7, 0xfc, 0x55, 0x80, 0x1f,
    0xe2, 0xc9, 0xa, 0x0, 0xfc, 0x99, 0x2d, 0x63,
    0x82, 0x1, 0xd1, 0x76, 0x79, 0x3b, 0x6f, 0x50,
    0x2, 0xf2, 0x6a, 0x82, 0xb0, 0x55, 0xdb, 0x5,
    0x23, 0x8, 0x3, 0xcb, 0xf4, 0x22, 0x60, 0xf,
    0xe1, 0x60, 0xf, 0xff, 0xd8,

    /* U+4E2D "中" */
    0x0, 0xe4, 0xd0, 0xf, 0xfe, 0x30, 0x8f, 0x0,
    0x8e, 0x9, 0xee, 0xd4, 0x5d, 0xda, 0x2, 0x3f,
    0xeb, 0x2f, 0xf9, 0x80, 0x3f, 0xf9, 0xda, 0x89,
    0x19, 0x91, 0x22, 0x0, 0x3c, 0x45, 0x43, 0x11,
    0x28, 0x64, 0xe6, 0x52, 0x59, 0x95, 0xe2, 0xa0,
    0x7, 0xe5, 0x40, 0xf, 0xfe, 0x60,

    /* U+4E32 "串" */
    0x0, 0xed, 0x40, 0xf, 0xfe, 0x37, 0xfe, 0x2b,
    0xff, 0xc0, 0x17, 0x7f, 0x8a, 0xff, 0xda, 0x1,
    0xf8, 0x40, 0x2, 0x1, 0xf, 0xf7, 0xa, 0xfb,
    0x9a, 0x40, 0xe, 0xec, 0x57, 0xdd, 0x68, 0x47,
    0xfe, 0x2a, 0xff, 0xd2, 0xf, 0xff, 0x15, 0xff,
    0xce, 0x1, 0xff, 0xc2, 0x7f, 0xf8, 0xaf, 0xfe,
    0x70, 0xcb, 0xff, 0x8a, 0xff, 0xeb, 0xd4, 0x40,
    0x7, 0xe4, 0x40,

    /* U+4E34 "临" */
    0x0, 0xf1, 0x0, 0x7e, 0xd3, 0x0, 0x69, 0x0,
    0x7f, 0x94, 0x4c, 0x47, 0x7, 0x8, 0x5, 0xc3,
    0xdd, 0xc0, 0x1c, 0x69, 0xd7, 0xdf, 0xf0, 0x6,
    0x7e, 0x81, 0x2f, 0x40, 0xf, 0xa, 0xb8, 0x35,
    0x50, 0x40, 0x39, 0xa1, 0x12, 0xb, 0x54, 0x0,
    0xe2, 0xbf, 0xf5, 0xf7, 0xd8, 0x7, 0x86, 0xe8,
    0x6e, 0xc0, 0x1f, 0xfd, 0xa, 0x10, 0x8, 0x66,
    0xc6, 0x64, 0x0, 0x40, 0xc, 0x39, 0xf5, 0x98,
    0x0, 0xda, 0x65, 0xca, 0xbd, 0xe0,

    /* U+4E3A "为" */
    0x0, 0x12, 0x0, 0xf8, 0x7, 0xf5, 0x10, 0x7,
    0xf8, 0x9a, 0x0, 0x3f, 0x84, 0xae, 0x54, 0x8,
    0xb1, 0x88, 0x46, 0x6e, 0xa8, 0x33, 0x3a, 0xc2,
    0x7b, 0xa8, 0x5e, 0xed, 0x6, 0x1, 0xdb, 0xa3,
    0x10, 0x7, 0x80, 0x70, 0xa2, 0xa5, 0x0, 0x4,
    0x40, 0x1a, 0x10, 0x9c, 0x1c, 0xf, 0xc0, 0x23,
    0x69, 0x0, 0x50, 0x80, 0x88, 0x0, 0x5b, 0x4,
    0x0, 0x16, 0x6, 0x20, 0x3c, 0x67, 0x0, 0x84,
    0x8, 0x8a, 0x15, 0x10, 0x0, 0xd5, 0xfa, 0xc2,
    0x12, 0xc0, 0x1d, 0x7f, 0xe9, 0x0,

    /* U+4E3B "主" */
    0x0, 0xe7, 0x40, 0xf, 0xfe, 0x2, 0x53, 0x80,
    0x7f, 0xc7, 0x92, 0x60, 0x1e, 0xcf, 0xfd, 0xa3,
    0x9f, 0xf2, 0x80, 0x33, 0xff, 0x1d, 0x7f, 0xe5,
    0x0, 0xff, 0xe9, 0xf, 0xfe, 0x3a, 0xff, 0xac,
    0x2, 0x1e, 0xec, 0x53, 0xdd, 0x58, 0x6, 0x11,
    0xe3, 0x11, 0x80, 0x3f, 0xf8, 0xa7, 0x11, 0xc5,
    0xd1, 0x1c, 0x0, 0xff, 0xe9, 0xcf, 0xfe, 0x0,

    /* U+4E3E "举" */
    0x0, 0x11, 0x0, 0xa4, 0x2, 0x44, 0x0, 0x64,
    0xf0, 0x25, 0x50, 0xd, 0x0, 0x73, 0x3a, 0x84,
    0x0, 0x2a, 0x50, 0x0, 0x7f, 0xe5, 0xaf, 0xba,
    0xf4, 0x8f, 0xf1, 0x9b, 0xfd, 0x85, 0xff, 0x8a,
    0xbf, 0xc6, 0x0, 0x2e, 0xe0, 0x3b, 0x83, 0xed,
    0x0, 0x24, 0xcb, 0x21, 0xee, 0x9, 0xd5, 0x1c,
    0x12, 0x33, 0x33, 0x33, 0x31, 0xfe, 0xc4, 0x46,
    0x15, 0x6e, 0x9d, 0xdb, 0xab, 0x1b, 0x40, 0x9d,
    0xdc, 0xcc, 0xdd, 0xd6, 0x0, 0x8f, 0xfc, 0xee,
    0xff, 0xd2, 0x0, 0x12, 0x2c, 0x22, 0x22, 0xe0,
    0xf, 0xfe, 0x18,

    /* U+4E45 "久" */
    0x0, 0xc6, 0x80, 0x1f, 0xfc, 0x9, 0xc0, 0xf,
    0xf8, 0x57, 0x91, 0x21, 0x0, 0xfa, 0x6, 0xa2,
    0x16, 0xc0, 0x1e, 0x36, 0xcc, 0xb4, 0x14, 0x3,
    0xdc, 0xe4, 0x0, 0x73, 0x20, 0xe, 0xb1, 0x80,
    0xa, 0xe8, 0x3, 0x88, 0x34, 0x2, 0x72, 0xc0,
    0xe, 0x2b, 0x10, 0x1, 0xc5, 0xa1, 0x80, 0x7e,
    0x2d, 0x84, 0x8e, 0x10, 0xf, 0x1e, 0x33, 0x83,
    0x3d, 0x0, 0x74, 0x64, 0xc0, 0x5, 0x41, 0xa4,
    0x3, 0xcb, 0x8e, 0x1, 0xd6, 0x9a, 0x63, 0x9a,
    0x60, 0x1f, 0x4e, 0x98,

    /* U+4E48 "么" */
    0x0, 0xf3, 0x80, 0x7f, 0xf0, 0x22, 0xc0, 0x3f,
    0xe4, 0x6e, 0x0, 0xff, 0x1d, 0xd1, 0x0, 0xd0,
    0x80, 0x71, 0xed, 0x20, 0x2, 0x84, 0x40, 0x19,
    0x32, 0xd4, 0x1, 0xd, 0x40, 0x1d, 0xd6, 0xa0,
    0x5, 0x7f, 0x10, 0xe, 0xa4, 0x0, 0x25, 0x59,
    0x30, 0x80, 0x7c, 0x77, 0x48, 0x1f, 0x40, 0x1e,
    0x4d, 0xa5, 0x0, 0x4b, 0x38, 0x6, 0x5a, 0xa2,
    0x11, 0xab, 0x3c, 0x10, 0x1, 0x68, 0x6f, 0xb3,
    0xfb, 0x9, 0x38, 0x0, 0x97, 0xbd, 0xfd, 0x97,
    0x51, 0x6e, 0x20,

    /* U+4E49 "义" */
    0x0, 0xf5, 0x0, 0x7f, 0xf0, 0x59, 0x0, 0x29,
    0x0, 0xd8, 0x80, 0x9, 0xf0, 0x2, 0xa0, 0x6,
    0xaf, 0x0, 0x28, 0x5, 0x36, 0x1, 0x99, 0x4c,
    0x1, 0x60, 0x84, 0xc0, 0x1d, 0x7c, 0x1, 0xa6,
    0x0, 0x3c, 0xad, 0x0, 0x7, 0x16, 0x0, 0xfa,
    0x99, 0x52, 0x78, 0x3, 0xf0, 0xed, 0x5d, 0x10,
    0x7, 0xf2, 0x88, 0x18, 0x7, 0xe1, 0xab, 0xdc,
    0x9b, 0x20, 0xc, 0x53, 0xc5, 0xa6, 0x6f, 0x2d,
    0x92, 0x3, 0xc1, 0xe8, 0x0, 0x86, 0x74, 0xf4,
    0x8f, 0xa0, 0x40, 0x3c, 0x55, 0xe4,

    /* U+4E4B "之" */
    0x0, 0xf4, 0x90, 0x7, 0xff, 0x0, 0x78, 0x3,
    0xff, 0x81, 0x0, 0x40, 0x1e, 0x8f, 0xfe, 0x3d,
    0xff, 0x70, 0x5, 0x1f, 0xff, 0x71, 0x30, 0x7,
    0xfd, 0x4d, 0x0, 0x1f, 0xea, 0x7b, 0x0, 0xff,
    0x5b, 0x60, 0x7, 0xf0, 0xe0, 0x60, 0x7, 0xf2,
    0x7a, 0x58, 0x7, 0xe6, 0xca, 0xa4, 0x0, 0x7e,
    0x9a, 0xa1, 0x9c, 0x42, 0x22, 0x34, 0x20, 0x5d,
    0x6c, 0xef, 0xcf, 0xf6, 0x74, 0x88, 0x60, 0x80,
    0xce, 0x77, 0x6d, 0xd1, 0x80,

    /* U+4E4E "乎" */
    0x0, 0xf8, 0x4d, 0x62, 0x80, 0x35, 0xe6, 0xf7,
    0xf7, 0xf8, 0x3c, 0x3, 0x44, 0x3f, 0xd8, 0x39,
    0x50, 0x1, 0xcf, 0x24, 0x20, 0x18, 0xec, 0x3,
    0x20, 0xa0, 0x7, 0x4c, 0x80, 0x3a, 0xb8, 0x3,
    0x12, 0x38, 0x4, 0x44, 0x59, 0x26, 0x2, 0xd,
    0x22, 0x8, 0x6e, 0xb3, 0x1b, 0x43, 0xba, 0xcd,
    0xd3, 0x7, 0xff, 0x60, 0xff, 0xf3, 0x80, 0x7f,
    0xf5, 0x9c, 0x3, 0xfe, 0xff, 0x5b, 0x80, 0x7f,
    0xbf, 0xe9, 0x0, 0xf0,

    /* U+4E5F "也" */
    0x0, 0x84, 0x0, 0x3e, 0x1, 0xfd, 0xc0, 0x1f,
    0xfc, 0x85, 0xb2, 0x0, 0xf8, 0xc2, 0xff, 0x94,
    0x40, 0x39, 0xf3, 0x43, 0xbe, 0xcc, 0x0, 0x51,
    0xa1, 0xd1, 0xc0, 0xa0, 0x3, 0x10, 0x60, 0xe0,
    0x94, 0x0, 0xe1, 0x20, 0x48, 0x30, 0xf, 0x88,
    0x40, 0x3f, 0xc3, 0x98, 0x90, 0xf, 0xc2, 0x43,
    0xde, 0xec, 0x40, 0x1f, 0x68, 0x10, 0x85, 0x8,
    0x4, 0x26, 0x1, 0xe3, 0x38, 0x2, 0x8d, 0xff,
    0xf6, 0xc8, 0x0,

    /* U+4E60 "习" */
    0x4f, 0xff, 0xf3, 0x27, 0xff, 0xf2, 0x80, 0x4a,
    0xa0, 0xf, 0xf3, 0xc5, 0x0, 0x7f, 0x16, 0x86,
    0x90, 0x7, 0xf5, 0x2b, 0x80, 0x42, 0x60, 0x1d,
    0xa, 0x90, 0xe, 0x1, 0xc9, 0x3d, 0x3e, 0x0,
    0x10, 0x39, 0xea, 0x1c, 0xd7, 0x1, 0x76, 0xd0,
    0xde, 0x82, 0x0, 0x88, 0x5b, 0xa4, 0xc0, 0x38,
    0x80, 0x80, 0x3e, 0xdf, 0xd8, 0x0, 0xfd, 0xbf,
    0xe7, 0x0,

    /* U+4E66 "书" */
    0x0, 0xe2, 0xe0, 0x9, 0x0, 0x3f, 0xf8, 0x3d,
    0x82, 0x1, 0x8, 0xfe, 0xb4, 0xf1, 0x3, 0xee,
    0xb0, 0x3b, 0xb5, 0x50, 0x40, 0xff, 0xed, 0x1f,
    0xf8, 0x41, 0x0, 0x3f, 0xf8, 0x63, 0x55, 0xa4,
    0x6a, 0xa1, 0x9b, 0x21, 0xff, 0xd8, 0x1f, 0xf5,
    0x72, 0x0, 0x15, 0x78, 0x55, 0x78, 0xc, 0x3,
    0xfe, 0x10, 0x10, 0xf, 0xe1, 0x7, 0x30, 0xf,
    0xf7, 0xf5, 0xc0, 0x7, 0xfb, 0xb9, 0xa8, 0x0,

    /* U+4E86 "了" */
    0x6e, 0xef, 0xef, 0x67, 0xcc, 0xfb, 0x4c, 0xce,
    0x24, 0x5e, 0xe, 0x7c, 0x10, 0xf, 0x3e, 0x5d,
    0x0, 0x7c, 0x93, 0x8c, 0x1, 0xfc, 0x64, 0x1,
    0xff, 0xed, 0x10, 0xf, 0xef, 0xf5, 0x28, 0x7,
    0xef, 0xfa, 0x0, 0x38,

    /* U+4E88 "予" */
    0x0, 0xff, 0xe2, 0x6f, 0xff, 0xea, 0x0, 0xdb,
    0xff, 0xdc, 0x87, 0x60, 0x1e, 0x8d, 0x64, 0xc2,
    0xc1, 0x0, 0xf4, 0x76, 0x5b, 0x40, 0x7, 0x44,
    0x6b, 0x25, 0x4c, 0x88, 0x88, 0x3f, 0xf8, 0x52,
    0x2b, 0xc9, 0xc0, 0xe, 0xfd, 0x46, 0xee, 0x67,
    0xa2, 0x0, 0xff, 0x5a, 0x28, 0x7, 0xfd, 0x52,
    0x1, 0xff, 0xd6, 0x9f, 0xc4, 0x0, 0xff, 0x4f,
    0xfa, 0x40, 0x3c,

    /* U+4E89 "争" */
    0x0, 0xd3, 0x0, 0x1f, 0xf2, 0x32, 0xee, 0xd4,
    0x1, 0xe3, 0xab, 0xcc, 0x78, 0x68, 0x7, 0x2e,
    0x43, 0x19, 0xad, 0x94, 0x80, 0x36, 0x25, 0xff,
    0xb5, 0x1b, 0xf5, 0x40, 0x29, 0xbd, 0xd8, 0xbb,
    0x74, 0x80, 0x14, 0x6e, 0xf1, 0x6e, 0xc9, 0x7a,
    0x53, 0x99, 0xc5, 0x79, 0x83, 0x8c, 0x21, 0x1f,
    0x3, 0x8, 0x9c, 0xc4, 0x0, 0x7f, 0xf8, 0xb3,
    0xfc, 0x82, 0x1, 0x1f, 0xfe, 0x2c, 0xff, 0x90,
    0x3, 0xff, 0x8e, 0x5f, 0xe0, 0x20, 0xf, 0xe2,
    0xff, 0x68, 0x80, 0x78,

    /* U+4E8B "事" */
    0x0, 0xf7, 0x10, 0x7, 0x97, 0x33, 0x87, 0xf3,
    0x34, 0x82, 0x77, 0x70, 0x4f, 0x76, 0x80, 0x12,
    0xee, 0xc1, 0x1d, 0xcc, 0x11, 0x0, 0x43, 0xf9,
    0x81, 0xec, 0xc1, 0xb8, 0x6, 0x48, 0xbb, 0xf,
    0x5d, 0x99, 0x80, 0x11, 0x7e, 0xec, 0x17, 0xbb,
    0x0, 0x63, 0x22, 0xc0, 0x24, 0x4d, 0x50, 0x4,
    0x64, 0xce, 0xb, 0x99, 0x24, 0xe8, 0x46, 0xef,
    0xf, 0xee, 0x9a, 0x74, 0x0, 0xdb, 0xb8, 0x7f,
    0x74, 0xe0, 0x19, 0xb7, 0x70, 0xfe, 0xea, 0xcc,
    0x3, 0xd7, 0xa6, 0x40, 0x5, 0x40, 0xf, 0x5e,
    0xe8, 0x3, 0xe0,

    /* U+4E8C "二" */
    0x0, 0x7f, 0xff, 0x80, 0x36, 0x67, 0xf8, 0x3,
    0x19, 0xff, 0x80, 0x3f, 0xff, 0xa6, 0x7f, 0xfc,
    0x0, 0x3c, 0xcf, 0xfe, 0x1, 0x80,

    /* U+4E8E "于" */
    0x0, 0x7f, 0xff, 0x9c, 0x2, 0xee, 0xd6, 0x3d,
    0xd9, 0xc0, 0x21, 0x1c, 0xe0, 0x23, 0x80, 0x3f,
    0xf8, 0xa2, 0x3c, 0xe0, 0x23, 0xc0, 0xe, 0xee,
    0xb1, 0xee, 0xe7, 0xf, 0xfe, 0xc1, 0xff, 0xe7,
    0x0, 0xff, 0xf2, 0x38, 0x7, 0xfd, 0xdf, 0x6c,
    0x1, 0xfe, 0xef, 0xf4, 0x0, 0x78,

    /* U+4E91 "云" */
    0x0, 0x4e, 0xef, 0xea, 0x0, 0xd7, 0xdd, 0xfa,
    0x0, 0x31, 0x19, 0xfe, 0x20, 0xf, 0xfe, 0x21,
    0xf7, 0x7f, 0xf0, 0xc, 0xd9, 0x95, 0xb, 0x66,
    0x78, 0xc0, 0x8a, 0xd2, 0x82, 0x22, 0x11, 0x40,
    0x18, 0xdb, 0x80, 0x2b, 0x70, 0xf, 0x73, 0x18,
    0x5, 0xd0, 0x40, 0x1a, 0x46, 0x8, 0xd5, 0x90,
    0xb8, 0x2, 0x46, 0x3e, 0xce, 0x9c, 0xe5, 0x17,
    0x0, 0x25, 0xef, 0xf6, 0xe5, 0x4c, 0x4f, 0x80,

    /* U+4E92 "互" */
    0xa, 0xff, 0xff, 0x84, 0x2b, 0xfc, 0x57, 0xff,
    0xf0, 0x80, 0x62, 0x50, 0xf, 0xf8, 0xc3, 0xfb,
    0xb6, 0x80, 0x79, 0x53, 0xff, 0x58, 0x7, 0xde,
    0x62, 0x38, 0xd8, 0x3, 0xc9, 0x80, 0x1b, 0x88,
    0x3, 0xc5, 0x5d, 0xd9, 0xf8, 0x3, 0xdb, 0xff,
    0xc4, 0x40, 0xf, 0x10, 0x8f, 0x1b, 0x80, 0x63,
    0x3f, 0x90, 0x44, 0x66, 0x11, 0x77, 0x7d, 0x25,
    0xdd, 0x38,

    /* U+4E9B "些" */
    0x0, 0x93, 0x0, 0x9, 0x60, 0x1f, 0xfc, 0x87,
    0x70, 0x0, 0x88, 0x0, 0x17, 0xe5, 0x0, 0xe3,
    0xfe, 0x4, 0xcf, 0xc5, 0x0, 0xe3, 0xdc, 0x3,
    0xd8, 0x22, 0x0, 0x7c, 0x40, 0xe0, 0x14, 0xa1,
    0x65, 0x41, 0xff, 0x99, 0x3b, 0xa5, 0x50, 0x95,
    0xc7, 0x7e, 0x97, 0xe6, 0x5c, 0x27, 0x2e, 0xa0,
    0x23, 0x8c, 0xe0, 0xd, 0x1f, 0xff, 0xb4, 0x3,
    0x4f, 0x77, 0xec, 0x0, 0xff, 0xe2, 0x1f, 0xff,
    0xff, 0x0, 0xc0,

    /* U+4EA4 "交" */
    0x0, 0xff, 0xe4, 0x69, 0x80, 0x7f, 0xf0, 0x2a,
    0x40, 0x3e, 0xff, 0xe8, 0x5f, 0xfe, 0x0, 0x77,
    0x53, 0xbd, 0xd4, 0xf7, 0x40, 0x1, 0x13, 0x59,
    0x88, 0x83, 0x74, 0x2, 0x1, 0x55, 0x30, 0x40,
    0x3, 0x69, 0xe4, 0x0, 0xa0, 0xdd, 0x10, 0x0,
    0xba, 0x21, 0xe0, 0xa, 0xa0, 0x54, 0x80, 0x25,
    0x81, 0xb4, 0x3, 0x98, 0x21, 0x99, 0x0, 0x1f,
    0xd4, 0xd3, 0xe0, 0x1f, 0xc7, 0xa4, 0x7c, 0x80,
    0x1c, 0x4d, 0x9b, 0x59, 0x8a, 0xa6, 0xc2, 0x0,
    0xfe, 0x4f, 0x30, 0x1, 0xba, 0x46, 0x4,

    /* U+4EA7 "产" */
    0x0, 0xf3, 0xa0, 0x7, 0xfc, 0x54, 0x20, 0x1c,
    0x7f, 0xfa, 0x87, 0xbf, 0xec, 0x3, 0xfe, 0x4f,
    0xfd, 0x6f, 0xf8, 0x1, 0x8, 0xa0, 0x2, 0x8e,
    0x0, 0x85, 0x11, 0x84, 0x88, 0x62, 0x22, 0x20,
    0x16, 0xe2, 0x9a, 0x21, 0x45, 0x11, 0x0, 0xb,
    0x33, 0xfc, 0x1, 0xff, 0xc2, 0x11, 0x0, 0x7f,
    0xda, 0xa0, 0x1f, 0xf2, 0x78, 0x7, 0xf8, 0x4d,
    0xc0, 0x3f, 0xc3, 0xa2, 0x1, 0xfe,

    /* U+4EAB "享" */
    0x0, 0xf5, 0x28, 0x7, 0x86, 0x67, 0x9e, 0x26,
    0x78, 0x7, 0x33, 0xa2, 0x19, 0x9c, 0x0, 0x51,
    0x99, 0xfc, 0xa, 0x1, 0xb, 0xe6, 0x79, 0x8c,
    0x3, 0x96, 0xef, 0xc8, 0x1, 0xcb, 0xf5, 0x5e,
    0xf6, 0x0, 0xd9, 0x9e, 0xfe, 0xe4, 0x0, 0x6c,
    0xdd, 0xac, 0x56, 0x36, 0x0, 0x5, 0x77, 0xd0,
    0x41, 0x93, 0x76, 0x32, 0x88, 0xe4, 0x44, 0x47,
    0x18, 0x19, 0xf8, 0x8c, 0xf8, 0x3, 0xaf, 0x5f,
    0x40, 0x3c,

    /* U+4EAE "亮" */
    0x0, 0xf4, 0x28, 0x7, 0x85, 0xdf, 0x8a, 0xdd,
    0xf8, 0x3, 0xed, 0x90, 0xf, 0xb, 0xad, 0xdf,
    0xe4, 0x70, 0x8, 0x4b, 0x33, 0xc2, 0xe0, 0x18,
    0x45, 0x99, 0xe3, 0x0, 0xe2, 0xfc, 0xcf, 0x72,
    0x0, 0x5d, 0xbb, 0xfe, 0xe0, 0xb, 0x37, 0xff,
    0x77, 0xef, 0x80, 0x54, 0x21, 0xdd, 0xd2, 0x5,
    0x40, 0x4, 0x0, 0x1e, 0xe6, 0x2c, 0x2, 0x60,
    0x8, 0x6d, 0x44, 0x3, 0xd8, 0x0, 0xbf, 0x3a,
    0x0, 0x95, 0x5d, 0xc5, 0x0, 0x57, 0x40, 0x6,
    0x3e, 0xea, 0xc0,

    /* U+4EBA "人" */
    0x0, 0xf5, 0xb8, 0x7, 0xff, 0x1, 0xc4, 0x3,
    0xff, 0x80, 0x22, 0x0, 0xff, 0xe0, 0x17, 0x0,
    0x7f, 0xc4, 0x8, 0x1, 0xff, 0x21, 0x98, 0x40,
    0x3f, 0xd5, 0x6e, 0xc0, 0x1f, 0xc4, 0x6d, 0x52,
    0x1, 0xfd, 0x2c, 0x26, 0xb0, 0x1, 0xf3, 0xac,
    0x0, 0x25, 0xd0, 0x3, 0x9a, 0x34, 0x40, 0x5,
    0x56, 0xa0, 0x1, 0xa9, 0xb3, 0x0, 0xcb, 0x54,
    0x91, 0x3, 0xe4, 0x0, 0xf2, 0xe8, 0x88,

    /* U+4EC0 "什" */
    0x0, 0xff, 0xe3, 0x69, 0x80, 0xb, 0x80, 0x3e,
    0x40, 0x30, 0xf, 0xfa, 0x60, 0x3, 0xfe, 0x62,
    0x50, 0xf, 0xf1, 0x48, 0x80, 0x7f, 0x87, 0xd4,
    0x7, 0xfe, 0xd1, 0xff, 0xa8, 0x52, 0x0, 0x7b,
    0xab, 0xe, 0xea, 0xc2, 0x40, 0x21, 0x19, 0x84,
    0x78, 0x3, 0xff, 0xf8, 0x5c, 0x1, 0x8b, 0x80,
    0x30,

    /* U+4EC5 "仅" */
    0x0, 0xc8, 0x20, 0x1f, 0xf0, 0xd9, 0x80, 0x7f,
    0xd0, 0xd7, 0xff, 0xee, 0x0, 0x8d, 0xa2, 0x47,
    0xff, 0x5a, 0x80, 0x7, 0x88, 0x41, 0x50, 0x2,
    0xdc, 0x0, 0x68, 0x6, 0xde, 0x0, 0x9d, 0x40,
    0x83, 0x80, 0x26, 0x41, 0x6, 0x52, 0x2, 0xc1,
    0x0, 0xcd, 0x3, 0x10, 0x0, 0xfe, 0x97, 0xd4,
    0x30, 0xf, 0xe1, 0x43, 0x80, 0xf, 0xf4, 0xbb,
    0xbc, 0x80, 0x3e, 0x4d, 0x3c, 0x8b, 0xc7, 0x10,
    0xc, 0x93, 0x14, 0x20, 0xd9, 0xac, 0x0, 0x2d,
    0x4d, 0x50, 0xc, 0x54, 0xe0,

    /* U+4ECA "今" */
    0x0, 0xf3, 0x48, 0x7, 0xfc, 0x92, 0xe8, 0x1,
    0xfc, 0x97, 0x5b, 0x4a, 0x1, 0xf3, 0xdd, 0x29,
    0xed, 0xc8, 0x6, 0x3c, 0xad, 0x6d, 0x33, 0x79,
    0x6a, 0x81, 0xe2, 0x69, 0x1c, 0xea, 0x8d, 0xdc,
    0x66, 0xf8, 0x0, 0x93, 0x4c, 0x0, 0xdc, 0x60,
    0xb, 0xff, 0xd9, 0x3f, 0xeb, 0x0, 0xd5, 0xdd,
    0xea, 0x8, 0x0, 0xc2, 0x3e, 0xb, 0x93, 0x0,
    0xff, 0x6b, 0xb0, 0x7, 0xfa, 0x42, 0x40, 0x3f,
    0xc6, 0x9a, 0x1, 0xff, 0x1e, 0x88, 0x7, 0x0,

    /* U+4ECD "仍" */
    0x0, 0xb0, 0x3, 0xff, 0x80, 0x80, 0xff, 0xfe,
    0x20, 0xd, 0xf4, 0xfe, 0x59, 0xfc, 0x4, 0x1,
    0x1a, 0x38, 0x7, 0x29, 0x80, 0x6f, 0x0, 0xc6,
    0x20, 0x68, 0x1, 0x38, 0x8, 0x4, 0x24, 0x18,
    0xff, 0xe1, 0x4e, 0x0, 0x84, 0x2, 0xbf, 0xf0,
    0x9, 0x90, 0x4, 0xa6, 0x1, 0xff, 0xc0, 0x35,
    0x0, 0xc4, 0x20, 0x1e, 0xbd, 0x0, 0xc2, 0x40,
    0x1c, 0x44, 0x40, 0xc, 0xce, 0x1, 0xdd, 0x20,
    0x1d, 0xe6, 0x1, 0x91, 0xdc, 0x0, 0x4f, 0xf3,
    0xc8, 0x5, 0xcb, 0x60, 0x12, 0x7f, 0xb4, 0x40,

    /* U+4ECE "从" */
    0x0, 0xff, 0xe2, 0xae, 0x0, 0x6f, 0x20, 0xf,
    0x1b, 0x80, 0x71, 0x80, 0x78, 0x44, 0x1, 0x10,
    0x8, 0x7, 0xbc, 0xc0, 0x26, 0x10, 0xf, 0x88,
    0xc0, 0x22, 0x20, 0x7, 0xcc, 0xaa, 0x0, 0x79,
    0x0, 0x7c, 0x73, 0x62, 0xa, 0x26, 0x1, 0xc6,
    0x2c, 0xca, 0x13, 0x7a, 0x0, 0xeb, 0x40, 0x87,
    0x93, 0x96, 0x10, 0xc, 0xde, 0x0, 0xc6, 0x91,
    0x6b, 0x0, 0x9c, 0x14, 0x1, 0x26, 0xa1, 0x8,
    0xc0, 0x51, 0x60, 0x6, 0x67, 0x80, 0x6, 0xa4,
    0x89, 0x6a, 0x0, 0x6c, 0x20, 0x9, 0x34, 0x80,

    /* U+4ED3 "仓" */
    0x0, 0xf1, 0xd8, 0x7, 0xfc, 0x3c, 0xa8, 0x1,
    0xfc, 0x3a, 0x9b, 0x48, 0x1, 0xf1, 0xe2, 0xc9,
    0xed, 0x40, 0x7, 0x3e, 0x54, 0x80, 0xf, 0xcf,
    0x54, 0x7, 0xad, 0x23, 0xff, 0x70, 0x5d, 0x94,
    0x77, 0x9, 0xfb, 0xb4, 0x83, 0x72, 0x81, 0x80,
    0x42, 0x38, 0x4, 0x3, 0xfc, 0x21, 0xe4, 0x1,
    0xfe, 0x8d, 0x5a, 0x20, 0xf, 0xe9, 0xdc, 0x2c,
    0x20, 0xc, 0x24, 0x1, 0xc6, 0x24, 0x1, 0xad,
    0xff, 0xfb, 0x20, 0x0,

    /* U+4ED6 "他" */
    0x0, 0xa8, 0xc0, 0x24, 0xb0, 0xf, 0x12, 0x1c,
    0x10, 0x7, 0xf4, 0x48, 0x20, 0x80, 0x64, 0x60,
    0x1, 0xaa, 0x80, 0x39, 0x76, 0xac, 0x1, 0xc0,
    0x1a, 0xee, 0x3e, 0xd1, 0xa, 0x71, 0x69, 0x34,
    0xdb, 0x63, 0x0, 0xba, 0x80, 0x2, 0x5e, 0xc0,
    0x1e, 0x40, 0x3, 0x40, 0x80, 0x73, 0xb8, 0x3,
    0xfe, 0x8a, 0xc0, 0xf, 0xe6, 0x39, 0xc6, 0x0,
    0xfe, 0x28, 0x12, 0x85, 0x0, 0xf3, 0x0, 0x72,
    0x30, 0x7, 0x4d, 0xff, 0xf3, 0x18,

    /* U+4ED8 "付" */
    0x0, 0xff, 0xe3, 0x62, 0x0, 0x62, 0xe0, 0xe,
    0x42, 0x40, 0xf, 0xfa, 0x24, 0x3, 0xfe, 0x63,
    0x7b, 0xee, 0xd8, 0x3d, 0x20, 0x52, 0x21, 0x3b,
    0xba, 0xc3, 0x6c, 0x7d, 0x0, 0x4, 0x26, 0x73,
    0x89, 0x90, 0xac, 0x0, 0x52, 0xe0, 0x1f, 0x40,
    0x80, 0x53, 0x4, 0x1, 0xff, 0x13, 0xc8, 0x7,
    0xff, 0x2, 0x70, 0x3, 0xff, 0x80, 0x2e, 0x1,
    0xff, 0xc3, 0x10, 0xf, 0x18, 0x4, 0x3f, 0xec,
    0x70, 0xc, 0x5a, 0x1, 0xf, 0xfd, 0x20, 0x0,

    /* U+4EE3 "代" */
    0x0, 0xff, 0xe3, 0x61, 0x81, 0xe8, 0x42, 0x80,
    0x72, 0x9, 0x80, 0x80, 0x26, 0x14, 0x3, 0x4c,
    0x0, 0xc, 0xc0, 0x3f, 0xc0, 0x14, 0x12, 0x80,
    0x4, 0x40, 0x17, 0x90, 0x2b, 0x80, 0xb4, 0x50,
    0x77, 0xe4, 0x32, 0x54, 0x1, 0x60, 0x60, 0xdf,
    0xf6, 0x23, 0xca, 0x81, 0xd4, 0x32, 0x98, 0x6,
    0x36, 0x0, 0xf1, 0xf0, 0x7, 0xff, 0x3, 0x50,
    0x3, 0xff, 0x80, 0x86, 0x20, 0x48, 0x1, 0xf8,
    0x56, 0x1, 0xb8, 0x3, 0xfa, 0x19, 0xfb, 0x0,
    0x3f, 0x8b, 0x2d, 0xd8,

    /* U+4EE4 "令" */
    0x0, 0xf0, 0xb0, 0x7, 0xff, 0x3, 0x60, 0x3,
    0xfc, 0x38, 0xad, 0xa4, 0x1, 0xf2, 0xfd, 0xcc,
    0x5e, 0x30, 0x6, 0x2b, 0xb5, 0x2f, 0x1b, 0x6d,
    0xe2, 0x1, 0xe9, 0x72, 0x15, 0x69, 0x9b, 0x52,
    0xd0, 0xfa, 0x44, 0x65, 0xb1, 0x1a, 0x3d, 0x0,
    0x6b, 0xbb, 0x56, 0xf7, 0x28, 0x3, 0x57, 0xff,
    0x98, 0xe8, 0x3, 0xc6, 0xa0, 0x9, 0x5c, 0x0,
    0xfd, 0x17, 0x4b, 0x80, 0x1f, 0x8f, 0x49, 0x68,
    0x3, 0xfe, 0x9a, 0x95, 0x0, 0xff, 0x97, 0x54,
    0x3, 0x0,

    /* U+4EE5 "以" */
    0x0, 0xff, 0xe1, 0x38, 0x80, 0x80, 0x6b, 0x60,
    0xa, 0x48, 0x29, 0xc0, 0x27, 0x20, 0xf, 0x4c,
    0x88, 0x0, 0x4e, 0x1, 0xe2, 0x99, 0x0, 0x4,
    0x80, 0x3e, 0x7f, 0x2, 0x11, 0x0, 0x7e, 0x40,
    0x45, 0x0, 0xff, 0xb3, 0x0, 0x1f, 0x1a, 0x0,
    0xaa, 0x80, 0x39, 0x33, 0x80, 0x10, 0xa, 0x1,
    0x18, 0xcd, 0x6a, 0x33, 0xe4, 0xb0, 0x1, 0x63,
    0x98, 0x22, 0x74, 0xf2, 0x14, 0x19, 0xc0, 0x79,
    0x34, 0xc0, 0xaa, 0xc0, 0x30, 0xee, 0x10, 0x4,
    0x9e, 0x0,

    /* U+4EEA "仪" */
    0x0, 0x9d, 0x0, 0x4, 0x60, 0x1f, 0xc, 0xb5,
    0x80, 0xf0, 0x2, 0x1c, 0x2, 0x94, 0x26, 0x23,
    0x77, 0x2, 0x18, 0x0, 0x9e, 0x41, 0xd0, 0x20,
    0x40, 0xd4, 0x1, 0xc0, 0x41, 0xfa, 0x4, 0xc8,
    0x62, 0x14, 0x1, 0x91, 0x2, 0x0, 0xeb, 0x0,
    0x66, 0x88, 0x0, 0x51, 0x80, 0x55, 0x80, 0xc,
    0x20, 0x1a, 0x24, 0x21, 0x84, 0x3, 0xf1, 0xad,
    0xbc, 0x0, 0x7f, 0xbd, 0x18, 0x40, 0x3f, 0x92,
    0x9d, 0xe0, 0xf, 0x8a, 0xa7, 0x63, 0x26, 0xcc,
    0x3, 0x17, 0xee, 0x8c, 0xf, 0xcf, 0x84, 0x1,
    0xc7, 0xae, 0x1, 0x86, 0x34, 0x40,

    /* U+4EEC "们" */
    0x0, 0x90, 0x4, 0xc0, 0x3f, 0x86, 0xc0, 0x1a,
    0x59, 0xff, 0x80, 0x26, 0x50, 0x1b, 0x9c, 0xff,
    0x80, 0x34, 0xc8, 0x79, 0x68, 0x3, 0xe7, 0x13,
    0x0, 0x84, 0x3, 0xc5, 0x0, 0x1f, 0xfc, 0x1,
    0x80, 0xf, 0xfe, 0x1, 0xb8, 0x7, 0xff, 0xfc,
    0x2, 0xdf, 0x30, 0xb, 0xc0, 0x78, 0x3, 0x6f,
    0xe0, 0x0,

    /* U+4EF6 "件" */
    0x0, 0xff, 0xe2, 0x61, 0x91, 0x3, 0x88, 0x3,
    0x8c, 0x4e, 0xa8, 0x1, 0xfa, 0x68, 0xf, 0x0,
    0x3e, 0x35, 0x50, 0xa5, 0xf8, 0xef, 0xf9, 0x43,
    0x80, 0xc, 0xbd, 0xc0, 0xce, 0xe2, 0xc0, 0x88,
    0x2e, 0x4, 0x7c, 0x19, 0xa0, 0xc, 0x20, 0xf,
    0x90, 0x40, 0x1d, 0xff, 0xe, 0xff, 0xb8, 0x3,
    0x7f, 0x74, 0x19, 0xdc, 0xf0, 0xc, 0x23, 0xfc,
    0x1, 0xff, 0xd0, 0x33, 0x0, 0x7f, 0x0,

    /* U+4EF7 "价" */
    0x0, 0x9d, 0x0, 0x3, 0x82, 0x1, 0xf4, 0xb0,
    0x2, 0xd, 0x40, 0x3c, 0xe8, 0x40, 0x8f, 0x74,
    0x40, 0x18, 0x62, 0x40, 0xea, 0x89, 0x78, 0x40,
    0x15, 0x0, 0xae, 0xda, 0x2, 0xc6, 0x28, 0x33,
    0x5, 0x6e, 0x8c, 0x3, 0x54, 0xa, 0xf0, 0x2f,
    0x2c, 0x80, 0x6, 0x53, 0x44, 0xcc, 0x1, 0xff,
    0xd3, 0x53, 0x0, 0xff, 0xe0, 0x72, 0x0, 0x7f,
    0xc8, 0x89, 0x0, 0xff, 0xc, 0xd0, 0x80, 0x7f,
    0x71, 0xea, 0x0, 0x43, 0xe0, 0x10,

    /* U+4EFB "任" */
    0x0, 0xd4, 0x80, 0x1c, 0x8c, 0x1, 0x8d, 0x5d,
    0x1a, 0x73, 0xe3, 0x84, 0x2, 0xf8, 0xbe, 0xe0,
    0x9f, 0xe4, 0x8, 0x1, 0xcd, 0xe2, 0xa2, 0x84,
    0x3, 0x92, 0x8, 0x3, 0xfc, 0x76, 0xc0, 0x1f,
    0xf1, 0x45, 0x82, 0x7f, 0xda, 0x3f, 0xf6, 0x8b,
    0x80, 0x13, 0xfe, 0xc1, 0xff, 0xb4, 0x3, 0xf0,
    0x80, 0x7f, 0xf6, 0x95, 0xdd, 0x42, 0xef, 0x20,
    0x7, 0x17, 0x70, 0x5b, 0xba, 0x20,

    /* U+4EFD "份" */
    0x0, 0x9c, 0x80, 0x4c, 0xc, 0x80, 0x38, 0x60,
    0xc1, 0xa8, 0x16, 0xc0, 0x39, 0x94, 0x42, 0xa8,
    0x8, 0xe0, 0x18, 0x66, 0x40, 0xa2, 0x60, 0x4a,
    0xe0, 0x15, 0x88, 0xd7, 0x0, 0x14, 0x40, 0xc1,
    0x90, 0x1, 0x8a, 0x8, 0x93, 0xb6, 0x89, 0x68,
    0x85, 0x9f, 0xdf, 0xfa, 0x4e, 0x85, 0xc, 0x0,
    0xd1, 0x61, 0x77, 0x1a, 0x0, 0x7c, 0x66, 0x0,
    0x8, 0x80, 0x3f, 0x5d, 0x80, 0x1d, 0xe0, 0x1f,
    0xb, 0x30, 0x0, 0x42, 0x1, 0xe1, 0xd8, 0x10,
    0x2, 0xa8, 0x3, 0xd1, 0x6c, 0x19, 0xe4, 0x60,
    0x1b, 0x8a, 0x5c, 0x1, 0x9f, 0x80, 0x10,

    /* U+4F11 "休" */
    0x0, 0xff, 0xe2, 0x8f, 0x0, 0x58, 0x80, 0x1f,
    0x32, 0x0, 0x7f, 0xf0, 0x26, 0x40, 0x1f, 0xf4,
    0x19, 0x84, 0x60, 0x11, 0xc0, 0x3, 0x70, 0xae,
    0xe8, 0xeb, 0xba, 0x52, 0xd5, 0xa, 0xff, 0x38,
    0x3, 0x7f, 0xca, 0x9, 0x20, 0x19, 0x89, 0x60,
    0x2, 0x2a, 0x0, 0xd0, 0xc3, 0xce, 0x60, 0x1f,
    0x1a, 0xc0, 0x2, 0x38, 0x3, 0xc3, 0xd2, 0x1,
    0x2b, 0xd8, 0x7, 0x6d, 0xa0, 0x6, 0xa7, 0x60,
    0xd, 0xac, 0x1, 0xec, 0x60, 0x8, 0x44, 0x1,
    0xfc,

    /* U+4F18 "优" */
    0x0, 0xff, 0xe2, 0xcb, 0x0, 0x38, 0x49, 0xc0,
    0x3c, 0xce, 0x0, 0x10, 0x2a, 0x50, 0xc, 0xe8,
    0x20, 0x1d, 0xf6, 0x20, 0x1, 0x9f, 0x33, 0x81,
    0x4c, 0x6c, 0x80, 0x10, 0x2f, 0xff, 0x4, 0x7f,
    0xa7, 0xc5, 0x18, 0xb, 0x31, 0xc3, 0x99, 0xc2,
    0x52, 0x20, 0x13, 0x12, 0x58, 0x6, 0x66, 0x0,
    0x6c, 0x50, 0xf, 0xfe, 0x2, 0x68, 0x7, 0xfc,
    0x46, 0x80, 0x1f, 0xf4, 0xb8, 0x7, 0x58, 0x80,
    0x68, 0x68, 0x0, 0x38, 0x1, 0x44, 0x2, 0x24,
    0xf0, 0x3, 0x17, 0xf9, 0x0,

    /* U+4F1A "会" */
    0x0, 0xf9, 0x40, 0x3f, 0xf8, 0x17, 0x60, 0xf,
    0xfa, 0xc1, 0xb0, 0x40, 0x3e, 0x3d, 0x2b, 0x8a,
    0xf5, 0x0, 0xc5, 0x58, 0xb4, 0x66, 0x58, 0x86,
    0x28, 0xf, 0x95, 0xa7, 0xfe, 0xa8, 0x99, 0x18,
    0xec, 0x26, 0x67, 0x95, 0x58, 0x61, 0x5f, 0xff,
    0xed, 0x0, 0x57, 0x73, 0x42, 0x3b, 0x97, 0xdc,
    0xc0, 0x8, 0x45, 0xcc, 0xe2, 0x12, 0xc2, 0x20,
    0xd, 0x6d, 0x20, 0x14, 0xc2, 0x80, 0x6c, 0x46,
    0xde, 0xff, 0x49, 0xd1, 0x80, 0x55, 0x31, 0xff,
    0x76, 0xe4, 0xb0, 0x0,

    /* U+4F20 "传" */
    0x0, 0x90, 0xc0, 0x2, 0xe0, 0x1f, 0xa9, 0xc0,
    0x9, 0x60, 0x1f, 0x31, 0x3f, 0xfa, 0x8f, 0xfe,
    0x80, 0x0, 0xc4, 0xf, 0xfc, 0x59, 0xff, 0x40,
    0x2, 0x85, 0x51, 0xa, 0x4e, 0x89, 0x82, 0x58,
    0xf, 0xfd, 0x63, 0xff, 0xc5, 0xf8, 0x27, 0x76,
    0x2b, 0xbf, 0x13, 0x8, 0x4, 0x27, 0x5f, 0xf8,
    0xc0, 0x3c, 0x3f, 0xf7, 0x23, 0x18, 0x7, 0xe4,
    0x8, 0x19, 0x0, 0xfc, 0x51, 0xab, 0x40, 0x1f,
    0xc5, 0x8a, 0x46, 0x1, 0xff, 0x44, 0x28, 0x3,
    0xb8, 0x40, 0x39, 0xa4, 0x2,

    /* U+4F2A "伪" */
    0x0, 0xff, 0xe2, 0x52, 0x80, 0x13, 0x0, 0x3c,
    0x2a, 0xdc, 0x40, 0x1f, 0xa1, 0x8d, 0xa4, 0x5c,
    0x3, 0x89, 0xa8, 0x6b, 0xc8, 0x4, 0x60, 0x7,
    0x0, 0xe6, 0xdc, 0x27, 0x75, 0x32, 0x1, 0xd,
    0xff, 0x2c, 0xff, 0xa0, 0x3f, 0x8c, 0x3, 0x39,
    0x8, 0x78, 0xb1, 0x0, 0x62, 0x20, 0xe0, 0xf,
    0x80, 0x7a, 0x99, 0x5e, 0xc, 0x40, 0x38, 0x5e,
    0x82, 0xec, 0x26, 0x1, 0xd4, 0xa6, 0x2, 0x6c,
    0x20, 0x1a, 0x9a, 0xc0, 0x21, 0x25, 0x0, 0x90,
    0x70, 0x40, 0xbf, 0x94, 0x40, 0x1a, 0xd6, 0x20,
    0x2, 0xff, 0x50, 0x0,

    /* U+4F30 "估" */
    0x0, 0xa8, 0xc0, 0x2e, 0x20, 0xf, 0x12, 0x18,
    0x7, 0xfd, 0x6c, 0x1, 0xff, 0x13, 0x55, 0xf7,
    0x43, 0x9d, 0xd1, 0x7, 0x1, 0xd7, 0xfc, 0x15,
    0xff, 0x14, 0x80, 0x80, 0x8f, 0x30, 0x8c, 0x1f,
    0xa0, 0x1f, 0xfc, 0x6, 0x10, 0xb, 0x32, 0x1f,
    0xcc, 0x28, 0x7, 0x8f, 0xfd, 0x9d, 0xee, 0x40,
    0x1f, 0x19, 0xf0, 0x80, 0x7f, 0xf2, 0x91, 0x38,
    0x40, 0x3f, 0x7f, 0xf2, 0x88, 0x5, 0xc2, 0x1f,
    0x77, 0xdc, 0xc0,

    /* U+4F34 "伴" */
    0x0, 0xff, 0xe2, 0xcb, 0x90, 0x3, 0xc4, 0xc,
    0x40, 0x21, 0x74, 0xc1, 0x0, 0xdc, 0x80, 0x14,
    0xb9, 0xa3, 0x0, 0x46, 0x65, 0x0, 0x13, 0xd0,
    0x75, 0x80, 0x53, 0x0, 0x17, 0x0, 0x4b, 0x2,
    0x7, 0xce, 0x0, 0xa0, 0x20, 0x6e, 0xbe, 0xd,
    0xbe, 0xa0, 0xdd, 0x8, 0x37, 0xfc, 0x1d, 0xfe,
    0xa0, 0x71, 0x0, 0xff, 0xe1, 0xbf, 0xfe, 0xe,
    0xff, 0x8c, 0x2, 0x7f, 0xfc, 0x1d, 0xff, 0x18,
    0x7, 0xff, 0x78,

    /* U+4F3C "似" */
    0x0, 0x88, 0x3, 0xff, 0x80, 0x38, 0xe, 0x1,
    0xde, 0x20, 0x14, 0xb8, 0x40, 0xf0, 0x80, 0x42,
    0x1, 0x35, 0x0, 0x5, 0xa4, 0x3, 0xd0, 0x24,
    0x1, 0x53, 0x1, 0x10, 0x0, 0x6c, 0x1, 0xc4,
    0xaa, 0x61, 0x0, 0x55, 0x88, 0x7, 0x4a, 0x12,
    0x80, 0x25, 0x40, 0x3c, 0x43, 0x82, 0x1, 0xfc,
    0x50, 0xa, 0xc0, 0x1f, 0xa3, 0xf1, 0x8d, 0x58,
    0x3, 0x8c, 0xb, 0x16, 0x21, 0xf6, 0x1, 0xc5,
    0x34, 0x1a, 0xe8, 0x80, 0x40, 0xc, 0x2c, 0xa,
    0xa9, 0x0, 0x4a, 0x80,

    /* U+4F3D "伽" */
    0x0, 0xff, 0xe2, 0x68, 0x52, 0x0, 0x7e, 0x57,
    0x0, 0xe4, 0x55, 0x80, 0x1d, 0xc0, 0xe, 0xae,
    0xe5, 0x1, 0xa3, 0x7a, 0xdf, 0xb8, 0x5d, 0x80,
    0x10, 0x7, 0xe9, 0x90, 0x1, 0xca, 0xe2, 0x0,
    0x71, 0x0, 0xf3, 0x70, 0x4, 0x27, 0xe2, 0x1,
    0x8c, 0x80, 0x23, 0x10, 0xf, 0xf0, 0x98, 0x9,
    0x80, 0x7e, 0x57, 0x3, 0x10, 0xf, 0xdb, 0x80,
    0x2e, 0x17, 0x60, 0xc, 0x4e, 0xe0, 0x52, 0x8,
    0x80, 0x6, 0x59, 0x7f, 0x51, 0x3, 0x35, 0x0,
    0x39, 0x9d, 0xbe, 0xc3, 0x80, 0xa,

    /* U+4F46 "但" */
    0x0, 0x9d, 0x80, 0x3f, 0xf8, 0x12, 0xb7, 0xff,
    0xe1, 0x0, 0x98, 0x8c, 0x27, 0xfe, 0xe0, 0xc,
    0x31, 0x20, 0x3, 0x0, 0x84, 0x3, 0x58, 0xb0,
    0x7, 0xf9, 0xd0, 0x40, 0x2a, 0xff, 0xc0, 0x1b,
    0x4c, 0x2, 0xaf, 0xfc, 0x1, 0x39, 0x80, 0x7f,
    0xf1, 0x8c, 0x2, 0x10, 0xf, 0xe9, 0xff, 0xb8,
    0x3, 0xf5, 0xff, 0xf8, 0x40, 0x38, 0xcf, 0xf8,
    0x40, 0x34, 0x7f, 0xfe, 0x20,

    /* U+4F4D "位" */
    0x0, 0xcc, 0x1, 0x31, 0x80, 0x7c, 0x70, 0x1,
    0xc, 0x80, 0x7d, 0x10, 0x1, 0x11, 0x98, 0x46,
    0x0, 0x91, 0x5a, 0x7b, 0x96, 0xdd, 0xd0, 0x0,
    0x68, 0x82, 0x7f, 0xfb, 0x3c, 0x1, 0x46, 0x1,
    0x4b, 0x0, 0x58, 0x1, 0xa0, 0x2, 0xfc, 0x0,
    0x19, 0x0, 0x56, 0x20, 0x12, 0xb8, 0x1, 0x5c,
    0x3, 0xf1, 0x10, 0x1, 0xda, 0x1, 0xf8, 0x44,
    0x40, 0x88, 0x0, 0xfe, 0x21, 0x3, 0x30, 0x7,
    0xc8, 0x88, 0x76, 0x24, 0x41, 0x0, 0x62, 0x88,
    0xd4, 0x31, 0x5,

    /* U+4F4E "低" */
    0x0, 0x90, 0x40, 0x38, 0x94, 0x3, 0xa8, 0x85,
    0x1e, 0xbb, 0x3c, 0x80, 0x25, 0x23, 0xee, 0x7,
    0x8f, 0x51, 0x0, 0x57, 0x0, 0xa, 0x75, 0x0,
    0xf4, 0xb, 0x0, 0x7f, 0x91, 0xc4, 0x2, 0x22,
    0x85, 0x8, 0x81, 0xf4, 0x60, 0x17, 0xfc, 0x35,
    0xfe, 0xb, 0x50, 0xd, 0xbb, 0x2d, 0xee, 0x80,
    0x3f, 0xc5, 0xa0, 0x1f, 0xfc, 0xc, 0x30, 0xf,
    0xfb, 0x15, 0x2, 0x8, 0x3, 0xcd, 0x28, 0xeb,
    0x28, 0x60, 0x19, 0x4b, 0xaa, 0x72, 0x11, 0x84,
    0x1, 0xa4, 0xbb, 0x6, 0x34, 0x5b, 0x40,

    /* U+4F4F "住" */
    0x0, 0xd0, 0x40, 0x8, 0x30, 0xf, 0x8d, 0xc8,
    0x1, 0xbe, 0x1, 0xf4, 0x38, 0x4, 0xac, 0x20,
    0x1c, 0xaa, 0x8d, 0xff, 0x97, 0xbf, 0xd4, 0x5,
    0x44, 0x1b, 0xfe, 0xd1, 0xff, 0xa8, 0x7c, 0x80,
    0x3f, 0xe1, 0x49, 0x0, 0xff, 0xe0, 0x48, 0x4,
    0xbf, 0xed, 0x1f, 0xf9, 0x0, 0x39, 0x7f, 0xda,
    0x3f, 0xf2, 0x0, 0x7f, 0xf5, 0x6, 0x66, 0x81,
    0x99, 0xa0, 0x3, 0xbf, 0xec, 0x9f, 0xfb, 0x40,

    /* U+4F53 "体" */
    0x0, 0xac, 0x80, 0x2f, 0x0, 0xf8, 0x94, 0x80,
    0x3f, 0xeb, 0x60, 0xf, 0xf8, 0x9a, 0xbf, 0xf0,
    0x7f, 0xe3, 0x9, 0x3, 0xee, 0x88, 0xb, 0xba,
    0x36, 0x50, 0x0, 0x88, 0x98, 0x19, 0x44, 0x40,
    0xa, 0x10, 0xa, 0x3c, 0x3f, 0xc0, 0x13, 0x20,
    0x4, 0x8e, 0x80, 0x8e, 0x80, 0x1e, 0x1a, 0xf0,
    0xb, 0xe8, 0x3, 0xd4, 0x80, 0x80, 0x60, 0x96,
    0x1, 0x90, 0x3a, 0x3c, 0x22, 0x12, 0x4, 0x1,
    0x25, 0xa5, 0xd8, 0x2e, 0xc7, 0x64, 0x1, 0xff,
    0xc2,

    /* U+4F55 "何" */
    0x0, 0x98, 0xc0, 0x3f, 0xf8, 0x10, 0xcd, 0xfc,
    0x20, 0x7, 0x41, 0xcc, 0xf4, 0xe8, 0x0, 0x67,
    0x92, 0xab, 0xc3, 0x22, 0x16, 0x2e, 0x6, 0x78,
    0x3, 0x99, 0x8, 0x1, 0x91, 0xc, 0x20, 0xc,
    0x5a, 0x20, 0x15, 0xd8, 0x80, 0x39, 0xc, 0x3,
    0xff, 0x8d, 0x76, 0x20, 0xf, 0xfa, 0x21, 0x84,
    0x1, 0xfd, 0xa6, 0x70, 0x7, 0xf8, 0x80, 0x38,
    0x40, 0x3f, 0xd5, 0xfe, 0x32, 0x0, 0xb0, 0xc0,
    0x35, 0x7f, 0xb0, 0x0,

    /* U+4F59 "余" */
    0x0, 0xf1, 0x48, 0x7, 0xfc, 0x3e, 0x8c, 0x1,
    0xfc, 0x79, 0x19, 0x50, 0x1, 0xf4, 0x77, 0x14,
    0x70, 0xb5, 0x0, 0x26, 0xe4, 0xa5, 0x66, 0xb1,
    0xe7, 0x10, 0x77, 0x5f, 0xee, 0xc8, 0xee, 0x6e,
    0xa8, 0x45, 0x66, 0x68, 0x87, 0x1c, 0x41, 0xc1,
    0x94, 0x1b, 0xff, 0x59, 0x7f, 0xf0, 0x1, 0xbf,
    0xf5, 0x97, 0xfb, 0xbf, 0xc0, 0x19, 0xac, 0x3,
    0x36, 0x88, 0x6, 0x68, 0x90, 0xc, 0xc9, 0x82,
    0x0, 0x88, 0x61, 0x0, 0x74, 0x2e, 0x0, 0x2f,
    0xc8, 0xfe, 0xd4, 0x2, 0x8e, 0x0, 0x18, 0x81,
    0xff, 0xa0, 0x3, 0x18, 0x0,

    /* U+4F5C "作" */
    0x0, 0xce, 0x20, 0x48, 0x1, 0xf8, 0xe4, 0x42,
    0x30, 0x3, 0xf4, 0x48, 0xa, 0xf2, 0xae, 0x40,
    0x2, 0x2b, 0x84, 0x15, 0xc7, 0x76, 0x1, 0xa2,
    0x3, 0x7c, 0x55, 0x5d, 0xd4, 0x14, 0x0, 0x1d,
    0xb1, 0x2, 0x2c, 0x22, 0x7b, 0x0, 0x42, 0x80,
    0x13, 0xba, 0x61, 0xc1, 0x1, 0x60, 0x9, 0xb3,
    0x27, 0x0, 0xfe, 0x11, 0xc0, 0x1f, 0xe6, 0xff,
    0xac, 0x3, 0xf9, 0xfb, 0xab, 0x0, 0xff, 0xe8,
    0x0,

    /* U+4F60 "你" */
    0x0, 0x98, 0xc2, 0x4, 0x3, 0xf0, 0xc1, 0xb,
    0x8, 0x7, 0xe9, 0x71, 0x74, 0x11, 0xf0, 0x0,
    0x9e, 0x82, 0x97, 0xfb, 0x9f, 0xee, 0x20, 0xe0,
    0x24, 0x1f, 0xe2, 0xce, 0xe0, 0x14, 0x80, 0x51,
    0x0, 0xe, 0x23, 0xf, 0xd1, 0xd, 0x4a, 0x0,
    0x96, 0xb0, 0x18, 0x40, 0x2, 0xe0, 0x19, 0x1c,
    0x40, 0x3d, 0xbe, 0x1, 0xa, 0xb0, 0x7, 0x1a,
    0xa8, 0x3, 0x75, 0x0, 0x75, 0x40, 0x7, 0x21,
    0x80, 0x74, 0xb0, 0x8, 0x6, 0xe0, 0xf, 0x8f,
    0x80, 0x80, 0x30,

    /* U+4F7F "使" */
    0x0, 0x9a, 0x40, 0x2e, 0x10, 0xf, 0xaf, 0x0,
    0x31, 0x80, 0x79, 0xc6, 0x7b, 0xa1, 0xde, 0xe8,
    0x80, 0xa2, 0x19, 0xdd, 0xf, 0x76, 0x20, 0xe0,
    0x71, 0xee, 0x87, 0xfb, 0x9a, 0x14, 0x4, 0x1,
    0x77, 0x7, 0xfb, 0xcc, 0x3f, 0x44, 0x3, 0xfe,
    0x51, 0x0, 0x87, 0xb8, 0x3f, 0xde, 0x1, 0xe1,
    0x7e, 0xc1, 0xee, 0xc0, 0x1e, 0xeb, 0xa7, 0x0,
    0xff, 0x31, 0x3f, 0x80, 0x7f, 0xc, 0x3c, 0xee,
    0x9c, 0xc4, 0x3, 0x3e, 0x8f, 0xb5, 0xf8, 0x47,
    0x88,

    /* U+4F8B "例" */
    0x0, 0x15, 0x0, 0x7c, 0x3e, 0x0, 0x52, 0xdf,
    0xfc, 0x1, 0xea, 0xbd, 0x86, 0xff, 0x2c, 0x80,
    0x48, 0x46, 0x1b, 0x80, 0x1f, 0x40, 0x4, 0xb7,
    0xd2, 0x1, 0x94, 0x40, 0x8, 0x7f, 0x20, 0x1c,
    0xfc, 0x0, 0xf9, 0x1e, 0xf0, 0xc, 0x46, 0x8,
    0xc4, 0x28, 0x80, 0xf, 0x93, 0xc7, 0xc0, 0x80,
    0x3f, 0x13, 0x2d, 0x0, 0xf0, 0x7, 0xc6, 0xae,
    0x8, 0xe0, 0x1e, 0x2d, 0xa0, 0xe, 0x10, 0xd,
    0x30, 0x80, 0x17, 0xf3, 0x80, 0x38, 0x2d, 0x80,
    0x37, 0xfa, 0x40,

    /* U+4F9B "供" */
    0x0, 0xff, 0xe2, 0xe9, 0x7, 0x8, 0x3, 0xc4,
    0x3, 0x20, 0x10, 0x7, 0xfd, 0xf6, 0x1, 0xff,
    0x22, 0x1e, 0xbc, 0x7b, 0xfc, 0x1d, 0xe2, 0x2a,
    0x0, 0x57, 0xe, 0xf7, 0x3, 0x78, 0x6d, 0x4,
    0x0, 0x20, 0x62, 0x20, 0x31, 0xe, 0xa0, 0xf,
    0xfe, 0x2, 0x0, 0xe, 0x20, 0x31, 0x10, 0x44,
    0x8, 0x3, 0xce, 0x20, 0x7, 0x10, 0xe, 0x38,
    0x87, 0xd4, 0x43, 0xe2, 0x4, 0x1, 0xcd, 0x44,
    0x0, 0xea, 0x0, 0xf2, 0x47, 0x80, 0x52, 0xce,
    0x1, 0x8f, 0xf4, 0x80, 0x37, 0x58, 0x5, 0xc5,
    0x66, 0x1, 0xc5, 0x80,

    /* U+4F9D "依" */
    0x0, 0x94, 0xc0, 0x4, 0xa0, 0x1f, 0xac, 0x2,
    0x3b, 0x10, 0xf, 0x31, 0x18, 0x0, 0x5d, 0x40,
    0x3d, 0x10, 0xff, 0xcd, 0x7f, 0xf0, 0x2, 0x45,
    0x7f, 0xdc, 0x25, 0xff, 0x81, 0x5c, 0x3, 0x6b,
    0x18, 0x80, 0xc0, 0xd, 0x8, 0xd, 0x84, 0x33,
    0x7, 0x0, 0x8, 0x80, 0x4c, 0x66, 0x5, 0x4e,
    0x44, 0x0, 0x31, 0x5d, 0x80, 0x4, 0xb4, 0xa0,
    0x1c, 0xcc, 0x0, 0xd1, 0x22, 0x1, 0xfe, 0x23,
    0x6d, 0x10, 0xf, 0x73, 0xef, 0x14, 0x36, 0x10,
    0x7, 0x22, 0xfe, 0x10, 0x55, 0x90, 0x3, 0x84,
    0x32, 0x8, 0x3, 0x30, 0x0,

    /* U+4FA3 "侣" */
    0x0, 0x94, 0x3, 0xfe, 0x2b, 0xc, 0xff, 0xee,
    0x0, 0xad, 0x80, 0x19, 0xff, 0x70, 0x4, 0x2d,
    0x40, 0x1f, 0xeb, 0x3, 0x0, 0x31, 0x14, 0xa0,
    0x6, 0x70, 0x9, 0x67, 0xba, 0x85, 0x1, 0xe1,
    0x0, 0x4e, 0x67, 0x58, 0x39, 0x80, 0x17, 0xbb,
    0xe8, 0x0, 0xe5, 0xee, 0xe5, 0x10, 0xe, 0x10,
    0xe, 0x10, 0xf, 0xfe, 0x3a, 0xee, 0xf2, 0x80,
    0x79, 0x33, 0x39, 0x0,

    /* U+4FA7 "侧" */
    0x0, 0xff, 0xe1, 0xa5, 0x0, 0x7e, 0xe0, 0x6,
    0xe6, 0xee, 0xe0, 0x50, 0xc, 0xee, 0xd, 0xed,
    0x0, 0x40, 0x4, 0xa0, 0x20, 0xe, 0x0, 0xfa,
    0x40, 0x3f, 0xe5, 0x0, 0xff, 0xe0, 0x37, 0x80,
    0x7f, 0xc6, 0x60, 0xf, 0xfe, 0x82, 0xb, 0x2,
    0x0, 0x7e, 0x96, 0xc9, 0xa0, 0xd0, 0xf, 0x1d,
    0x3f, 0x48, 0x7, 0xc3, 0xfe, 0x7, 0x0, 0x37,
    0x28, 0x3, 0x87, 0x8, 0x1, 0x20, 0xdd, 0x60,

    /* U+4FBF "便" */
    0x0, 0xa0, 0x40, 0x3f, 0xe2, 0x6a, 0xff, 0xfb,
    0x80, 0x2b, 0x6b, 0xff, 0x87, 0x7f, 0xdc, 0x0,
    0x26, 0xa1, 0xdd, 0x87, 0xf7, 0x56, 0x0, 0xe0,
    0x30, 0x3d, 0xd0, 0xfe, 0xf3, 0x3, 0x90, 0x4,
    0x39, 0x81, 0xfc, 0xe0, 0x2, 0x50, 0x80, 0x7,
    0x30, 0x3f, 0x9c, 0x0, 0x34, 0x0, 0xc2, 0x3c,
    0xe0, 0x1e, 0x15, 0xaa, 0x4, 0x57, 0xa0, 0x7,
    0x31, 0x5f, 0x25, 0xdd, 0x20, 0x1c, 0xc7, 0x71,
    0x0, 0xf, 0xf6, 0x28, 0x7c, 0x21, 0x0, 0x72,
    0xf7, 0xfb, 0x7b, 0xb8, 0x40, 0x1c, 0x9d, 0x22,
    0x4, 0xd5, 0x9c, 0x20,

    /* U+4FC4 "俄" */
    0x0, 0xb4, 0x2, 0x11, 0x69, 0x20, 0x6, 0x51,
    0x5, 0xae, 0x90, 0x4, 0x18, 0x5, 0xc9, 0xde,
    0xbd, 0x2, 0x28, 0x80, 0x0, 0x92, 0xba, 0x80,
    0x40, 0x24, 0x0, 0xa4, 0x0, 0x66, 0x3, 0x30,
    0x29, 0xc0, 0x2a, 0x81, 0xe2, 0x1, 0x10, 0x2b,
    0x88, 0xe, 0x50, 0xa5, 0xd8, 0x2e, 0xcf, 0x73,
    0xa3, 0x28, 0x1, 0xcb, 0x3d, 0xcb, 0x10, 0xc,
    0xb5, 0xa1, 0x98, 0x25, 0x47, 0x0, 0xcf, 0x9e,
    0x12, 0xac, 0x5c, 0x1, 0xc4, 0xc4, 0x0, 0x1e,
    0x2, 0x55, 0x0, 0x7c, 0x7f, 0x6d, 0x1a, 0x1,
    0xd5, 0xe8, 0x7a, 0xd0, 0x8c, 0x80, 0xe, 0x1a,
    0xfb, 0x3, 0x1, 0xde, 0x10,

    /* U+4FDD "保" */
    0x0, 0x90, 0xc0, 0x3f, 0xf8, 0x12, 0x1d, 0xff,
    0xe2, 0x0, 0x98, 0x4c, 0x3b, 0xff, 0x8, 0x4,
    0x31, 0x0, 0xf, 0xfa, 0x85, 0xc0, 0x17, 0x33,
    0x84, 0x1, 0xc, 0x40, 0xb, 0xfc, 0x6e, 0xca,
    0x20, 0xec, 0x10, 0x2, 0xac, 0x2a, 0xb0, 0x1,
    0x84, 0x1, 0xdd, 0x87, 0x7b, 0xa0, 0xe, 0xee,
    0x79, 0x80, 0xe7, 0x70, 0x3, 0xeb, 0x51, 0x8e,
    0x0, 0xfd, 0x61, 0x0, 0x88, 0xc1, 0x0, 0xcd,
    0xa5, 0x40, 0x14, 0x27, 0x90, 0x4, 0xdf, 0x20,
    0x1d, 0x1a, 0x40,

    /* U+4FE1 "信" */
    0x0, 0xa8, 0x80, 0x5, 0x60, 0x1f, 0x12, 0x10,
    0x0, 0x9d, 0x40, 0x3d, 0x13, 0x2a, 0xa8, 0x3e,
    0xaa, 0x0, 0x1a, 0xaa, 0xa6, 0x6f, 0x99, 0xc0,
    0xe, 0x3, 0x32, 0xcc, 0xf8, 0x82, 0x18, 0x80,
    0x9, 0x33, 0xe1, 0xb, 0xa0, 0x9, 0x26, 0x7c,
    0x20, 0x62, 0x1, 0x3c, 0xcf, 0x84, 0x3, 0xc6,
    0x1, 0xff, 0xc1, 0xf8, 0x8e, 0xd5, 0x0, 0xfa,
    0xae, 0xf2, 0x0, 0x7e, 0x31, 0x1e, 0x0, 0xfd,
    0xdb, 0xb9, 0x40, 0x36, 0x8, 0x6e, 0x67, 0x72,
    0x80,

    /* U+4FEE "修" */
    0x0, 0x90, 0x2, 0x24, 0x0, 0xf8, 0xa4, 0x2,
    0x92, 0x0, 0xfa, 0xe8, 0x0, 0xc9, 0x7b, 0xae,
    0xc0, 0x0, 0xb2, 0x82, 0x41, 0x76, 0xe1, 0xf8,
    0x2, 0x0, 0xec, 0xf7, 0xf9, 0xf2, 0xc, 0x11,
    0xc0, 0xa, 0xe6, 0xc3, 0x20, 0x1b, 0x28, 0x40,
    0x13, 0xba, 0xfc, 0x8f, 0xe4, 0x84, 0x0, 0xa7,
    0x62, 0xe5, 0x2b, 0x90, 0x3, 0xcd, 0xba, 0xb9,
    0x70, 0xf, 0xcd, 0xa5, 0x9e, 0xe8, 0x1, 0xc6,
    0x9, 0xa3, 0x8b, 0x7c, 0x1, 0xda, 0x9, 0xc1,
    0x7d, 0xf4, 0x1, 0xe1, 0xd9, 0x19, 0xc4, 0x0,
    0x0,

    /* U+500D "倍" */
    0x0, 0x90, 0x80, 0x28, 0x10, 0xf, 0xa4, 0x40,
    0x22, 0x70, 0xf, 0x28, 0x87, 0xfc, 0xb3, 0xfe,
    0xc0, 0xa, 0x20, 0x7e, 0x9f, 0xf5, 0xb6, 0x0,
    0x20, 0x94, 0x0, 0x2a, 0x0, 0xef, 0x0, 0x23,
    0x0, 0x6e, 0x30, 0x14, 0x60, 0x1, 0xd8, 0x86,
    0xfd, 0xcf, 0xf0, 0xff, 0x89, 0xd4, 0x1, 0xbf,
    0xff, 0x88, 0x3, 0x9f, 0xff, 0xc6, 0x1, 0xf3,
    0xff, 0xe2, 0x0, 0xff, 0xe5, 0x12, 0x26, 0x30,
    0xf, 0xcf, 0xff, 0x84, 0x3, 0x70, 0x83, 0xed,
    0xde, 0xf3, 0x0,

    /* U+5012 "倒" */
    0x0, 0x8c, 0x3, 0xfe, 0x3f, 0x88, 0xe2, 0x41,
    0xe0, 0x5, 0x5e, 0xa0, 0xee, 0x86, 0x0, 0x21,
    0x67, 0x42, 0x9c, 0x61, 0x0, 0xd0, 0x0, 0xb7,
    0x63, 0xe1, 0x0, 0x91, 0xc0, 0xc, 0x21, 0xc8,
    0x80, 0xb, 0x28, 0x1, 0x95, 0x69, 0x2a, 0x1,
    0x42, 0x0, 0x15, 0x46, 0xaa, 0x10, 0xf, 0xf,
    0xe0, 0xff, 0x80, 0x3e, 0x1a, 0x92, 0xaa, 0xb,
    0x0, 0x7c, 0xc7, 0x16, 0x34, 0x1, 0xcb, 0xd0,
    0xdb, 0x46, 0x1, 0xe5, 0xec, 0x85, 0x12, 0xef,
    0x70, 0x7, 0x80, 0x78, 0xbb, 0x92,

    /* U+5019 "候" */
    0x0, 0x98, 0x3, 0xff, 0x80, 0x56, 0x0, 0x8e,
    0xed, 0xe0, 0x1a, 0xa8, 0x0, 0x8e, 0xeb, 0x4,
    0x2, 0x17, 0x5e, 0x4b, 0xbd, 0xc1, 0x66, 0x12,
    0x4, 0xb, 0xe1, 0xdf, 0x15, 0xe4, 0x46, 0x0,
    0x85, 0x91, 0x9d, 0xe6, 0x16, 0x80, 0xd, 0x7,
    0x39, 0x32, 0xb0, 0x46, 0x0, 0x8d, 0xf2, 0x82,
    0xa9, 0x20, 0x1f, 0x24, 0xc8, 0x26, 0x63, 0x0,
    0xe2, 0xdd, 0x70, 0xe, 0xe8, 0x80, 0x36, 0xa,
    0x22, 0xd5, 0x48, 0x81, 0x0, 0xc4, 0x9, 0xa9,
    0x4b, 0xaa, 0x1, 0xe7, 0xf9, 0x80, 0x89, 0x91,
    0x80,

    /* U+503C "值" */
    0x0, 0xff, 0xe2, 0xba, 0x80, 0x54, 0xc0, 0x1f,
    0x4b, 0x8, 0xce, 0x62, 0x30, 0x4, 0xca, 0xac,
    0xc8, 0xa3, 0x31, 0xa0, 0x14, 0x7b, 0x6e, 0xbc,
    0xb7, 0x6c, 0x0, 0x48, 0xa8, 0x57, 0x78, 0x6e,
    0xbc, 0x81, 0x5c, 0x3, 0x56, 0xee, 0x20, 0xa,
    0xc4, 0x2, 0x9c, 0xcc, 0x40, 0x5, 0x50, 0x6,
    0x9c, 0xcc, 0x40, 0x1f, 0xa7, 0x33, 0x10, 0x7,
    0xe9, 0xcc, 0xc4, 0x1, 0xfa, 0x73, 0x31, 0x0,
    0x79, 0x1a, 0xa2, 0x31, 0x20, 0x80, 0x6b, 0x38,
    0xbb, 0xc5, 0x2e,

    /* U+5047 "假" */
    0x0, 0x98, 0x3, 0xff, 0x80, 0x95, 0x1f, 0xde,
    0x3d, 0xd8, 0x2, 0xeb, 0x8, 0xe1, 0x17, 0x73,
    0xc0, 0x21, 0x56, 0x0, 0xff, 0x98, 0x4, 0x23,
    0x84, 0x5d, 0xcf, 0x0, 0xc, 0x80, 0x51, 0xde,
    0x3d, 0xd8, 0x15, 0x0, 0x2f, 0x0, 0x34, 0xce,
    0x4, 0xa0, 0x9, 0xb7, 0x40, 0xbf, 0xc8, 0x1,
    0xe9, 0xdd, 0x30, 0xb8, 0x28, 0x7, 0xa7, 0x74,
    0x55, 0x73, 0x20, 0xf, 0x36, 0x60, 0x99, 0x5c,
    0x40, 0x3d, 0xe2, 0x24, 0xc7, 0x78, 0x3, 0xbc,
    0x0, 0xdf, 0xd1, 0xf8, 0xa0, 0xf, 0x7, 0x70,
    0x35, 0x98, 0xd, 0xa8,

    /* U+504F "偏" */
    0x0, 0x88, 0xc0, 0x2, 0xe0, 0x1f, 0x4a, 0x80,
    0x6, 0x90, 0x3, 0x8d, 0x55, 0xfb, 0xa0, 0x9d,
    0xec, 0x0, 0x74, 0x1, 0xee, 0xf8, 0x1, 0x4,
    0xa0, 0x7d, 0xdd, 0xa0, 0xcc, 0x20, 0x1, 0xf7,
    0x7b, 0x3, 0x44, 0x0, 0xf7, 0xbd, 0xbd, 0xbe,
    0xc6, 0x0, 0x71, 0x7d, 0x5d, 0x5d, 0x20, 0xc,
    0x46, 0x1, 0xff, 0x77, 0x7, 0x53, 0x53, 0x48,
    0x3, 0x19, 0x87, 0x53, 0x53, 0x48, 0x2, 0x75,
    0x40, 0xf, 0xf9, 0x81, 0xc3, 0x3, 0x28, 0x40,

    /* U+505A "做" */
    0x0, 0xff, 0xe2, 0xe8, 0x34, 0x80, 0x1e, 0x40,
    0x39, 0x5c, 0x3, 0xb7, 0xc0, 0x3a, 0x7c, 0x3,
    0x9d, 0x40, 0x31, 0x98, 0x7e, 0x5b, 0xec, 0xb7,
    0xbd, 0x83, 0xc1, 0x7e, 0x5b, 0xcc, 0x7a, 0x91,
    0x9c, 0x44, 0x1, 0xcc, 0x0, 0x33, 0x0, 0xf0,
    0x1, 0xf5, 0x61, 0xdc, 0x7b, 0xa0, 0x63, 0x0,
    0x46, 0x5b, 0x47, 0xa2, 0x40, 0x1e, 0x77, 0x18,
    0x3c, 0x28, 0x80, 0x7f, 0x84, 0x5a, 0x1, 0xf1,
    0x10, 0xc2, 0xe, 0xc0, 0x3e, 0xee, 0x14, 0x2e,
    0x25, 0x80, 0x72, 0xe6, 0x24, 0xf0, 0x64, 0x50,
    0x1, 0xc3, 0x40, 0x5, 0xa1, 0x0, 0x52, 0x0,

    /* U+505C "停" */
    0x0, 0x98, 0x80, 0x3, 0x40, 0x1f, 0xa1, 0x22,
    0x12, 0xb3, 0x11, 0x8, 0x1, 0x90, 0xbb, 0xa9,
    0xfe, 0xe8, 0x2, 0x89, 0x4f, 0xaa, 0xeb, 0x61,
    0x8, 0x12, 0x3, 0x8c, 0xcc, 0x40, 0x3, 0x60,
    0x8, 0xe3, 0x33, 0x10, 0x1, 0xa0, 0x40, 0x11,
    0xbb, 0xd8, 0x20, 0xac, 0x0, 0xec, 0xcf, 0xb8,
    0xc0, 0x3b, 0xa2, 0x3a, 0x50, 0x3, 0xb5, 0xb7,
    0x55, 0x9a, 0x52, 0x60, 0x18, 0xd6, 0x20, 0x37,
    0xc, 0x40, 0x1f, 0xfc, 0x9c, 0xe3, 0x20, 0xf,
    0x70, 0x80, 0x33, 0xb4, 0x3, 0x80,

    /* U+5065 "健" */
    0x0, 0xff, 0xe2, 0x15, 0x80, 0x77, 0x0, 0x79,
    0x4b, 0xfd, 0x91, 0x83, 0x98, 0x80, 0xa, 0xa9,
    0xf1, 0x71, 0x83, 0x9c, 0x40, 0x4, 0x23, 0xa,
    0x2d, 0xd0, 0xef, 0xac, 0x4, 0x0, 0x1d, 0x55,
    0xba, 0x1d, 0xf5, 0x85, 0x10, 0x38, 0x38, 0x86,
    0xe, 0x78, 0x1, 0xf8, 0xf, 0x3c, 0xa3, 0x7,
    0x36, 0x80, 0x8c, 0x4, 0x1c, 0xaf, 0x47, 0x74,
    0xe0, 0x1d, 0xe9, 0xb7, 0xa3, 0xba, 0x70, 0xc,
    0x2f, 0x43, 0xba, 0x1d, 0xd8, 0x3, 0xb8, 0x9b,
    0x74, 0x3b, 0xb0, 0x7, 0x4c, 0x64, 0x1b, 0x0,
    0x7d, 0x14, 0xfe, 0x1e, 0xdd, 0xd2, 0x0, 0x3e,
    0x18, 0x6, 0x33, 0xbb, 0x20,

    /* U+50A8 "储" */
    0x0, 0xb0, 0x3, 0xe, 0x80, 0x8, 0x2, 0x56,
    0x94, 0x0, 0xf6, 0x8, 0x3, 0xb9, 0x72, 0x3d,
    0xe5, 0xdc, 0x61, 0x2, 0x44, 0x14, 0x9f, 0x79,
    0x60, 0x48, 0x2, 0x4, 0x5, 0x4d, 0x1c, 0xfd,
    0xd4, 0x91, 0xc1, 0x7b, 0xcc, 0xc2, 0x24, 0xe3,
    0x10, 0x90, 0x5f, 0x2, 0x6b, 0x79, 0x77, 0x1a,
    0x20, 0x3, 0x27, 0x9a, 0xee, 0xbc, 0x3, 0xf5,
    0x16, 0xec, 0x1, 0xf9, 0x10, 0x59, 0x90, 0x7,
    0xc3, 0x48, 0x59, 0x90, 0x7, 0x94, 0x7d, 0xa,
    0xee, 0x0, 0xf2, 0x7a, 0x80, 0xcc, 0xc0, 0x1b,
    0x80, 0x44, 0x0, 0xe2, 0x2b, 0xc0,

    /* U+50CF "像" */
    0x0, 0x99, 0x1, 0x98, 0x1, 0xfd, 0xc, 0x53,
    0x1b, 0xc6, 0x1, 0xce, 0xa7, 0xf7, 0xde, 0x66,
    0x0, 0xc3, 0x1d, 0xa5, 0x3b, 0x87, 0xba, 0x30,
    0x5, 0x3, 0xc9, 0x6e, 0x8f, 0xf5, 0x80, 0xe,
    0xc2, 0x68, 0x5b, 0xa2, 0xcd, 0x40, 0x2, 0x78,
    0x0, 0x7d, 0x4a, 0xf7, 0x63, 0x3, 0x20, 0x4,
    0x68, 0x55, 0x6, 0x3c, 0x40, 0x3a, 0xb3, 0xb8,
    0x9e, 0xd8, 0x20, 0x1c, 0xb8, 0x32, 0xe9, 0x32,
    0x0, 0xf2, 0x60, 0x7c, 0x33, 0xb2, 0x0, 0x63,
    0xbc, 0xfd, 0x16, 0xa, 0x90, 0x8, 0xcd, 0x98,
    0x8b, 0xa9, 0x4, 0xd0,

    /* U+5141 "允" */
    0x0, 0xe2, 0x80, 0xf, 0xfe, 0x4, 0x80, 0x7f,
    0xf0, 0x19, 0x90, 0xa, 0xe0, 0x1f, 0x14, 0x78,
    0x1, 0x24, 0xc0, 0x38, 0x7e, 0xc8, 0x0, 0x35,
    0xa2, 0x1, 0xe, 0x9e, 0x56, 0x6f, 0x58, 0xd8,
    0x4, 0x2c, 0xc0, 0x48, 0xf1, 0xef, 0x72, 0x0,
    0xaa, 0x30, 0x90, 0x80, 0x2d, 0x20, 0xe, 0x25,
    0x0, 0xff, 0xe0, 0x5f, 0x80, 0x79, 0x44, 0x2,
    0x52, 0x60, 0xf, 0x4a, 0x80, 0x1a, 0xa8, 0x1,
    0xf1, 0x31, 0xf5, 0x62, 0x0, 0x49, 0xdf, 0xe5,
    0x23, 0xcc, 0x18, 0x6, 0xbf, 0xfa, 0xc0,

    /* U+5143 "元" */
    0x0, 0x6f, 0x77, 0xf0, 0x6, 0xcc, 0xff, 0x0,
    0x61, 0x22, 0xfe, 0x0, 0xff, 0xe2, 0x16, 0x67,
    0xff, 0x0, 0x89, 0x11, 0x2, 0xc4, 0xa, 0xe2,
    0x22, 0x4, 0x49, 0xf1, 0x10, 0x68, 0x98, 0x3,
    0x95, 0x80, 0x3f, 0xe4, 0x3, 0x0, 0xf1, 0x88,
    0x5, 0x12, 0x1, 0xf5, 0x20, 0xd, 0x83, 0x80,
    0x67, 0x0, 0x28, 0x8b, 0xcb, 0x0, 0x32, 0xdf,
    0xf8, 0x10, 0x7a, 0x40, 0x3a, 0x3f, 0xec, 0x0,

    /* U+5145 "充" */
    0x0, 0xff, 0xe4, 0x5a, 0x80, 0x7f, 0xf0, 0x3e,
    0xc0, 0x3e, 0xbb, 0xef, 0x3b, 0xbe, 0x10, 0xff,
    0x89, 0x3a, 0x7f, 0xbf, 0xe1, 0x4, 0x43, 0xba,
    0xd5, 0x2, 0xdd, 0x10, 0x1, 0x16, 0xda, 0x0,
    0x12, 0xf1, 0x0, 0x21, 0xc0, 0x9d, 0xee, 0x7d,
    0xd, 0x98, 0x0, 0x62, 0xac, 0xff, 0xc1, 0xbd,
    0x28, 0x1, 0x32, 0xa, 0x88, 0x80, 0x26, 0x70,
    0xe, 0xc3, 0x0, 0xf1, 0x0, 0x63, 0x5a, 0x0,
    0xf5, 0xa8, 0x1, 0x36, 0x8, 0x3, 0xca, 0x21,
    0x95, 0xe, 0x1, 0x2e, 0xff, 0x85, 0x3, 0xb8,
    0xc0, 0x1a, 0xbf, 0xed, 0x0,

    /* U+5148 "先" */
    0x0, 0xa0, 0x43, 0x14, 0x3, 0xf0, 0xb8, 0x80,
    0x7f, 0xcc, 0x19, 0x83, 0x8c, 0xca, 0xc0, 0x35,
    0x53, 0xfc, 0x75, 0xff, 0x40, 0x4, 0xec, 0xa6,
    0x60, 0x23, 0x3c, 0x1, 0x2c, 0x80, 0x7f, 0xc9,
    0xdc, 0xcc, 0x8e, 0x33, 0x38, 0x56, 0x22, 0x14,
    0xb9, 0x39, 0x88, 0x84, 0x48, 0x91, 0xda, 0x20,
    0x11, 0x30, 0x6, 0x30, 0x30, 0xf, 0xfa, 0x18,
    0x3, 0xec, 0x10, 0x1a, 0x68, 0x0, 0x84, 0xc0,
    0x6, 0x27, 0xc1, 0x80, 0x19, 0x37, 0xfc, 0xa0,
    0x7b, 0x42, 0x1, 0xab, 0xfe, 0xa0,

    /* U+5149 "光" */
    0x0, 0x8, 0x4, 0xee, 0x0, 0x90, 0x3, 0x5c,
    0x0, 0x78, 0xac, 0xc0, 0x28, 0x71, 0x0, 0xe8,
    0x53, 0x0, 0x89, 0x58, 0x3, 0x1a, 0xd8, 0x7,
    0x49, 0x0, 0x67, 0xa1, 0x0, 0x9d, 0xc8, 0x4f,
    0x98, 0x73, 0x27, 0x70, 0x87, 0x75, 0x92, 0x44,
    0x8d, 0xee, 0x80, 0x13, 0x36, 0x24, 0xc8, 0xa6,
    0x70, 0x80, 0x6e, 0xd0, 0xf, 0xfe, 0x3, 0xa0,
    0x7, 0xfd, 0x2a, 0x60, 0x1e, 0x4b, 0x3, 0xb4,
    0xa0, 0xf, 0x88, 0x83, 0xc7, 0xa2, 0x1, 0x2e,
    0x7f, 0xa7, 0x47, 0x60, 0x3, 0xa3, 0xff, 0x20,

    /* U+514B "克" */
    0x0, 0xe2, 0xe0, 0xf, 0x9, 0x16, 0x61, 0x22,
    0xe1, 0x6f, 0xfd, 0x21, 0xff, 0xce, 0xed, 0xdd,
    0xe3, 0xbb, 0xcc, 0x7, 0xbb, 0x78, 0xee, 0xd8,
    0x1, 0x38, 0xe6, 0x5d, 0x98, 0x92, 0x0, 0xe1,
    0x1f, 0x30, 0x7, 0x15, 0x57, 0xa4, 0x3, 0x2d,
    0xfa, 0xef, 0xb1, 0xf5, 0x0, 0x42, 0xa2, 0xe,
    0xad, 0xea, 0x80, 0x1d, 0xc, 0x1, 0xe2, 0xa0,
    0x3c, 0x18, 0x0, 0x84, 0x0, 0xe3, 0x5a, 0x9a,
    0x20, 0xc, 0x8f, 0xf5, 0x6d, 0x74, 0x0, 0x66,
    0xff, 0xcc,

    /* U+514D "免" */
    0x0, 0xd6, 0xc0, 0x1f, 0xf3, 0x24, 0x77, 0x3d,
    0x80, 0x3c, 0x71, 0x9d, 0xcc, 0x14, 0x0, 0xe3,
    0xd6, 0x3, 0x37, 0xb8, 0x99, 0x80, 0x7, 0xa2,
    0x91, 0xd, 0x32, 0x88, 0x61, 0x1, 0xf8, 0xed,
    0xd9, 0x11, 0x77, 0x8, 0x4, 0x20, 0x19, 0x88,
    0x3, 0xfb, 0xbf, 0xc6, 0xff, 0xf0, 0x80, 0x6e,
    0xff, 0x50, 0x60, 0xff, 0xc4, 0x1, 0xe8, 0x60,
    0xf, 0xfa, 0xc2, 0x40, 0x3a, 0x48, 0x0, 0xda,
    0x18, 0x2, 0x1, 0x90, 0x7, 0xaa, 0x2c, 0x40,
    0x8f, 0xfe, 0x12, 0x1e, 0xc5, 0x0, 0xdb, 0xff,
    0x60, 0x0,

    /* U+515C "兜" */
    0x0, 0xf1, 0xa0, 0x7, 0xe3, 0xba, 0x9, 0x10,
    0x3, 0xb9, 0x80, 0x7, 0x9d, 0x5e, 0xd3, 0xe5,
    0xfd, 0x0, 0x11, 0x28, 0xe, 0x60, 0xc2, 0x20,
    0x1, 0xf0, 0xe6, 0xc, 0x3, 0xfc, 0x39, 0x83,
    0x0, 0xf8, 0xe2, 0xc0, 0x3c, 0x60, 0x15, 0x80,
    0x28, 0xb3, 0x0, 0xe, 0xd3, 0x0, 0x57, 0x40,
    0xe, 0x60, 0xf, 0xbf, 0x40, 0x4, 0x0, 0x41,
    0x0, 0x11, 0x80, 0x7e, 0x9a, 0x0, 0xf1, 0x48,
    0x0, 0xf1, 0xd8, 0x2, 0x10, 0x3, 0x90, 0x67,
    0x55, 0x80, 0x4f, 0x9f, 0xea, 0xe0, 0xcd, 0x60,
    0xd, 0x3f, 0xf9, 0x40,

    /* U+5165 "入" */
    0x0, 0xc4, 0x1, 0xff, 0xc1, 0xbd, 0x10, 0xf,
    0xfa, 0x53, 0x40, 0x3f, 0xf8, 0x12, 0x30, 0x1,
    0xff, 0xc1, 0x72, 0x0, 0xff, 0x11, 0x12, 0x0,
    0x3f, 0xca, 0x74, 0xa4, 0x1, 0xfd, 0x32, 0x16,
    0x80, 0xf, 0xce, 0x6a, 0x10, 0xa8, 0x1, 0xe3,
    0x89, 0x0, 0xc, 0x50, 0x80, 0x62, 0xd7, 0x40,
    0x9, 0xcb, 0x40, 0x25, 0xd7, 0x80, 0xe, 0xd1,
    0xd2, 0x18, 0x99, 0x0, 0x78, 0x71, 0xc0, 0x75,
    0x80, 0x3f, 0xd, 0x10,

    /* U+5168 "全" */
    0x0, 0xf2, 0x98, 0x7, 0xfc, 0x75, 0x0, 0x1f,
    0xe3, 0xdb, 0x2b, 0x0, 0xfc, 0xbb, 0x49, 0x25,
    0x84, 0x1, 0x86, 0x6f, 0x50, 0x1, 0x35, 0x8c,
    0x0, 0x6f, 0x49, 0x56, 0x6c, 0xf, 0x18, 0x4b,
    0x5d, 0xfd, 0xc8, 0xde, 0xe0, 0xfd, 0x11, 0xa1,
    0xc4, 0x45, 0xd1, 0x10, 0xb0, 0x4, 0x97, 0x71,
    0x4d, 0xdc, 0x20, 0x19, 0x7f, 0xe3, 0xbf, 0xf8,
    0x40, 0x30, 0xa2, 0x42, 0x48, 0x90, 0x7, 0xff,
    0x14, 0xbf, 0xf8, 0xeb, 0xff, 0x60, 0x0,

    /* U+516C "公" */
    0x0, 0xfe, 0x10, 0xf, 0xd6, 0xe0, 0x7, 0xa0,
    0xf, 0x8d, 0x18, 0x0, 0xea, 0xa0, 0xf, 0x74,
    0x8, 0x5, 0x56, 0x20, 0x1a, 0x41, 0xc0, 0x40,
    0x8, 0xf8, 0x20, 0x7, 0x77, 0x80, 0x31, 0x80,
    0x12, 0x3a, 0x22, 0xcd, 0x20, 0x73, 0x60, 0xb,
    0x5c, 0xc6, 0xcc, 0x6, 0x2c, 0x3, 0xd, 0x90,
    0x6, 0xa5, 0x50, 0x16, 0x88, 0x7, 0x99, 0x6c,
    0x0, 0x49, 0xa0, 0x1c, 0x73, 0xa2, 0x22, 0x3d,
    0x37, 0x0, 0xda, 0x19, 0xfd, 0x9d, 0x9, 0x6,
    0x1, 0x56, 0x77, 0xfb, 0xb7, 0x2d, 0xe4, 0x2,
    0x43, 0x10, 0xf, 0x45, 0x0,

    /* U+516D "六" */
    0x0, 0xe1, 0x80, 0xf, 0xfe, 0x0, 0xb2, 0x80,
    0x7f, 0xf0, 0x26, 0x0, 0x3f, 0xf8, 0xd, 0x42,
    0x1, 0xc7, 0xff, 0xdd, 0x1d, 0xff, 0x90, 0xff,
    0xff, 0xf8, 0x8, 0x1, 0x8c, 0x2, 0x13, 0x0,
    0xf8, 0xb0, 0xc0, 0x5, 0x84, 0x1, 0xe8, 0x43,
    0x0, 0x1b, 0xf0, 0x7, 0x22, 0xc8, 0x6, 0x81,
    0x70, 0xd, 0x2e, 0x40, 0x1d, 0xd0, 0x40, 0xa,
    0x8, 0x0, 0xf1, 0xb7, 0x1, 0x37, 0x80, 0x7e,
    0x87, 0x12, 0xc2, 0x0, 0xfc, 0x36, 0x20,

    /* U+5171 "共" */
    0x0, 0x87, 0xc0, 0x37, 0x88, 0x7, 0xff, 0x52,
    0xff, 0x83, 0xff, 0x7, 0x7e, 0x80, 0x2f, 0xb4,
    0x3b, 0xb0, 0x6f, 0x68, 0x4, 0x26, 0x2, 0x38,
    0xc, 0x40, 0x3f, 0xf8, 0x87, 0x54, 0xb0, 0xaa,
    0xc1, 0x75, 0x44, 0x1c, 0xca, 0x73, 0x34, 0xe6,
    0x4c, 0x4c, 0xd7, 0x93, 0x30, 0xf9, 0x9a, 0x20,
    0xa, 0x95, 0x40, 0x5, 0x3c, 0x20, 0x8, 0xf4,
    0x70, 0x40, 0x2b, 0x4c, 0x40, 0x4, 0xd5, 0x80,
    0x7a, 0x21, 0xc0,

    /* U+5173 "关" */
    0x0, 0x9d, 0x0, 0x31, 0xd8, 0x7, 0x8e, 0x80,
    0x34, 0x60, 0x7, 0x91, 0x6, 0x0, 0x46, 0x70,
    0xc, 0x7f, 0xe5, 0xcf, 0xf5, 0x97, 0xf9, 0x40,
    0x7, 0xff, 0x99, 0x7f, 0xf2, 0x80, 0x7c, 0x20,
    0x1f, 0x84, 0x7c, 0x2, 0x3c, 0x0, 0xee, 0xe6,
    0x5e, 0xee, 0x10, 0xff, 0xdc, 0x0, 0xcf, 0xfc,
    0x20, 0x1d, 0x49, 0x5a, 0x20, 0x1f, 0xd, 0xad,
    0x2b, 0x61, 0x0, 0x73, 0x7b, 0xf8, 0x84, 0x2e,
    0xc1, 0x0, 0xf5, 0xdb, 0x4, 0x2, 0x8c, 0x3d,
    0x21, 0xfd, 0x50, 0xf, 0x1d, 0xf1, 0x0,

    /* U+5176 "其" */
    0x0, 0xa9, 0x80, 0x33, 0x50, 0x7, 0xff, 0x0,
    0x40, 0x3b, 0x3d, 0x67, 0xff, 0x42, 0xfe, 0x80,
    0x33, 0xd6, 0x7f, 0xf4, 0xaf, 0xe8, 0x7, 0x4f,
    0x76, 0x90, 0xf, 0xd3, 0xdd, 0xa4, 0x3, 0xf0,
    0x8f, 0x80, 0x3f, 0x4e, 0x66, 0x90, 0xf, 0xd1,
    0xbb, 0xa0, 0x3, 0x1f, 0x71, 0x67, 0xbb, 0x4a,
    0xf7, 0xc, 0xdf, 0xee, 0x99, 0x7f, 0xa2, 0x7b,
    0xfc, 0x60, 0x2f, 0xb4, 0x62, 0x22, 0xdf, 0x60,
    0x0, 0xf6, 0x46, 0x20, 0x1, 0x2f, 0x3b, 0x40,
    0x7a, 0x90, 0x3, 0xc5, 0x38, 0x0,

    /* U+5177 "具" */
    0x0, 0xbf, 0xbb, 0xde, 0x60, 0x1e, 0xee, 0xf1,
    0x0, 0x7d, 0xbb, 0xe2, 0x0, 0xfb, 0x77, 0xc4,
    0x1, 0xf6, 0x67, 0x88, 0x3, 0xec, 0xcf, 0x10,
    0x7, 0xd9, 0x9e, 0x20, 0xf, 0xb3, 0x3c, 0x40,
    0x11, 0xf7, 0x3, 0xbb, 0xc5, 0x9c, 0x87, 0xdc,
    0xd5, 0xde, 0xe6, 0x95, 0xff, 0x20, 0xc, 0x61,
    0x98, 0x0, 0x73, 0x2c, 0x30, 0x2f, 0x1f, 0x80,
    0xc, 0xbb, 0x5a, 0x44, 0xe9, 0x10, 0xf, 0x9b,
    0x88,

    /* U+517B "养" */
    0x0, 0x85, 0xc0, 0x33, 0x18, 0x7, 0x86, 0x90,
    0x0, 0x50, 0x40, 0x19, 0xfb, 0x87, 0x5f, 0xec,
    0xf, 0xe9, 0x0, 0x3f, 0x76, 0x49, 0xee, 0xd2,
    0x1, 0x5e, 0xec, 0x97, 0xbb, 0x60, 0x4, 0x35,
    0x98, 0x66, 0x66, 0x6d, 0x10, 0x2c, 0xcb, 0x95,
    0x33, 0xfb, 0x32, 0x12, 0xdf, 0x60, 0xcd, 0xd8,
    0x53, 0x34, 0x4a, 0xf4, 0xcc, 0xc0, 0x5, 0x57,
    0x7d, 0x91, 0x3f, 0xd0, 0x2e, 0x1, 0xb, 0xf7,
    0x90, 0x20, 0x19, 0x18, 0x7, 0x90, 0x2, 0x4d,
    0x90, 0xf, 0xf1, 0x55, 0xb0, 0x7, 0xf8, 0xb9,
    0x40, 0x33, 0x50, 0x6,

    /* U+517C "兼" */
    0x0, 0xa8, 0xc0, 0x30, 0xd8, 0x80, 0x77, 0x69,
    0x0, 0x5a, 0x62, 0x1, 0x77, 0x28, 0x73, 0xb9,
    0xe6, 0xdd, 0xc0, 0x7, 0x76, 0x1e, 0xf1, 0xfe,
    0xe8, 0x2, 0xcc, 0x83, 0x30, 0x39, 0x90, 0x6,
    0xcc, 0x83, 0x30, 0x39, 0xa4, 0x0, 0x3d, 0xdb,
    0xc3, 0x7c, 0x77, 0xc7, 0x50, 0xf7, 0x6f, 0xd,
    0xc1, 0xdc, 0x1d, 0x40, 0x1, 0x99, 0x40, 0xd8,
    0x4d, 0x80, 0x30, 0xcc, 0xac, 0x27, 0xc3, 0x79,
    0xc0, 0x21, 0xa3, 0x40, 0xaa, 0x2, 0x1c, 0x80,
    0x4b, 0xa3, 0x40, 0x10, 0xd7, 0x71, 0xc4, 0x59,
    0xf0, 0x1, 0xe7, 0xff, 0x0,

    /* U+5185 "内" */
    0x0, 0xee, 0x20, 0xf, 0xfe, 0x28, 0x91, 0x61,
    0x62, 0x28, 0xc3, 0x33, 0x82, 0xb3, 0x33, 0x6,
    0xf7, 0x41, 0xdd, 0x98, 0x3, 0x8c, 0x40, 0x3f,
    0xd4, 0x78, 0x20, 0x1f, 0x1b, 0xe5, 0xf9, 0x0,
    0x71, 0xed, 0x8b, 0xc6, 0x18, 0x4, 0xdb, 0x6a,
    0x0, 0x68, 0x80, 0x4, 0xde, 0xa0, 0x19, 0xac,
    0x3, 0x8, 0x7, 0x8, 0x8c, 0x3, 0xf0, 0xf7,
    0x1d, 0x0,

    /* U+518C "册" */
    0x0, 0x7f, 0xe1, 0x7f, 0xfa, 0x40, 0x3b, 0xbc,
    0x2, 0x7f, 0x90, 0xf, 0xfe, 0xa0, 0x80, 0x4,
    0xf, 0xc4, 0x63, 0x10, 0x7e, 0xe, 0xe0, 0x6b,
    0xb7, 0x42, 0xf0, 0xbf, 0x87, 0xf8, 0x39, 0xe3,
    0xe5, 0xbc, 0x40, 0x88, 0x1, 0x88, 0x80, 0x1e,
    0x76, 0x0, 0xce, 0xc0, 0x1e, 0xcc, 0x0, 0x46,
    0x46, 0x1, 0xe7, 0x50, 0xa, 0x94, 0x3, 0xc8,
    0x82, 0x8e, 0x31, 0x90, 0xe9, 0xf0, 0x2, 0x50,
    0x47, 0x64, 0x98, 0x77, 0xb0, 0x0,

    /* U+518D "再" */
    0x9, 0xff, 0xff, 0x90, 0x27, 0xff, 0x59, 0xff,
    0xf2, 0x0, 0x23, 0x32, 0x93, 0xcc, 0xc0, 0x18,
    0xef, 0xfd, 0x65, 0xff, 0x18, 0x7, 0x11, 0x98,
    0x84, 0xce, 0x0, 0xf5, 0x77, 0x2c, 0xfb, 0xa0,
    0xf, 0x57, 0x72, 0xcf, 0xba, 0x0, 0x89, 0x5f,
    0x15, 0x58, 0x2a, 0xb0, 0x32, 0xf, 0x92, 0xff,
    0x89, 0xff, 0xe0, 0xc3, 0x35, 0x2c, 0xd5, 0x7c,
    0x14, 0xe0, 0x1f, 0xfc, 0xa2, 0xff, 0x20, 0x6,
    0xb5, 0x0, 0xc5, 0xfe, 0xb0, 0x0,

    /* U+5192 "冒" */
    0x1f, 0xdd, 0xfd, 0xd0, 0x3, 0x91, 0x1e, 0xe6,
    0x0, 0xff, 0xe1, 0x9c, 0xcf, 0x90, 0x2, 0x42,
    0xcc, 0xf3, 0xf6, 0x8f, 0x66, 0x7e, 0x15, 0x1,
    0x2c, 0xcf, 0x5f, 0x0, 0x43, 0x99, 0xe9, 0x0,
    0xc3, 0x99, 0xe9, 0x0, 0xc3, 0x99, 0xea, 0x0,
    0xc3, 0xdd, 0xe5, 0x0, 0xc3, 0x33, 0xe5, 0x0,
    0x97, 0xee, 0xfd, 0xb2, 0x0,

    /* U+5199 "写" */
    0xef, 0xff, 0xf8, 0x37, 0xdb, 0x7f, 0xfb, 0x81,
    0xc, 0x18, 0xc0, 0x3c, 0x94, 0x26, 0x1f, 0xdd,
    0xc5, 0x60, 0x5, 0x57, 0x77, 0x8c, 0x2, 0xc3,
    0x3f, 0x88, 0x3, 0x2f, 0xff, 0x6d, 0x0, 0x55,
    0x99, 0xe7, 0xf0, 0xbf, 0xff, 0x90, 0x88, 0x17,
    0xff, 0xf2, 0x2b, 0x80, 0x7f, 0x18, 0x10, 0x7,
    0x8b, 0xfd, 0x90, 0x1, 0xf1, 0x7f, 0xcc, 0x0,

    /* U+51B2 "冲" */
    0x0, 0xfd, 0xc4, 0x1, 0x87, 0x4c, 0x3, 0xfe,
    0x18, 0xc4, 0x1, 0x1f, 0xc0, 0x5, 0xae, 0x4e,
    0xe8, 0x33, 0xba, 0x10, 0x2, 0xd0, 0x1f, 0xf8,
    0x77, 0xfc, 0x1, 0xff, 0xc7, 0x40, 0xf, 0xfe,
    0x3, 0xf8, 0x1f, 0xf8, 0x77, 0xfc, 0x1, 0xc,
    0xc0, 0x1f, 0x70, 0x33, 0xb8, 0x2, 0x10, 0x86,
    0x98, 0x23, 0xef, 0x3, 0x68, 0x0, 0xff, 0x8e,
    0x88, 0x3, 0xff, 0x80, 0xa0, 0x1f, 0xfc, 0x0,

    /* U+51B3 "决" */
    0x4, 0x0, 0xe3, 0xe0, 0xf, 0x4b, 0x0, 0x7f,
    0xf0, 0x3e, 0xc, 0x33, 0x1c, 0x39, 0x90, 0x4,
    0x50, 0xa1, 0xfe, 0xb0, 0xff, 0x18, 0x6, 0x66,
    0x1, 0x99, 0x44, 0xcc, 0x1, 0xff, 0xc9, 0x57,
    0x75, 0x3, 0xb8, 0x20, 0xc0, 0x8, 0xe7, 0xfe,
    0x51, 0xbf, 0x70, 0x70, 0x7, 0x8b, 0x44, 0x1d,
    0x86, 0x22, 0x40, 0x46, 0x60, 0x0, 0xd6, 0x45,
    0x80, 0x34, 0x58, 0x0, 0xb6, 0xc3, 0xe4, 0xc0,
    0x8, 0x2c, 0xd, 0x90, 0xa0, 0x75, 0x8e, 0x9,
    0x80, 0x55, 0xac, 0x1, 0x2e, 0x60, 0x80,

    /* U+51C6 "准" */
    0x0, 0xf4, 0x1, 0xa8, 0x6, 0x2e, 0x10, 0x2,
    0x20, 0x6, 0xc4, 0x2, 0x24, 0x80, 0x7, 0xaa,
    0x32, 0xba, 0x18, 0x2, 0xd8, 0xcc, 0x87, 0xdc,
    0x4c, 0xe9, 0x0, 0xd, 0x97, 0x85, 0x54, 0x15,
    0x50, 0x4, 0x90, 0xe0, 0x66, 0x40, 0x33, 0x10,
    0x7, 0x50, 0x44, 0x3c, 0x22, 0xa, 0x1, 0x26,
    0x88, 0x5d, 0xc1, 0x76, 0x70, 0xa, 0x4, 0x1,
    0xdd, 0x7, 0x72, 0x40, 0x6, 0x4a, 0x0, 0xee,
    0x78, 0x77, 0x24, 0x1, 0x2c, 0x1, 0xc2, 0x1,
    0xc6, 0xb2, 0x1, 0x6e, 0xc1, 0xbb, 0x19, 0xb0,
    0x40, 0x2f, 0xfb, 0x7f, 0xe3,

    /* U+51CF "减" */
    0x0, 0xff, 0xe1, 0x90, 0x7, 0xd6, 0xb8, 0x40,
    0x3e, 0x20, 0x1e, 0x11, 0x7f, 0x0, 0xd5, 0x85,
    0x5d, 0xe4, 0x88, 0x39, 0x83, 0xa0, 0xa7, 0xfe,
    0x44, 0x7f, 0x88, 0x1, 0xe2, 0x0, 0xee, 0x8f,
    0x90, 0xc4, 0x0, 0x20, 0x6, 0x99, 0xbb, 0x85,
    0x40, 0x1e, 0x18, 0x88, 0x85, 0x54, 0x1, 0x51,
    0x3, 0x8c, 0xb3, 0xa, 0xa8, 0x0, 0x14, 0x20,
    0x1, 0x90, 0x92, 0x39, 0x0, 0x19, 0x84, 0x40,
    0x7a, 0x20, 0x4, 0x88, 0x82, 0x69, 0x15, 0xd2,
    0x76, 0x85, 0x55, 0x2a, 0xa2, 0xdd, 0x1d, 0x14,
    0x1d, 0x5e, 0xe9, 0x68, 0x41, 0x0, 0xd, 0x90,
    0x89, 0x28, 0x8, 0xac, 0x2, 0x77, 0x0, 0x27,
    0x40,

    /* U+51D1 "凑" */
    0x2, 0x0, 0xe2, 0xd0, 0xe, 0x2c, 0x20, 0x7a,
    0xa7, 0x1d, 0x55, 0x0, 0x53, 0xc0, 0xb3, 0x26,
    0x79, 0x9a, 0x80, 0xe, 0x2a, 0xdf, 0xe5, 0x4f,
    0xf9, 0xc0, 0x2c, 0x54, 0xd9, 0x2c, 0xdd, 0x94,
    0x2, 0x13, 0xef, 0xa2, 0xff, 0xdc, 0x40, 0x11,
    0xf3, 0xa7, 0xf6, 0x1d, 0x71, 0x0, 0x19, 0x6d,
    0x47, 0x75, 0xef, 0x32, 0x20, 0x4, 0xe, 0x62,
    0xb8, 0x36, 0xb7, 0x8c, 0x14, 0xd1, 0xf7, 0x62,
    0xdd, 0x8c, 0x42, 0x68, 0x1, 0xbc, 0x14, 0xbf,
    0xa8, 0x6, 0x66, 0x1, 0x7d, 0xa4, 0xef, 0xa2,
    0x3, 0xe1, 0xa, 0xff, 0x20, 0xb6, 0xe5, 0x80,

    /* U+51E0 "几" */
    0x0, 0x9b, 0xff, 0xc6, 0x1, 0xf2, 0x7f, 0xe1,
    0x0, 0xfc, 0x20, 0x1f, 0xfd, 0xc1, 0x0, 0xff,
    0xe0, 0xf9, 0x0, 0x7f, 0xf0, 0xf, 0x80, 0x3f,
    0xe1, 0x47, 0x0, 0xf8, 0x90, 0x1, 0x28, 0x20,
    0x1f, 0x37, 0x82, 0x3c, 0x0, 0x71, 0xb8, 0x19,
    0xd, 0xc9, 0x80, 0x72, 0xdf, 0xc5, 0xf, 0x30,
    0x7, 0xa3, 0xfe, 0x30,

    /* U+51ED "凭" */
    0x0, 0xa5, 0x40, 0x49, 0x1a, 0x6c, 0x3, 0x22,
    0x7, 0x75, 0x36, 0x1b, 0x40, 0x11, 0xdc, 0x26,
    0xe5, 0x83, 0x20, 0x80, 0x13, 0x41, 0xb7, 0x70,
    0x6e, 0xe0, 0x2b, 0x30, 0xcc, 0xc1, 0x99, 0x81,
    0x94, 0x0, 0x23, 0x80, 0x47, 0x0, 0x73, 0x77,
    0x43, 0xdd, 0x50, 0x5, 0x4, 0xdd, 0xdf, 0x50,
    0x4, 0x88, 0xff, 0xf1, 0x80, 0x7c, 0xff, 0xf7,
    0x0, 0x7e, 0xfd, 0x0, 0xf9, 0x44, 0x6, 0x59,
    0x40, 0x21, 0x0, 0xb8, 0x93, 0x83, 0x0, 0x38,
    0xf3, 0xd8, 0xd3, 0xa4, 0x3, 0xd9, 0xfe, 0xd0,

    /* U+51F6 "凶" */
    0x0, 0x8, 0x7, 0x4a, 0x0, 0x45, 0xe8, 0x1,
    0x13, 0xa0, 0x3, 0x83, 0x69, 0x0, 0x13, 0x1,
    0x30, 0x0, 0x3d, 0xa4, 0x56, 0x60, 0x7, 0x8f,
    0x6a, 0xf8, 0x3, 0xf1, 0x98, 0x5c, 0x3, 0xf5,
    0xa5, 0x50, 0x80, 0x38, 0x70, 0x65, 0x67, 0x4,
    0x2, 0x7f, 0x5a, 0x0, 0x3a, 0xb8, 0x4, 0xd7,
    0x20, 0x1a, 0xd8, 0x0, 0x33, 0x93, 0x3f, 0x20,
    0x4e, 0x7f, 0xfe, 0x10,

    /* U+51FA "出" */
    0x0, 0xe3, 0xe0, 0xf, 0x3a, 0x0, 0x7d, 0x44,
    0x1a, 0x60, 0x1f, 0x28, 0x80, 0x7f, 0xf3, 0xa3,
    0xb9, 0xa3, 0xdd, 0x0, 0x57, 0xb9, 0x8b, 0xc,
    0xcb, 0x4d, 0x2c, 0x8a, 0x61, 0x22, 0x9a, 0x45,
    0xc0, 0x3f, 0x12, 0x80, 0x7f, 0xf3, 0x4b, 0x32,
    0xf1, 0xcc, 0xac, 0x12, 0xe2, 0x35, 0xc4, 0x48,
    0x0,

    /* U+51FB "击" */
    0x0, 0xe4, 0xd0, 0xf, 0xfe, 0x45, 0x6e, 0xd2,
    0x5b, 0xb9, 0x0, 0x13, 0xdd, 0x51, 0x77, 0x65,
    0x0, 0x19, 0xf0, 0x19, 0xe1, 0x1, 0x22, 0xe0,
    0x22, 0xe0, 0xdc, 0xcd, 0x25, 0x99, 0xcb, 0x9b,
    0xdd, 0x59, 0x77, 0x5b, 0xca, 0x1a, 0x40, 0x1f,
    0x60, 0x80, 0x7f, 0xf4, 0x7a, 0xed, 0x5, 0x77,
    0x0, 0x6a, 0x9e, 0xe4, 0xd7, 0x74, 0x1, 0x0,

    /* U+51FD "函" */
    0x0, 0xff, 0xe0, 0xc7, 0xff, 0xd8, 0x1, 0x47,
    0xfe, 0xd4, 0x5d, 0x0, 0x60, 0x80, 0x53, 0xd1,
    0x42, 0xee, 0x23, 0xc2, 0x4, 0xe3, 0x7a, 0xff,
    0x0, 0x3f, 0xc0, 0x1, 0x5b, 0xa0, 0xc, 0x7c,
    0x65, 0xb1, 0xa0, 0x1e, 0xb8, 0x1b, 0x7, 0x0,
    0xcf, 0xa1, 0x66, 0xf9, 0x50, 0x1, 0x37, 0x52,
    0x98, 0xe, 0x78, 0x4, 0x26, 0x19, 0x24, 0x0,
    0x70, 0xb, 0xf7, 0xd2, 0xb7, 0x73, 0x6, 0x7f,
    0xff, 0x38, 0x0,

    /* U+5200 "刀" */
    0x2, 0x44, 0xff, 0x10, 0x54, 0x45, 0x57, 0x11,
    0xaa, 0x2, 0x33, 0x29, 0x4c, 0xcc, 0xc6, 0x1,
    0xde, 0x40, 0x1f, 0xf1, 0x8, 0x6, 0x11, 0x0,
    0x73, 0xe8, 0x6, 0x3f, 0x0, 0xc2, 0x48, 0x1,
    0xc2, 0x1, 0x98, 0xc4, 0x3, 0x9, 0x80, 0x43,
    0x32, 0x0, 0xe6, 0x10, 0xa, 0x95, 0x40, 0x1c,
    0x4c, 0x5, 0x8d, 0x40, 0x10, 0x89, 0x40, 0x83,
    0xdb, 0x4, 0x2, 0xee, 0x54, 0x80, 0x36, 0x84,
    0x3, 0x7f, 0xcc, 0x0,

    /* U+5206 "分" */
    0x0, 0xc4, 0x1, 0x88, 0x3, 0xf7, 0xb0, 0x1,
    0x7c, 0x3, 0xe5, 0x36, 0x0, 0x28, 0xb8, 0x7,
    0xd, 0xd8, 0x3, 0x74, 0x18, 0x6, 0xa4, 0x50,
    0xc, 0x53, 0xa4, 0x3, 0x6b, 0xe8, 0x9e, 0x34,
    0xc2, 0x13, 0xbe, 0xfa, 0x9f, 0xfa, 0xbe, 0x8,
    0x21, 0x6e, 0xc7, 0x37, 0x71, 0x8b, 0x0, 0x70,
    0x92, 0x80, 0x42, 0xe0, 0x1e, 0x64, 0x10, 0x8,
    0x84, 0x3, 0x8e, 0x20, 0x1, 0x8, 0x10, 0x6,
    0x6c, 0x93, 0x0, 0x90, 0x40, 0x36, 0x56, 0x30,
    0x3, 0xbe, 0xa0, 0x3, 0x66, 0xc, 0x2, 0xef,
    0xf3, 0x0, 0x40,

    /* U+5207 "切" */
    0x0, 0x70, 0x80, 0xbb, 0xfc, 0x20, 0x1c, 0x7d,
    0xc8, 0xee, 0xa0, 0xc0, 0x31, 0x34, 0xc8, 0x26,
    0x60, 0x34, 0x81, 0xee, 0x60, 0x8, 0x7, 0x8b,
    0xc3, 0x72, 0x0, 0xc4, 0x3, 0x99, 0xc4, 0xc0,
    0x26, 0x20, 0xc, 0x20, 0x1f, 0x1b, 0x0, 0x4,
    0x3, 0xc9, 0x21, 0x98, 0x0, 0x18, 0x80, 0x43,
    0x91, 0x84, 0x8e, 0x0, 0x63, 0x0, 0x29, 0xce,
    0x2c, 0xb0, 0x80, 0x9, 0x80, 0xb, 0x88, 0x12,
    0xd2, 0x1, 0x61, 0x80, 0x73, 0xae, 0x0, 0xff,
    0x9e, 0x80, 0x39, 0xf0, 0x40, 0x7f, 0xda, 0x40,

    /* U+5217 "列" */
    0x0, 0xff, 0x8b, 0xcb, 0xff, 0xe0, 0xe, 0x2f,
    0xf0, 0x77, 0xfc, 0x1e, 0x1, 0xc6, 0x42, 0x1,
    0xfe, 0xa2, 0xdd, 0x73, 0x0, 0x78, 0x5f, 0x3f,
    0xca, 0x60, 0x1e, 0x94, 0x32, 0x22, 0xa0, 0x7,
    0xb, 0x7d, 0x8a, 0x10, 0x80, 0x70, 0xf2, 0x97,
    0xc4, 0x80, 0x7f, 0x4a, 0xa, 0x80, 0xc, 0x3,
    0xc8, 0x8f, 0x0, 0xb0, 0x3, 0x9e, 0xa8, 0x40,
    0x1e, 0x10, 0x9b, 0xc4, 0x0, 0xee, 0xd4, 0x9,
    0xc2, 0x0, 0xf7, 0x7d, 0x0,

    /* U+5219 "则" */
    0x0, 0xff, 0xb1, 0x3, 0x3f, 0xf8, 0x41, 0x80,
    0x3b, 0x3f, 0xbc, 0x40, 0x60, 0x3, 0xc3, 0xe0,
    0x1f, 0xff, 0x32, 0x20, 0x7, 0xf5, 0x15, 0xa0,
    0x40, 0x81, 0x80, 0x66, 0x36, 0xec, 0x70, 0x1d,
    0x0, 0xc9, 0x96, 0xd5, 0x82, 0x1, 0xc9, 0x54,
    0x50, 0x6b, 0x0, 0x67, 0x92, 0xa7, 0x20, 0x4,
    0xc2, 0x19, 0xfc, 0x20,

    /* U+521B "创" */
    0x0, 0xc2, 0x1, 0xff, 0xc0, 0xf4, 0x0, 0xe2,
    0xe0, 0x9, 0xce, 0x0, 0x28, 0x0, 0xe2, 0x9c,
    0x4b, 0x0, 0x38, 0x6, 0x1c, 0xb1, 0x80, 0x80,
    0xe, 0x2c, 0x95, 0x0, 0x53, 0x18, 0x6, 0x1a,
    0x9d, 0xdb, 0xf0, 0xc0, 0x31, 0xb8, 0xe6, 0x42,
    0x40, 0x1f, 0x84, 0x40, 0x20, 0x1f, 0xf2, 0x90,
    0x7, 0xfa, 0x65, 0x40, 0x5, 0x0, 0xfa, 0x75,
    0xa4, 0x28, 0x3, 0xfc, 0x80, 0x1f, 0x27, 0x76,
    0x40, 0x9f, 0xd7, 0x0, 0x5f, 0x76, 0x90, 0x9f,
    0xf4, 0x80,

    /* U+521D "初" */
    0x0, 0x2a, 0x0, 0x7f, 0xf0, 0x1a, 0x80, 0x66,
    0x7e, 0x10, 0x12, 0x73, 0x3, 0x33, 0x11, 0x99,
    0x80, 0xff, 0xcf, 0x8d, 0x54, 0x18, 0xaa, 0x0,
    0xf, 0xb9, 0xe2, 0xa0, 0x1, 0x20, 0x8, 0x40,
    0x2b, 0x60, 0xc, 0x20, 0x1e, 0x75, 0xee, 0x1,
    0x8, 0x7, 0x9a, 0x2, 0x78, 0x1d, 0x40, 0x2,
    0x0, 0x48, 0xa1, 0xae, 0xc, 0xc0, 0x0, 0xc4,
    0x13, 0x1c, 0x17, 0x81, 0x94, 0x0, 0x26, 0x0,
    0x20, 0x8, 0x9c, 0xc8, 0x0, 0xcc, 0x0, 0xf2,
    0x47, 0x80, 0x5e, 0x60, 0x1e, 0x89, 0x33, 0x7f,
    0x9e, 0x80, 0x22, 0xf0, 0xc6, 0x3, 0xff, 0x69,
    0x0,

    /* U+5220 "删" */
    0x0, 0xff, 0xe0, 0x70, 0x2f, 0xfb, 0x93, 0xfd,
    0xc0, 0x1e, 0x7f, 0x0, 0x37, 0x80, 0x34, 0x3,
    0xff, 0xa2, 0x62, 0x40, 0x46, 0x40, 0x20, 0x11,
    0xc3, 0xf8, 0xc2, 0xf8, 0xc8, 0x4, 0x76, 0xda,
    0x34, 0xda, 0x30, 0x1, 0xf8, 0x44, 0x1, 0xf1,
    0xf8, 0x5, 0xe0, 0x13, 0x0, 0x5c, 0x40, 0x2,
    0x20, 0x5, 0x60, 0x12, 0x20, 0x1, 0xae, 0x1,
    0xe1, 0x62, 0xe4, 0x1, 0xe4, 0x6, 0xe5, 0x1a,
    0x3e, 0xaa, 0x1f, 0x50, 0x37, 0x58,

    /* U+5224 "判" */
    0x1, 0x1, 0xf0, 0x0, 0x80, 0x43, 0xc1, 0xa8,
    0x1, 0x26, 0x80, 0x7a, 0x20, 0x1, 0x7c, 0x97,
    0x0, 0x64, 0x12, 0x3, 0x65, 0x0, 0xf3, 0xa5,
    0x5, 0xa2, 0x80, 0x78, 0x78, 0x43, 0xf8, 0x40,
    0x3c, 0xcf, 0x20, 0xee, 0x40, 0xf, 0x11, 0x14,
    0x48, 0xa0, 0xe, 0x4f, 0xf5, 0xf, 0xfb, 0x80,
    0x39, 0x37, 0x48, 0xfb, 0xac, 0x34, 0x0, 0xe2,
    0x5a, 0x0, 0x86, 0x80, 0x30, 0xfb, 0x90, 0x7,
    0x8c, 0x1, 0x69, 0x0, 0x1c, 0xff, 0xae, 0x15,
    0x20, 0x1e, 0x7f, 0xf4, 0x80,

    /* U+522B "别" */
    0x0, 0xff, 0x8f, 0x43, 0xbf, 0xf7, 0x0, 0x7e,
    0xef, 0xf7, 0x0, 0xf, 0x40, 0x3f, 0xf8, 0xd3,
    0x10, 0x90, 0xf, 0xd1, 0xe5, 0xfe, 0x80, 0xf,
    0x99, 0xd1, 0xdc, 0xc0, 0x1e, 0x6f, 0xf0, 0xff,
    0xc4, 0x1, 0xcd, 0xfa, 0x5f, 0xe1, 0x30, 0xf,
    0x91, 0x0, 0x1, 0x19, 0x0, 0x3a, 0xf4, 0x4,
    0x0, 0x52, 0x1, 0xa5, 0x90, 0x14, 0x80, 0x33,
    0x8b, 0x15, 0xa7, 0xdd, 0x0, 0x1b, 0xed, 0x1a,
    0xc1, 0x3f, 0xce, 0x0, 0x6f, 0xf4, 0x0,

    /* U+5230 "到" */
    0x0, 0xff, 0x87, 0x83, 0xff, 0xe2, 0x80, 0xd,
    0xfc, 0x3b, 0x9b, 0xe4, 0xe0, 0x1d, 0xc, 0x41,
    0xe0, 0x1f, 0x2b, 0x7b, 0xd1, 0xc8, 0x7, 0x8d,
    0x7c, 0x73, 0x54, 0x3, 0xcd, 0x51, 0x68, 0x78,
    0x1, 0xe4, 0x77, 0x14, 0xbb, 0x0, 0x78, 0x7f,
    0xc0, 0xf, 0x10, 0xf, 0x2c, 0x40, 0x66, 0x1c,
    0x3, 0xfc, 0xf1, 0x63, 0xe0, 0x1a, 0x73, 0xcf,
    0x3a, 0x4, 0x0, 0x60, 0xe, 0x8e, 0xda, 0x63,
    0x1, 0xfc, 0x70,

    /* U+5236 "制" */
    0x0, 0xc2, 0x1, 0xfc, 0x4e, 0x3e, 0x1, 0xe1,
    0xe0, 0x5f, 0x0, 0xf4, 0x88, 0x5, 0x6f, 0xc3,
    0xfe, 0xd0, 0x70, 0x8, 0xc7, 0xf8, 0x7f, 0xda,
    0x1, 0xcc, 0xc8, 0x80, 0xc4, 0x44, 0x1, 0x9b,
    0x3f, 0x83, 0xfe, 0x0, 0xe3, 0x65, 0x40, 0x55,
    0x88, 0x3, 0xb3, 0xf8, 0x3f, 0xda, 0x1, 0xf6,
    0x60, 0x77, 0x40, 0x1f, 0xfc, 0x3e, 0x10, 0xf,
    0xfe, 0x42, 0x71, 0x80, 0x46, 0x0, 0xd1, 0x0,
    0x27, 0x60, 0x2f, 0xeb, 0x80, 0x43, 0xe0, 0x19,
    0x7f, 0xd2,

    /* U+5237 "刷" */
    0x0, 0xff, 0x87, 0x82, 0x3f, 0xfc, 0x2, 0x1,
    0xd1, 0xff, 0x80, 0x1e, 0x20, 0x1b, 0x8c, 0xf0,
    0x7, 0xe4, 0xff, 0x67, 0x98, 0x7, 0xd5, 0x98,
    0x1c, 0xc0, 0x7, 0xdb, 0x98, 0x1c, 0xc0, 0x80,
    0x7c, 0xde, 0x3e, 0x20, 0x1e, 0x23, 0x38, 0xc,
    0x40, 0x3c, 0xdc, 0x1, 0xe5, 0x0, 0xc4, 0x40,
    0x8, 0x84, 0x2c, 0x40, 0xa, 0xa7, 0xc0, 0x2,
    0xa0, 0x80, 0x98, 0x37, 0x92, 0x80, 0x1e, 0x40,
    0x7b, 0x5c,

    /* U+523B "刻" */
    0x0, 0xc2, 0x1, 0xff, 0xc1, 0xe2, 0x0, 0xf7,
    0x10, 0x6, 0x6a, 0x0, 0xfc, 0x3d, 0xd3, 0x3f,
    0x72, 0x1a, 0x40, 0x21, 0xee, 0x23, 0x7f, 0x72,
    0x0, 0x3e, 0x66, 0x48, 0x52, 0x0, 0x7c, 0xb2,
    0xb3, 0x4e, 0x80, 0x1f, 0xc, 0x78, 0xaf, 0x90,
    0x7, 0xc8, 0xe4, 0xd8, 0x78, 0x60, 0x1e, 0x19,
    0x96, 0x9e, 0xb1, 0x80, 0x7a, 0x3, 0x4e, 0xde,
    0x0, 0xf8, 0x3, 0x4c, 0x8f, 0x45, 0x98, 0xa,
    0xe0, 0x18, 0x67, 0x62, 0xb2, 0xd8, 0x3, 0x18,
    0x58, 0x7a, 0x80, 0xe3, 0x87, 0x79, 0x8, 0x54,
    0x88, 0x4, 0x22, 0xe, 0xfc, 0x0,

    /* U+524D "前" */
    0x0, 0xff, 0xe2, 0xda, 0x80, 0x61, 0xe2, 0x0,
    0xe8, 0xb1, 0x0, 0xad, 0xc8, 0x2, 0xcc, 0x78,
    0x6e, 0x64, 0xaa, 0xcc, 0x28, 0x7f, 0xdb, 0xff,
    0xb3, 0xfe, 0x40, 0x20, 0xc, 0x26, 0x79, 0x98,
    0x20, 0xfb, 0x10, 0xfe, 0x7, 0x80, 0xcd, 0x0,
    0x92, 0xed, 0x0, 0x1f, 0xe5, 0xdd, 0x50, 0x7,
    0xf9, 0x77, 0x54, 0x1, 0xfe, 0x4a, 0xa7, 0x80,
    0x7f, 0x96, 0x65, 0xa0, 0x2, 0xd0, 0xf, 0x9,
    0x98, 0x80, 0xa, 0xa0, 0x7, 0x80, 0x76, 0x52,
    0x0, 0x23, 0xdc, 0xc0, 0xd, 0x41, 0x9d, 0x0,
    0x8, 0xfe, 0x40,

    /* U+5251 "剑" */
    0x0, 0xc6, 0x1, 0xff, 0xe, 0x10, 0x7, 0xe,
    0x80, 0x54, 0x9e, 0x20, 0x1f, 0x9d, 0xd7, 0x18,
    0x21, 0xa2, 0x1, 0x2c, 0xf0, 0x2c, 0x60, 0x7,
    0x35, 0xb5, 0x44, 0x35, 0x58, 0x3, 0x2e, 0xe7,
    0x76, 0x86, 0x0, 0xc6, 0x64, 0x71, 0x67, 0x60,
    0xf, 0x43, 0xc, 0x83, 0xf0, 0x7, 0xab, 0x41,
    0x4a, 0xa8, 0x1, 0xe2, 0x50, 0xd6, 0x2, 0x4,
    0x0, 0xef, 0x6, 0xd6, 0x81, 0x91, 0x0, 0x9e,
    0xb7, 0xd4, 0xf8, 0x40, 0x38, 0x7b, 0xfd, 0x92,
    0xc0, 0xdd, 0xe8, 0xc, 0xa4, 0x1, 0xcd, 0xdc,
    0x90,

    /* U+5254 "剔" */
    0x0, 0xff, 0x87, 0x83, 0x3b, 0xbc, 0x1, 0xf6,
    0xf7, 0x5e, 0x0, 0xe1, 0x0, 0xdd, 0xbb, 0x60,
    0x7, 0xee, 0xdd, 0xb0, 0x3, 0xf7, 0x66, 0x60,
    0xf, 0xb1, 0xd3, 0x75, 0x9e, 0x1, 0xe4, 0x54,
    0xdd, 0xc4, 0x1, 0x8e, 0x71, 0xe4, 0x20, 0x3,
    0xcd, 0xea, 0x4e, 0x8, 0x24, 0x82, 0x0, 0x57,
    0xa9, 0x98, 0xc, 0x28, 0x2, 0x1f, 0xd7, 0x5,
    0x42, 0x0, 0x8c, 0x6, 0x83, 0x23, 0xee, 0x41,
    0x7f, 0x5c, 0x0, 0x36, 0x7f, 0xe5, 0x5, 0xff,
    0x48,

    /* U+5269 "剩" */
    0x0, 0x9, 0xab, 0xd5, 0x80, 0x43, 0xc1, 0x7b,
    0x15, 0xfd, 0x40, 0x1e, 0xad, 0xa0, 0xb5, 0x1,
    0x79, 0x0, 0x3e, 0x64, 0x1d, 0x98, 0xa0, 0xc,
    0xfb, 0x12, 0x38, 0x9b, 0x60, 0x18, 0x6e, 0x8,
    0x0, 0x94, 0xa0, 0x18, 0x6a, 0x80, 0x11, 0xca,
    0x80, 0x62, 0xb9, 0x0, 0x8c, 0xa8, 0x3, 0x14,
    0x5f, 0xa, 0x2d, 0xe0, 0x7, 0x12, 0x28, 0x71,
    0x5b, 0x17, 0x80, 0x45, 0x90, 0x35, 0x98, 0x35,
    0x60, 0x2, 0x65, 0x28, 0x1, 0xb8, 0x40, 0x32,
    0xd3, 0x80, 0x63, 0x22, 0x7f, 0x20, 0xa0, 0x3,
    0x84, 0x2, 0x2f, 0xf5, 0x0,

    /* U+526A "剪" */
    0x0, 0x95, 0xc0, 0x33, 0xa0, 0x6, 0x55, 0x1c,
    0x2a, 0xcd, 0x4, 0xaa, 0x0, 0x11, 0x6, 0x8,
    0xa1, 0x81, 0x22, 0x8, 0x35, 0xe6, 0x5c, 0xe2,
    0xaf, 0xe, 0x20, 0x1, 0xff, 0x6a, 0x86, 0x30,
    0x7, 0x8c, 0x46, 0x0, 0xff, 0xbf, 0xd8, 0x1,
    0x38, 0x7, 0x8a, 0xac, 0xdc, 0x28, 0x5c, 0x40,
    0x23, 0x93, 0x2d, 0x83, 0x30, 0x85, 0x80, 0x55,
    0xf3, 0x36, 0x4c, 0xdb, 0x46, 0x0, 0x8a, 0xa9,
    0xe2, 0xab, 0x1, 0x0, 0x42, 0xb8, 0x2e, 0x1,
    0x10, 0x88, 0x7, 0x7f, 0xd1, 0x40, 0xb, 0xdc,
    0x90, 0x0, 0xef, 0x52, 0x0, 0x57, 0xbc, 0xe0,
    0x0,

    /* U+529B "力" */
    0x0, 0xe2, 0xe0, 0xf, 0xfe, 0xad, 0xf7, 0x5a,
    0x3d, 0xdb, 0xe4, 0x2b, 0x32, 0x92, 0xcc, 0xcc,
    0x0, 0x12, 0x28, 0x18, 0x8b, 0x8, 0x80, 0x3b,
    0xc, 0x3, 0xf, 0x80, 0x72, 0x60, 0x6, 0x21,
    0x0, 0xcc, 0x68, 0x1, 0x9c, 0xc0, 0x21, 0x88,
    0x0, 0x71, 0x30, 0x0, 0x75, 0x14, 0x3, 0x8,
    0x88, 0xb, 0x1e, 0x80, 0x21, 0x7, 0x21, 0xe,
    0x4b, 0x0, 0xdd, 0xf3, 0x0, 0xc, 0x90, 0xe,
    0xff, 0x94, 0x0,

    /* U+529E "办" */
    0x0, 0xe5, 0xc0, 0xf, 0xfe, 0x58, 0x8c, 0x60,
    0x22, 0x20, 0xe, 0x8e, 0xea, 0x4f, 0xb9, 0xb2,
    0x1, 0xa3, 0xfe, 0x94, 0xff, 0x30, 0x7, 0x91,
    0x83, 0x88, 0x2, 0x1c, 0x20, 0xb, 0xc0, 0x9,
    0xe0, 0x3, 0xf5, 0xa0, 0x1, 0xab, 0x9, 0xa0,
    0x0, 0x45, 0x4c, 0x0, 0xf9, 0x9, 0x32, 0x0,
    0x39, 0x9c, 0x81, 0xe, 0x4f, 0x20, 0x10, 0x88,
    0x2d, 0xc1, 0x3, 0x95, 0x40, 0x11, 0x30, 0x31,
    0x80, 0xe0, 0x50, 0x8, 0x94, 0x8, 0x3, 0x63,
    0xe0, 0x2, 0xba, 0xa0, 0x3, 0xb2, 0xc0, 0x2b,
    0xff, 0x38, 0x6,

    /* U+529F "功" */
    0x0, 0xfd, 0x6a, 0x1, 0xc2, 0x3c, 0x1, 0x8,
    0x6, 0x2d, 0xd7, 0x6d, 0x0, 0x1c, 0x3, 0x8b,
    0x38, 0x72, 0xb3, 0x7, 0x39, 0x91, 0x80, 0x70,
    0xff, 0x86, 0xff, 0xc2, 0x1, 0xf1, 0x98, 0x1c,
    0xcc, 0x2, 0x1, 0xf0, 0x8c, 0x0, 0x30, 0xf,
    0xca, 0x60, 0x10, 0x98, 0x0, 0x45, 0x5c, 0x38,
    0x80, 0x18, 0x4f, 0x71, 0x33, 0x2, 0xd6, 0x0,
    0x10, 0x1, 0x47, 0xdb, 0x14, 0xa9, 0x80, 0x14,
    0x80, 0x54, 0x2, 0x87, 0xa0, 0xb, 0x1c, 0x3,
    0x91, 0x70, 0x4b, 0xfc, 0xd2, 0x1, 0xc9, 0xa4,
    0x5, 0xfe, 0xe3, 0x0,

    /* U+52A0 "加" */
    0x0, 0x1e, 0x80, 0x7f, 0xf0, 0x44, 0x3, 0x11,
    0x70, 0x0, 0x5c, 0x4, 0x60, 0xdd, 0xe0, 0x3e,
    0xb3, 0xee, 0x84, 0x3f, 0xe0, 0x1, 0xfd, 0xa7,
    0xf8, 0x4, 0x3, 0xf0, 0x88, 0x3, 0xff, 0x80,
    0x66, 0x0, 0xff, 0xe0, 0x77, 0x0, 0x3f, 0xf8,
    0x6, 0x40, 0x20, 0x1f, 0xe4, 0x40, 0x18, 0x80,
    0x7e, 0x53, 0x10, 0x13, 0x0, 0x8, 0xc0, 0x14,
    0xd0, 0x1, 0x18, 0x1, 0xdd, 0x0, 0x10, 0x19,
    0xfe, 0x7c, 0x1, 0xff, 0x0, 0x13, 0x1, 0xff,
    0x90, 0x3c, 0x2, 0xf0,

    /* U+52A1 "务" */
    0x0, 0xe6, 0x20, 0xf, 0xf9, 0xac, 0x4, 0x78,
    0x3, 0x9e, 0x7, 0xb7, 0x6e, 0xc0, 0x8, 0xae,
    0xc7, 0xf9, 0x92, 0x17, 0x80, 0x4d, 0xb9, 0xdc,
    0x97, 0xd1, 0xd2, 0x0, 0x91, 0xb, 0x62, 0x94,
    0x60, 0xc8, 0x60, 0x5d, 0xcc, 0xee, 0xb3, 0xf3,
    0xbf, 0xc2, 0x5d, 0x92, 0xc5, 0xa4, 0x2b, 0x17,
    0x82, 0x7, 0xdd, 0x78, 0xef, 0x75, 0xe2, 0x0,
    0x3e, 0xe9, 0x5f, 0xbb, 0x0, 0x80, 0x73, 0x3c,
    0x0, 0x46, 0x40, 0x18, 0xee, 0xde, 0x1, 0xad,
    0x0, 0x2d, 0xfd, 0xd1, 0x2, 0xf7, 0x16, 0xc0,
    0x2d, 0xc6, 0x0, 0x97, 0xb9, 0xa4, 0x0,

    /* U+52A8 "动" */
    0x0, 0xfe, 0xd2, 0x0, 0xd5, 0xbb, 0xa0, 0x0,
    0x60, 0x1d, 0x79, 0x9a, 0x40, 0x3f, 0x8, 0xf9,
    0xe0, 0x6e, 0x20, 0x40, 0x23, 0xc1, 0xc4, 0x6,
    0x4e, 0x27, 0xfd, 0xcf, 0xf6, 0xcd, 0x5, 0x50,
    0x84, 0xfa, 0x1b, 0xb9, 0xa0, 0x42, 0x0, 0x30,
    0xb, 0x30, 0x16, 0x0, 0x75, 0x0, 0x9, 0x80,
    0x15, 0x40, 0x2a, 0x1a, 0x60, 0x10, 0x83, 0x20,
    0xa8, 0xf0, 0x2e, 0x0, 0x80, 0x56, 0xb9, 0xfa,
    0xa8, 0x68, 0x6, 0x20, 0x8, 0xed, 0xa6, 0xf8,
    0x90, 0x2, 0x28, 0x1, 0x44, 0x2, 0x50, 0x7a,
    0xf8, 0xf0, 0xf, 0x93, 0x2, 0xbf, 0x90, 0x0,

    /* U+52A9 "助" */
    0x0, 0xfc, 0x5c, 0x1, 0xd1, 0xff, 0x84, 0x3,
    0xfa, 0x3f, 0xc2, 0x1, 0xff, 0xc2, 0x48, 0xb0,
    0x88, 0x80, 0x28, 0xff, 0x8, 0xbc, 0x1, 0xfe,
    0x71, 0x0, 0x47, 0xf8, 0x55, 0xf5, 0x5d, 0xc0,
    0x20, 0x1f, 0x8c, 0x80, 0x3d, 0x1f, 0xe1, 0x0,
    0x6f, 0x80, 0x7a, 0x3f, 0xc2, 0x0, 0x44, 0x0,
    0x80, 0x78, 0x44, 0xc8, 0x64, 0x6, 0x20, 0x47,
    0x5d, 0xea, 0x13, 0x0, 0x1, 0x30, 0x62, 0x8c,
    0xea, 0xc6, 0x50, 0x2, 0x38, 0x24, 0xa9, 0x3,
    0x85, 0x86, 0x7c, 0x70, 0x7, 0x9e, 0xc0, 0x19,
    0xfe, 0x40,

    /* U+52FE "勾" */
    0x0, 0xd8, 0x40, 0x1f, 0xf2, 0x11, 0x0, 0x3f,
    0xe8, 0x1e, 0xef, 0xc4, 0x0, 0x42, 0xdc, 0xcf,
    0x84, 0x2, 0x98, 0x29, 0x72, 0x2e, 0x3, 0xa,
    0x16, 0x34, 0x70, 0xf, 0x8, 0x1e, 0x84, 0x39,
    0x44, 0x0, 0x2, 0x1, 0x48, 0xaa, 0xa0, 0x25,
    0x88, 0xc, 0x40, 0x21, 0xba, 0x1, 0x25, 0x90,
    0x13, 0x0, 0xac, 0x6b, 0xfe, 0x5, 0x46, 0x10,
    0xa, 0x6f, 0x3f, 0xb2, 0xe9, 0x89, 0x80, 0x23,
    0x42, 0x0, 0x85, 0xe, 0xf0, 0x3, 0xf1, 0x77,
    0xf0, 0x30, 0x7, 0xe2, 0xff, 0xb0, 0x0,

    /* U+52FF "勿" */
    0x0, 0xa1, 0xc0, 0x3f, 0xe6, 0x30, 0xf, 0xf2,
    0x8c, 0x66, 0x7d, 0x20, 0x9, 0x78, 0x75, 0x84,
    0x8, 0x42, 0x6, 0x18, 0x45, 0xb4, 0x1b, 0x4e,
    0x12, 0x99, 0x2, 0x91, 0x1, 0xc, 0x4, 0xd1,
    0xd0, 0x26, 0x40, 0x44, 0x40, 0x0, 0xb4, 0x2,
    0x8a, 0x82, 0xa8, 0x1, 0xfe, 0x0, 0xd, 0xc8,
    0x2, 0x78, 0x0, 0x42, 0x0, 0xa7, 0x40, 0x63,
    0x40, 0x3, 0x18, 0x5b, 0xc8, 0xc, 0x48, 0x4,
    0x4c, 0x1f, 0x80, 0xd, 0x74, 0x10, 0x31, 0x30,
    0x40, 0x2, 0x3c, 0x84, 0x7e, 0x40, 0x0,

    /* U+5305 "包" */
    0x0, 0x87, 0x0, 0x3f, 0xf8, 0x12, 0xe0, 0x1f,
    0xf1, 0x3a, 0x7f, 0xfc, 0x60, 0x17, 0x3f, 0xff,
    0xc2, 0x1, 0x58, 0x61, 0x9e, 0x0, 0xc2, 0x6,
    0x13, 0x71, 0x16, 0x20, 0x0, 0x4c, 0xe, 0xc4,
    0xee, 0xe3, 0x0, 0xc2, 0x1, 0xc4, 0x50, 0x4,
    0x20, 0x1e, 0x3e, 0xe8, 0x1c, 0x10, 0x80, 0x38,
    0xf3, 0x30, 0x75, 0xd8, 0x3, 0xfc, 0x7d, 0xc6,
    0x73, 0x0, 0x39, 0x8, 0x7, 0x86, 0x9c, 0x0,
    0x69, 0xdf, 0xfe, 0xe7, 0x40,

    /* U+5316 "化" */
    0x0, 0xc2, 0x1, 0xff, 0xc1, 0xe2, 0xe, 0x30,
    0xf, 0xce, 0x84, 0x1, 0xfe, 0x19, 0x80, 0xf,
    0x35, 0x0, 0x56, 0x26, 0x1, 0xc7, 0x3e, 0x0,
    0x65, 0x0, 0xf1, 0x6b, 0xa8, 0x14, 0xc8, 0x3,
    0x9b, 0x1e, 0x0, 0x5, 0x4e, 0x1, 0xd4, 0xd2,
    0x1, 0x94, 0x3, 0x40, 0xcc, 0x0, 0x7e, 0x2d,
    0x40, 0x50, 0xf, 0xe2, 0x8c, 0x10, 0xd, 0x66,
    0x1, 0xca, 0x1, 0xe6, 0x0, 0xfe, 0x61, 0x11,
    0x14, 0x1, 0xf4, 0xd7, 0x73, 0x58, 0x40,

    /* U+5339 "匹" */
    0xef, 0xff, 0xf6, 0x6, 0xff, 0x7, 0xf8, 0xb7,
    0xfd, 0x80, 0x18, 0x40, 0x3f, 0xc6, 0x60, 0xf,
    0xf3, 0x8, 0x7, 0xf8, 0xd4, 0x3, 0x84, 0xc0,
    0x2b, 0xc0, 0xe, 0x28, 0x0, 0x28, 0xa8, 0x4,
    0x88, 0xb2, 0x1, 0x8e, 0x0, 0xa3, 0x7c, 0xac,
    0x7, 0x4c, 0x2, 0x5b, 0xb5, 0x10, 0x6f, 0xff,
    0xf7, 0x77, 0xff, 0x4,

    /* U+533A "区" */
    0xdf, 0xff, 0xf6, 0x0, 0x37, 0xff, 0xee, 0xfc,
    0x0, 0x85, 0x0, 0x33, 0xe8, 0x7, 0x1c, 0xb8,
    0x0, 0xa7, 0x80, 0x38, 0xb2, 0xe4, 0x7e, 0x8,
    0x3, 0xc3, 0x85, 0xee, 0xc0, 0x1f, 0xc2, 0xc,
    0x1, 0xf8, 0x6c, 0x79, 0xb0, 0x40, 0x38, 0xf0,
    0x6c, 0x29, 0xb4, 0x3, 0xa6, 0xa8, 0x1, 0x53,
    0x10, 0x6, 0xa7, 0x0, 0xea, 0x20, 0xb, 0x7f,
    0xff, 0xc2,

    /* U+533F "匿" */
    0xaf, 0xff, 0xf8, 0x1, 0x3f, 0xe8, 0xcf, 0xf2,
    0xff, 0xc0, 0x14, 0x6c, 0x6e, 0xcb, 0xba, 0x40,
    0xa, 0x35, 0xe2, 0x74, 0xf7, 0x48, 0x1, 0xd1,
    0xf8, 0x18, 0x1, 0xeb, 0xde, 0x65, 0xdd, 0xd0,
    0x1, 0x5e, 0x9c, 0xe6, 0x6d, 0x80, 0x8, 0x70,
    0xb6, 0xaa, 0xf6, 0x0, 0xd7, 0x25, 0x57, 0x72,
    0x0, 0x75, 0x2b, 0x6e, 0x64, 0xe6, 0x1, 0xeb,
    0xcc, 0xda, 0xa0, 0x14, 0xff, 0xff, 0x94,

    /* U+5341 "十" */
    0x0, 0xf2, 0xe8, 0x7, 0xff, 0xcd, 0x57, 0xb4,
    0xd5, 0x78, 0x82, 0x67, 0x94, 0x66, 0x79, 0x3,
    0x33, 0xa0, 0xb3, 0x39, 0x80, 0x3f, 0xff, 0x40,

    /* U+5343 "千" */
    0x0, 0xff, 0x20, 0x7, 0x84, 0xd5, 0xeb, 0x7e,
    0x10, 0x2, 0x8f, 0xfd, 0x25, 0xdf, 0x88, 0x1,
    0x47, 0xf6, 0x51, 0xe1, 0x80, 0x7f, 0xf2, 0x4,
    0x78, 0x4, 0x7c, 0xf, 0xdd, 0xc5, 0x5d, 0xdc,
    0xf, 0xff, 0xc5, 0x7f, 0xfc, 0x1, 0xff, 0xfb,

    /* U+5347 "升" */
    0x0, 0xe1, 0x82, 0xe, 0x20, 0xf, 0x25, 0x71,
    0x0, 0x7e, 0x9e, 0x95, 0xea, 0x20, 0xf, 0xb3,
    0xfc, 0x2, 0x1, 0xfc, 0xa2, 0x1, 0xff, 0xc0,
    0x11, 0x80, 0x47, 0xf0, 0x27, 0x73, 0x3, 0xbb,
    0x6, 0x77, 0x9, 0x3f, 0xd8, 0x5f, 0xf8, 0x77,
    0xfc, 0x40, 0x12, 0xb0, 0x7, 0xff, 0x3, 0x70,
    0x3, 0xfe, 0x55, 0x30, 0x7, 0xf9, 0x6a, 0x82,
    0x1, 0xfc, 0x51, 0x68, 0x1, 0xfe, 0x2d, 0x40,
    0xf, 0x71, 0x0, 0x40,

    /* U+534F "协" */
    0x0, 0x70, 0x80, 0x49, 0x80, 0x1f, 0xfd, 0x52,
    0x41, 0x42, 0xcf, 0xb3, 0xff, 0x38, 0x1, 0xfc,
    0x25, 0x77, 0x50, 0x9a, 0xa0, 0x12, 0xd8, 0xeb,
    0xa9, 0x81, 0x10, 0xfc, 0x80, 0x3d, 0x45, 0xde,
    0x0, 0x19, 0x0, 0xe4, 0x33, 0x22, 0x81, 0xe2,
    0x80, 0x74, 0x59, 0x9c, 0x2, 0xa, 0x80, 0x1a,
    0x1a, 0x24, 0x0, 0xe3, 0xce, 0x1, 0x91, 0x59,
    0xc0, 0x2, 0xea, 0x60, 0x18, 0xef, 0x80, 0x2,
    0x44, 0x0, 0xe3, 0xfd, 0x32, 0xfe, 0x61, 0x0,
    0xdc, 0x58, 0x60, 0x5f, 0xe9, 0x0, 0x80,

    /* U+5355 "单" */
    0x0, 0x95, 0x0, 0x31, 0xb8, 0x7, 0x9a, 0x84,
    0x2, 0xe0, 0xf, 0x2b, 0x14, 0x2a, 0xa4, 0xc9,
    0x40, 0x35, 0xe2, 0x85, 0xf0, 0x3e, 0x50, 0x7,
    0x44, 0xc8, 0xbe, 0x66, 0x0, 0xf6, 0x6e, 0x8e,
    0xb7, 0x60, 0xf, 0x66, 0xe8, 0xeb, 0x76, 0x0,
    0xf6, 0x6e, 0x8e, 0xb7, 0x60, 0xe, 0xfc, 0xc8,
    0xaf, 0x32, 0xe0, 0x0, 0x91, 0x9e, 0x3, 0x3e,
    0x20, 0x7f, 0xfe, 0x2b, 0xff, 0xe0, 0x6d, 0xde,
    0x39, 0xdd, 0xe0, 0xf, 0xfe, 0x18,

    /* U+5357 "南" */
    0x0, 0xe4, 0xe0, 0xf, 0x9, 0x16, 0x11, 0x11,
    0x70, 0xd7, 0xfe, 0xb0, 0xff, 0xe6, 0xbd, 0xdd,
    0x43, 0xbb, 0xce, 0x5d, 0xda, 0x87, 0xbb, 0x48,
    0x8, 0x7e, 0x27, 0xf6, 0xbf, 0xc9, 0x80, 0x42,
    0x42, 0xa3, 0x58, 0x22, 0x0, 0xed, 0x59, 0xd6,
    0x88, 0x0, 0x7b, 0x7b, 0x81, 0xfb, 0x0, 0x1c,
    0x77, 0x6f, 0x2b, 0xb4, 0x80, 0x71, 0x44, 0x24,
    0xa2, 0x16, 0x1, 0xc2, 0x66, 0x60, 0x33, 0x10,
    0x7, 0xfc, 0xdd, 0x18, 0x7, 0xc0, 0x11, 0xe8,
    0x37, 0x71, 0x80,

    /* U+5360 "占" */
    0x0, 0xc3, 0xe0, 0x1f, 0xfd, 0x8f, 0xfe, 0x90,
    0xf, 0x7f, 0xf4, 0x80, 0x7f, 0xf0, 0x62, 0x29,
    0x8, 0x8c, 0xa0, 0x7, 0xff, 0xa3, 0xfe, 0x3f,
    0x0, 0x9d, 0xfe, 0xc0, 0xf, 0xfe, 0x87, 0xff,
    0xd0, 0x1, 0xbf, 0xfe, 0x80, 0xb, 0x80, 0x3e,
    0x7a, 0x0,

    /* U+5361 "卡" */
    0x0, 0xf7, 0x10, 0x7, 0xff, 0x3f, 0x7f, 0xec,
    0x0, 0xfe, 0xcf, 0xfb, 0x0, 0x3f, 0x84, 0x3,
    0xc7, 0x55, 0xc3, 0x35, 0x5c, 0x43, 0x99, 0xc0,
    0x79, 0x9c, 0x64, 0xcd, 0xc3, 0x6c, 0xdc, 0x20,
    0x1f, 0x5e, 0xb8, 0x80, 0x7f, 0xaf, 0xfb, 0xe8,
    0x80, 0x3f, 0x8a, 0x7f, 0x44, 0x3, 0xfe, 0x17,
    0x30, 0xf, 0xfe, 0x18,

    /* U+5370 "印" */
    0x0, 0xc6, 0xe0, 0x1f, 0xc5, 0x1b, 0xde, 0x29,
    0xff, 0xc0, 0xa, 0x3f, 0xd8, 0x10, 0x3e, 0xe8,
    0x3, 0x19, 0x0, 0x70, 0x8c, 0x1, 0xff, 0xc6,
    0x7f, 0xf9, 0x80, 0x3f, 0x9b, 0xba, 0x60, 0xf,
    0xe1, 0x1c, 0x1, 0xff, 0xcc, 0x14, 0x8c, 0x60,
    0x8, 0x88, 0x1, 0x33, 0x23, 0xfc, 0xc0, 0x17,
    0xe2, 0x80, 0x2b, 0xf1, 0xcc, 0x3, 0x6f, 0x50,
    0x1, 0x0, 0x3f, 0xf8, 0x0,

    /* U+5373 "即" */
    0x6f, 0xfe, 0xe, 0xff, 0xc0, 0x5, 0xff, 0x80,
    0x2d, 0xff, 0x0, 0x42, 0x1, 0xff, 0xc0, 0x4e,
    0xe8, 0x3, 0xf9, 0x7b, 0xa0, 0xf, 0xe1, 0x22,
    0x80, 0x3f, 0x93, 0xfe, 0x20, 0xf, 0xcb, 0xbf,
    0x7a, 0x1, 0xfe, 0x38, 0x20, 0xa, 0xf4, 0x40,
    0x2, 0xda, 0x32, 0x1, 0x57, 0xf0, 0x52, 0x64,
    0xfb, 0x10, 0x0, 0x48, 0x1, 0x1d, 0x4a, 0x18,
    0x40, 0x1e,

    /* U+5374 "却" */
    0x0, 0x87, 0x80, 0x3f, 0xf8, 0xb9, 0xff, 0x80,
    0xf, 0xb8, 0x3b, 0xa2, 0xc, 0xff, 0x0, 0x4d,
    0xd2, 0x1d, 0xc2, 0x0, 0xf8, 0x4d, 0x44, 0xcc,
    0x1, 0xf8, 0x44, 0x42, 0x30, 0x7, 0xef, 0xf6,
    0x7, 0xf9, 0xc0, 0x3e, 0xee, 0x2c, 0x77, 0x1c,
    0x3, 0xf0, 0xa3, 0x3b, 0x80, 0x3f, 0xa1, 0x85,
    0xa8, 0x2, 0x22, 0x0, 0x46, 0xc5, 0x7e, 0x4a,
    0x0, 0x8c, 0x60, 0x5, 0x37, 0xcf, 0x59, 0x0,
    0x2b, 0xa4, 0x1, 0x32, 0x52, 0x4, 0x70, 0xf,
    0x0,

    /* U+5382 "厂" */
    0x0, 0x7f, 0xff, 0xc0, 0x1b, 0x37, 0x7f, 0x80,
    0x31, 0x17, 0xf8, 0x3, 0xff, 0x8c, 0x20, 0x1f,
    0xf0, 0x80, 0x7f, 0xf0, 0x4c, 0x3, 0xff, 0x82,
    0x24, 0x1, 0xff, 0xc0, 0x56, 0x0, 0xff, 0xe0,
    0x6e, 0x0, 0x7f, 0xc2, 0x8a, 0x1, 0xff, 0x13,
    0x90, 0x7, 0xfc,

    /* U+5386 "历" */
    0x6, 0xff, 0xff, 0x90, 0x0, 0xbf, 0xfa, 0xbf,
    0xf9, 0x0, 0x3c, 0x34, 0x1, 0xff, 0xc0, 0x31,
    0x0, 0xfe, 0x6f, 0xf6, 0x8f, 0xfe, 0x80, 0xc,
    0xdf, 0xea, 0x3f, 0xf9, 0xbc, 0x0, 0x26, 0x1,
    0x12, 0x80, 0x46, 0x20, 0xf, 0x10, 0xb, 0x30,
    0x1, 0x9, 0x80, 0xb, 0x80, 0x4, 0x8a, 0x1,
    0x38, 0x80, 0x1c, 0x80, 0x12, 0xe0, 0x18, 0x98,
    0x4, 0x90, 0x29, 0xe0, 0x2, 0x31, 0x20, 0x54,
    0xb, 0xc, 0x0, 0x67, 0xe4, 0x0, 0x12, 0xc2,
    0xe8, 0x2, 0xcf, 0xf3, 0x80, 0x0,

    /* U+538B "压" */
    0x6, 0xff, 0xff, 0x88, 0x0, 0xbf, 0xfb, 0xbf,
    0xf8, 0x80, 0x3e, 0xd4, 0x0, 0xff, 0xe5, 0x88,
    0xc0, 0x23, 0x80, 0x31, 0xc7, 0xfc, 0x75, 0xff,
    0x30, 0x0, 0x45, 0x1d, 0xd1, 0xdf, 0x74, 0xc0,
    0xf, 0xf0, 0x7, 0x93, 0x4, 0x2, 0x22, 0x0,
    0x79, 0x2b, 0x40, 0x27, 0x70, 0x7, 0xcd, 0xc0,
    0x2, 0x37, 0x99, 0xc5, 0xf3, 0x2b, 0x91, 0x69,
    0x6f, 0xfd, 0x1b, 0xff, 0x84,

    /* U+539F "原" */
    0x2, 0xff, 0xff, 0x8c, 0x0, 0x3f, 0xf9, 0xdd,
    0xff, 0x8c, 0x3, 0x5e, 0x61, 0xd7, 0x32, 0x10,
    0xe, 0x5e, 0xcf, 0xdc, 0xc1, 0x80, 0x63, 0x0,
    0x4d, 0x57, 0x0, 0x61, 0x0, 0xbe, 0x23, 0x80,
    0x33, 0x88, 0x7, 0xff, 0x0, 0x98, 0x1f, 0xa2,
    0x76, 0x20, 0xa0, 0x17, 0x10, 0x49, 0xd4, 0x15,
    0x6d, 0x8, 0x1, 0x30, 0x2c, 0x40, 0x3b, 0x0,
    0x4, 0x44, 0xb2, 0x80, 0xc, 0xeb, 0x60, 0x8,
    0x8, 0x93, 0xed, 0x40, 0x4, 0xf8, 0x13, 0x1,
    0x81, 0xf7, 0x24, 0x2, 0x40,

    /* U+53BB "去" */
    0x0, 0xf6, 0x28, 0x7, 0xff, 0x25, 0x73, 0x31,
    0xc6, 0x66, 0x0, 0x92, 0x23, 0x12, 0xc4, 0x60,
    0x8, 0x51, 0x30, 0xea, 0x26, 0x0, 0xff, 0xe2,
    0x36, 0xef, 0x1d, 0xee, 0xf0, 0xbf, 0x75, 0x65,
    0x7b, 0xdd, 0xc2, 0x23, 0x3a, 0xe5, 0xd, 0x64,
    0xce, 0x0, 0xd0, 0xcc, 0x0, 0x33, 0x1c, 0x3,
    0x95, 0x54, 0x1, 0xa2, 0x8, 0x1, 0x25, 0x6,
    0xeb, 0xbf, 0xd4, 0x54, 0x1, 0x34, 0x45, 0xdf,
    0xf7, 0x6a, 0x98, 0x0,

    /* U+53C2 "参" */
    0x0, 0xff, 0xe3, 0xae, 0x1, 0x20, 0x7, 0xe6,
    0xbf, 0x1, 0x99, 0x0, 0x70, 0xdc, 0x94, 0x5f,
    0x83, 0x60, 0x80, 0x4f, 0x97, 0x65, 0x9d, 0xd7,
    0xbb, 0x80, 0x26, 0x74, 0xc9, 0x21, 0x0, 0x5b,
    0x0, 0xf7, 0x5e, 0x93, 0xdf, 0xee, 0xe9, 0xc7,
    0xb9, 0x41, 0x9d, 0x9a, 0x53, 0xdc, 0x70, 0x3,
    0x5d, 0x3d, 0x70, 0xe5, 0xd0, 0x80, 0x2e, 0xe9,
    0xee, 0x62, 0xb6, 0x1f, 0xa8, 0x7e, 0xa6, 0x4e,
    0x6f, 0xb0, 0xce, 0xa0, 0x20, 0x17, 0x47, 0x64,
    0xaf, 0xb1, 0x88, 0x4, 0x5d, 0x6a, 0xdb, 0xfa,
    0xc0, 0x18, 0x6b, 0x3b, 0xc3, 0xec, 0xc0, 0x38,
    0x7b, 0xac, 0x72, 0x0, 0xe0,

    /* U+53C8 "又" */
    0x0, 0xff, 0xe1, 0xc7, 0xff, 0xf7, 0x0, 0x51,
    0x27, 0xdd, 0xe9, 0x50, 0xc, 0xc4, 0x62, 0x3d,
    0xba, 0x0, 0xe7, 0xb0, 0xc, 0x6a, 0xc0, 0x1d,
    0xc, 0x40, 0x14, 0x48, 0x7, 0x85, 0xe4, 0x0,
    0xcc, 0x70, 0xf, 0xa1, 0x9c, 0xe3, 0xc0, 0x3f,
    0xbe, 0x72, 0x88, 0x3, 0xf9, 0x40, 0x74, 0x3,
    0xf2, 0x6d, 0xe6, 0x17, 0x54, 0x2, 0x17, 0xda,
    0xbc, 0x22, 0x65, 0xdb, 0x5c, 0x87, 0x63, 0x98,
    0x3, 0x37, 0x46, 0x80,

    /* U+53C9 "叉" */
    0x2, 0x33, 0xfe, 0x20, 0xa, 0xb3, 0x7b, 0xbd,
    0xba, 0x0, 0xa2, 0x53, 0x73, 0xb7, 0x69, 0x50,
    0xc, 0xea, 0x25, 0xaa, 0x0, 0xae, 0x0, 0xc2,
    0xd2, 0x79, 0x66, 0xc2, 0x80, 0x1d, 0xe, 0x44,
    0xc2, 0x8f, 0x0, 0xf0, 0xc7, 0x81, 0x53, 0x98,
    0x7, 0xce, 0xd7, 0x4f, 0x20, 0x1f, 0xd4, 0x8b,
    0xc0, 0x1f, 0xcb, 0xea, 0xac, 0x60, 0xf, 0x2e,
    0x5d, 0xaa, 0x97, 0x6d, 0x72, 0x4, 0xe8, 0xae,
    0x50, 0x2, 0xec, 0x66, 0x9a, 0x6e, 0x98, 0x3,
    0xcb, 0x7e, 0x60,

    /* U+53CA "及" */
    0x9, 0xff, 0xfc, 0x1, 0xd3, 0xfa, 0x1f, 0xf5,
    0x20, 0x7, 0xf1, 0x80, 0x33, 0x0, 0x1f, 0xd6,
    0x0, 0x79, 0xdd, 0x48, 0x6, 0x61, 0x60, 0x6,
    0xe7, 0xb0, 0x80, 0x62, 0x54, 0x70, 0x32, 0x34,
    0xa0, 0xd, 0x87, 0x12, 0x20, 0x9, 0x52, 0x0,
    0xcb, 0x65, 0x3a, 0x8, 0xf6, 0x1, 0x9c, 0xcc,
    0xe, 0xec, 0xbb, 0x8, 0x4, 0x51, 0x0, 0x8,
    0xcc, 0x22, 0x0, 0x87, 0x1d, 0xa, 0x38, 0xf6,
    0xed, 0xae, 0x43, 0x10, 0xa, 0x1d, 0xb2, 0x5e,
    0x8d, 0x0,

    /* U+53CC "双" */
    0x1e, 0xed, 0xed, 0xdd, 0xbe, 0x0, 0x7f, 0xf0,
    0xb9, 0xd7, 0xf9, 0x80, 0x23, 0x11, 0x80, 0x5c,
    0x46, 0x2d, 0x0, 0x4c, 0x2, 0x28, 0x6e, 0x80,
    0x8, 0x80, 0x5, 0x2a, 0x66, 0x1, 0x14, 0x10,
    0x84, 0x0, 0x3d, 0x4a, 0x80, 0x66, 0x1f, 0xa0,
    0xc, 0x6c, 0x46, 0x0, 0x7b, 0x46, 0x0, 0xe2,
    0x6, 0x0, 0x52, 0xb8, 0x80, 0x63, 0x4c, 0x81,
    0x4, 0x1, 0x0, 0xc3, 0xd6, 0x6e, 0x4d, 0x36,
    0xea, 0x0, 0x1d, 0x75, 0x8, 0xa8, 0xd4, 0xaa,
    0x38, 0x1a, 0xd0, 0x4, 0x7e, 0x60, 0x99, 0xa0,

    /* U+53CD "反" */
    0x0, 0xf0, 0x9a, 0xbd, 0xc0, 0x6, 0x8d, 0xef,
    0xfe, 0xea, 0x0, 0xc4, 0xbd, 0xfd, 0x95, 0xa,
    0x40, 0x1d, 0xe0, 0x1f, 0xfc, 0x1e, 0x44, 0xf8,
    0x80, 0x39, 0x2a, 0x62, 0x35, 0x40, 0x7, 0x5d,
    0x9b, 0x33, 0x1f, 0x80, 0x61, 0x35, 0x63, 0x0,
    0x28, 0x28, 0x6, 0x66, 0x4, 0x70, 0xd, 0xc8,
    0x7, 0x11, 0x1, 0x52, 0xf1, 0x90, 0x3, 0x19,
    0x8, 0x3, 0x50, 0xa8, 0x3, 0xa9, 0x0, 0xea,
    0x93, 0x1b, 0x24, 0x0, 0x16, 0xba, 0xd2, 0xf6,
    0x7d, 0xc, 0xa0, 0x1d, 0x2b, 0xe8, 0x10, 0x1,
    0x4f, 0x58, 0x0,

    /* U+53D1 "发" */
    0x0, 0xff, 0xe2, 0xb8, 0x85, 0xb0, 0x1b, 0x80,
    0x71, 0xc8, 0x82, 0x90, 0x15, 0x30, 0x6, 0xa6,
    0x1, 0x12, 0x80, 0xe7, 0x0, 0x44, 0xcb, 0x98,
    0xd, 0xcc, 0x6a, 0x60, 0x0, 0xab, 0xbd, 0x97,
    0xff, 0xc0, 0x12, 0x99, 0x93, 0xc8, 0xb1, 0x98,
    0x3, 0x98, 0x2b, 0xbb, 0x50, 0x7, 0xa0, 0x2f,
    0xfe, 0x1e, 0x0, 0xea, 0x2c, 0xa1, 0x9, 0x24,
    0x0, 0xce, 0x9c, 0x73, 0xb0, 0xfa, 0x1, 0xa6,
    0x5a, 0x40, 0xe2, 0xf2, 0x20, 0x11, 0xae, 0x18,
    0xbf, 0x3c, 0xcb, 0x14, 0x0, 0x78, 0x4b, 0xfd,
    0x94, 0xdd, 0x53, 0xe4, 0x1, 0x2f, 0x49, 0x0,
    0x4d, 0x9e, 0x40,

    /* U+53D6 "取" */
    0x5f, 0xff, 0x8, 0x7, 0x96, 0x57, 0xfc, 0x1f,
    0xfe, 0xe0, 0xf, 0xde, 0x5f, 0xec, 0x20, 0x9,
    0x7b, 0x80, 0x1, 0x30, 0x2, 0xa8, 0x2, 0x5e,
    0xe0, 0x4, 0xa8, 0x1b, 0x80, 0x1f, 0xdb, 0xa1,
    0x45, 0x0, 0x97, 0xb8, 0x1, 0x3b, 0x99, 0x40,
    0x32, 0xf7, 0x0, 0x21, 0x58, 0x90, 0xe, 0x24,
    0x9, 0x20, 0x21, 0x30, 0x2, 0x42, 0x76, 0x86,
    0x92, 0x3a, 0xd0, 0x1, 0x3f, 0xb2, 0x41, 0x16,
    0xb6, 0xda, 0x40, 0x2, 0x1, 0x86, 0x74, 0xc3,
    0x4c, 0xc0, 0x1d, 0xe3, 0x86, 0x0, 0x1a, 0x30,

    /* U+53D7 "受" */
    0x0, 0xc2, 0x46, 0xaf, 0x37, 0x60, 0xa, 0xbb,
    0x99, 0xdf, 0x9f, 0xf4, 0x80, 0x55, 0xd, 0xb8,
    0xfb, 0xd, 0x90, 0x1, 0x99, 0x82, 0x1b, 0x80,
    0x4d, 0x60, 0x17, 0x70, 0x7f, 0xa1, 0xbb, 0x47,
    0xf8, 0x0, 0x3d, 0xfd, 0xdd, 0xfe, 0xe1, 0x0,
    0x8, 0x7, 0xe1, 0x0, 0xdc, 0x9f, 0xee, 0xed,
    0xfc, 0x3e, 0x1, 0x24, 0x27, 0x76, 0x39, 0x10,
    0xe, 0x72, 0xb1, 0x16, 0x2b, 0x0, 0x7d, 0x27,
    0xfe, 0xb9, 0x0, 0xf9, 0x25, 0x91, 0x66, 0x48,
    0x1, 0xb3, 0xfd, 0xdf, 0x57, 0x83, 0x1f, 0xa0,
    0xe, 0xfb, 0x71, 0x0, 0x14, 0x67, 0xf8, 0x0,

    /* U+53D8 "变" */
    0x0, 0xf4, 0xa0, 0x7, 0xca, 0xbc, 0x14, 0xab,
    0xc0, 0xc, 0xcb, 0xe8, 0x1e, 0xbf, 0x32, 0x0,
    0x4c, 0x1c, 0xc, 0xc8, 0x64, 0x66, 0x40, 0x14,
    0x10, 0x7, 0x8, 0x58, 0x4, 0xc9, 0x0, 0x1e,
    0x81, 0x90, 0x3, 0xe0, 0x19, 0x0, 0x8, 0xc2,
    0xac, 0x2, 0xef, 0xe3, 0xff, 0x1f, 0x7a, 0x10,
    0x0, 0x7d, 0x5b, 0xff, 0x41, 0xa0, 0x7, 0x51,
    0xd0, 0x85, 0x5e, 0x80, 0x7d, 0x45, 0xfc, 0x78,
    0x20, 0x18, 0x51, 0xf1, 0x9a, 0x7b, 0x74, 0x10,
    0x6, 0x7f, 0xdd, 0x10, 0xef, 0xfb, 0x4,

    /* U+53D9 "叙" */
    0x0, 0xd8, 0x20, 0x1f, 0xf5, 0x15, 0x83, 0x66,
    0x71, 0x0, 0x21, 0xb8, 0xf4, 0xca, 0x22, 0x20,
    0x5, 0x2e, 0x84, 0xae, 0x8a, 0x24, 0x24, 0x41,
    0x3e, 0xff, 0x2c, 0x19, 0x80, 0xcc, 0x5, 0x7d,
    0xc1, 0xfd, 0x4, 0x50, 0x45, 0x0, 0x19, 0x94,
    0xc, 0xc5, 0x9a, 0x17, 0xa0, 0x9, 0x8f, 0x18,
    0x82, 0xa2, 0xa1, 0x20, 0x2, 0xb6, 0x86, 0xb5,
    0xc1, 0xee, 0x40, 0x24, 0xd0, 0x0, 0xd9, 0x7,
    0x82, 0x80, 0x5f, 0xe0, 0xa, 0xa8, 0x50, 0x9c,
    0x1, 0x62, 0x0, 0x4f, 0x98, 0x8b, 0xb, 0x10,
    0x77, 0x7a, 0x0, 0xcd, 0xb0, 0x60, 0x28, 0x1,
    0xfa, 0x80, 0x75, 0x40, 0x2b, 0x40,

    /* U+53E0 "叠" */
    0x0, 0xff, 0xe2, 0x6f, 0xfb, 0xaf, 0x7e, 0x0,
    0x3b, 0xe9, 0x41, 0xcd, 0xa8, 0x2, 0x5b, 0xd8,
    0x1d, 0xb7, 0x4c, 0x96, 0x6, 0xa, 0xb7, 0x30,
    0x38, 0xa4, 0x50, 0x3c, 0xa9, 0x90, 0x39, 0xd5,
    0xa9, 0x86, 0xea, 0xf3, 0x93, 0x3, 0x34, 0x64,
    0xc, 0x3a, 0x47, 0x98, 0xe6, 0x9, 0xc0, 0xac,
    0x40, 0x3d, 0xf4, 0x41, 0x82, 0x80, 0x1c, 0xfa,
    0x38, 0x1, 0xbf, 0xf9, 0xc0, 0x3f, 0xf8, 0x2,
    0x1, 0x2f, 0xf8, 0x2a, 0xb9, 0x1f, 0xf8,

    /* U+53E3 "口" */
    0x1, 0x1f, 0xf0, 0x1f, 0x77, 0xf9, 0x0, 0x7f,
    0xff, 0x10, 0x7, 0xff, 0xfd, 0x13, 0xf1, 0x80,
    0x6, 0x23, 0xf0, 0x80, 0x7, 0x33, 0xf1, 0x1,
    0xf0, 0x7, 0xed, 0x40,

    /* U+53E4 "古" */
    0x0, 0xe3, 0xe0, 0xf, 0xfe, 0x40, 0x8e, 0x71,
    0x1f, 0x6, 0xf7, 0x6b, 0xe, 0xee, 0x9d, 0xff,
    0xd8, 0x3f, 0xfd, 0x20, 0x1f, 0xfc, 0xf9, 0xff,
    0xb0, 0x7f, 0xf1, 0x0, 0x4f, 0xff, 0xf0, 0x7,
    0xff, 0x4d, 0xb7, 0x7e, 0x0, 0xe7, 0xff, 0xf8,
    0x3, 0x4c, 0x88, 0xbe, 0xf2, 0x0,

    /* U+53E5 "句" */
    0x0, 0xda, 0x20, 0x1f, 0xf2, 0x80, 0x80, 0x7f,
    0xd2, 0x5f, 0xff, 0x8c, 0x0, 0xa5, 0xdd, 0xf8,
    0x44, 0x3, 0x76, 0x11, 0xfe, 0x0, 0x6a, 0x67,
    0xf7, 0x5a, 0x1, 0x8c, 0x12, 0x8e, 0x7b, 0x98,
    0x60, 0x18, 0x42, 0x0, 0x3f, 0x84, 0x3, 0xff,
    0x82, 0x62, 0x1, 0xd1, 0x98, 0xf0, 0x9, 0x8c,
    0x3, 0x9b, 0xb9, 0xf8, 0x0, 0x26, 0x0, 0xd7,
    0x24, 0x51, 0x80, 0x37, 0x0, 0x30, 0x88, 0x2,
    0xdf, 0xf3, 0x30, 0x3, 0xfb, 0x3f, 0xda, 0x20,

    /* U+53E6 "另" */
    0x0, 0x77, 0xff, 0xed, 0x0, 0xdd, 0xff, 0xeb,
    0x0, 0xff, 0xe3, 0x18, 0x8f, 0xc0, 0x1d, 0xbd,
    0xde, 0xa1, 0x0, 0xbb, 0xfe, 0xd, 0xff, 0xb0,
    0xb, 0x77, 0x70, 0x66, 0xed, 0xc8, 0x59, 0x99,
    0x93, 0xf3, 0x23, 0x0, 0x8, 0xc0, 0xdc, 0x23,
    0x8d, 0xc0, 0x21, 0xd4, 0x50, 0xc, 0x24, 0x4,
    0xfe, 0xb4, 0x1, 0x90, 0x44, 0x59, 0xdb, 0x20,
    0x17, 0x7d, 0xc8, 0x17, 0x49, 0x80, 0x6e, 0xff,
    0x38, 0x0,

    /* U+53EA "只" */
    0x0, 0x6f, 0xff, 0xed, 0x0, 0xc7, 0x9d, 0xde,
    0xb3, 0x0, 0xe1, 0x1f, 0x9c, 0x3, 0xff, 0xac,
    0xc4, 0x5e, 0x60, 0xe, 0x29, 0xff, 0xf4, 0x10,
    0x6, 0xcd, 0xdf, 0xd8, 0x1, 0xe9, 0x50, 0x2,
    0x50, 0x7, 0xd2, 0x88, 0x0, 0x21, 0xe9, 0x0,
    0x43, 0x6b, 0x82, 0x1, 0x4d, 0x61, 0x81, 0x79,
    0x60, 0x80, 0x73, 0xc6, 0x89, 0x64, 0x80, 0x7e,
    0x6c, 0x10,

    /* U+53EF "可" */
    0x9f, 0xff, 0xfb, 0xa7, 0xbb, 0xf8, 0x33, 0x80,
    0x47, 0xfe, 0x0, 0xbf, 0xbb, 0x60, 0x7, 0xec,
    0xcb, 0x48, 0x3, 0xf1, 0x16, 0x0, 0xff, 0xe5,
    0x19, 0xca, 0x1, 0xfd, 0xff, 0x42, 0x80, 0x7c,
    0x39, 0x9a, 0xc0, 0x3e, 0xe0, 0xc, 0x23, 0x80,
    0x3f, 0x97, 0xb8, 0x64, 0x1, 0xf9, 0x3f, 0xd8,
    0x0,

    /* U+53F0 "台" */
    0x0, 0xc6, 0x80, 0x1f, 0xc3, 0xa2, 0x1, 0xfd,
    0x4e, 0xa0, 0x94, 0x1, 0xd2, 0x12, 0x0, 0x43,
    0xb0, 0xa, 0xa, 0x84, 0x8d, 0x35, 0xac, 0x19,
    0xd3, 0xbf, 0xf7, 0x23, 0xcb, 0x7f, 0xdd, 0xb9,
    0x75, 0x3b, 0xa0, 0x7f, 0xff, 0xcc, 0x81, 0xed,
    0xff, 0xe5, 0xf0, 0xf, 0xfe, 0x7b, 0x77, 0x79,
    0x40, 0x32, 0xe6, 0x79, 0x0, 0x28, 0xa2, 0x2f,
    0x5c, 0x0,

    /* U+53F2 "史" */
    0x0, 0xf1, 0x70, 0x7, 0xff, 0x24, 0x73, 0x37,
    0xe, 0x66, 0xa0, 0x8, 0xe2, 0x29, 0x8, 0x8a,
    0x9c, 0x2, 0x14, 0x49, 0xc5, 0x12, 0x50, 0xf,
    0xfe, 0x30, 0xff, 0xda, 0x3f, 0xf6, 0x0, 0x43,
    0xb5, 0xdc, 0xa2, 0xee, 0xda, 0x1, 0xa8, 0xc7,
    0x50, 0x47, 0x0, 0x62, 0x8f, 0x36, 0xa0, 0xf,
    0xe7, 0x76, 0x11, 0x80, 0x7e, 0x4a, 0x47, 0x77,
    0x53, 0xa1, 0x8, 0x3, 0xa3, 0x7e, 0x2f, 0x31,
    0xd1, 0x9d, 0x61, 0xd8, 0xe2, 0x0, 0x26, 0x9c,
    0xef, 0xb0,

    /* U+53F7 "号" */
    0x0, 0x37, 0xff, 0xe6, 0x0, 0xe5, 0xff, 0xf2,
    0x0, 0x78, 0x48, 0xbc, 0x1, 0xe3, 0x7e, 0xef,
    0x39, 0x80, 0x65, 0xcc, 0xfc, 0xa0, 0x1, 0xee,
    0x7f, 0xbb, 0xbf, 0x0, 0xf7, 0x21, 0x3b, 0xbf,
    0x0, 0x69, 0x5d, 0xde, 0xe5, 0x0, 0xec, 0xfc,
    0xce, 0x6, 0x0, 0xe2, 0x11, 0xe0, 0x12, 0x0,
    0xff, 0x9c, 0xc4, 0x3, 0xf4, 0x7f, 0x44, 0x0,
    0x3f, 0xa3, 0xfb, 0x88, 0x1, 0x0,

    /* U+5404 "各" */
    0x0, 0xe8, 0x0, 0xff, 0xe0, 0x49, 0x88, 0xf0,
    0x7, 0x9d, 0x99, 0x99, 0x7f, 0x20, 0x6, 0x9a,
    0x2f, 0xdd, 0x61, 0x32, 0x0, 0x5a, 0x7b, 0x38,
    0xa7, 0xe9, 0x20, 0x1b, 0x28, 0x12, 0xeb, 0x26,
    0x0, 0x38, 0x41, 0x6e, 0xd1, 0x32, 0xb5, 0x10,
    0x1, 0xdf, 0x76, 0x76, 0xee, 0xd8, 0x65, 0xfa,
    0xb7, 0xdd, 0xad, 0x72, 0xc, 0x50, 0x43, 0xbb,
    0xc2, 0x24, 0x0, 0xff, 0xe3, 0x99, 0xf8, 0x3,
    0xe1, 0x88, 0xf0, 0x7, 0x8b, 0xee, 0xfd, 0xe4,
    0x0,

    /* U+5408 "合" */
    0x0, 0xf9, 0xc0, 0x3f, 0xf8, 0x15, 0x20, 0x1f,
    0xf5, 0xb, 0xe0, 0x80, 0x7c, 0x58, 0x17, 0x37,
    0xea, 0x1, 0xd1, 0xb7, 0x40, 0x7, 0xab, 0xb1,
    0x81, 0x71, 0x34, 0xf7, 0x6a, 0x6c, 0xd3, 0x2f,
    0xa9, 0xee, 0xf4, 0x3f, 0x18, 0x9, 0xe6, 0x7e,
    0x50, 0xc, 0xe3, 0xff, 0xe7, 0x20, 0xf, 0x19,
    0xf8, 0x40, 0x3f, 0xf9, 0x5, 0xdd, 0xe5, 0x0,
    0xf1, 0x7f, 0xf9, 0x0, 0x39, 0x34, 0x47, 0xd6,
    0xe0, 0x0,

    /* U+540C "同" */
    0xef, 0xff, 0xf3, 0x7, 0x7f, 0xfe, 0x60, 0xa,
    0xf3, 0x3c, 0x40, 0x1a, 0xbb, 0xbc, 0x40, 0x18,
    0x48, 0xbc, 0x1, 0xed, 0xee, 0xbe, 0x0, 0x3e,
    0xfe, 0xe4, 0x80, 0x7f, 0xf2, 0x33, 0x75, 0x0,
    0x1f, 0xbf, 0x31, 0xf0, 0x1, 0xed, 0x21, 0x18,
    0x0, 0x60, 0x1f, 0xd3, 0xe8, 0xa0,

    /* U+540D "名" */
    0x0, 0xe5, 0x40, 0xf, 0xe4, 0xa1, 0x22, 0x8c,
    0x3, 0x2d, 0x94, 0x7f, 0xd9, 0x20, 0x33, 0x19,
    0xbb, 0xa8, 0x60, 0x2c, 0x3e, 0xc, 0x0, 0xf3,
    0xa2, 0x15, 0x25, 0x1a, 0xf7, 0x58, 0x60, 0x1c,
    0x29, 0x7, 0xa4, 0x1, 0x13, 0xe6, 0xa8, 0x37,
    0x73, 0xf4, 0x7f, 0x5d, 0xbf, 0xdd, 0xd5, 0x18,
    0xed, 0x60, 0x7, 0x84, 0x3, 0xff, 0x8a, 0xfb,
    0xbd, 0x20, 0x1c, 0x9f, 0xfd, 0x60,

    /* U+540E "后" */
    0x0, 0xf0, 0x9a, 0xbd, 0x50, 0x3, 0x66, 0xf7,
    0xe7, 0xfe, 0x80, 0xc, 0x7f, 0xdf, 0xb9, 0x50,
    0xa4, 0x1, 0xc6, 0x1, 0xff, 0xc1, 0xef, 0xff,
    0xe3, 0x0, 0xbb, 0xff, 0xf8, 0xc0, 0x21, 0x0,
    0xff, 0x88, 0x0, 0xff, 0xff, 0x18, 0x1, 0x88,
    0x3d, 0xff, 0xf8, 0x40, 0x23, 0x70, 0xf, 0xfe,
    0x5, 0xe0, 0x7, 0xfc, 0x66, 0x70, 0x3, 0x66,
    0x70, 0x80, 0x1d, 0xc2, 0x0, 0x4f, 0xfe, 0x10,
    0x2, 0x40, 0x2, 0x28, 0xcf, 0xb8, 0xc0,

    /* U+5411 "向" */
    0x0, 0xc2, 0xe2, 0x1, 0xfc, 0xf2, 0x20, 0x1c,
    0x24, 0x55, 0xb1, 0x17, 0xe, 0x66, 0x36, 0xcc,
    0xda, 0xc1, 0xbd, 0xdf, 0x98, 0x3, 0x19, 0xf1,
    0x0, 0x7b, 0x22, 0x2f, 0xe0, 0xf, 0xae, 0xef,
    0x0, 0xff, 0xe4, 0x7f, 0xd8, 0x1, 0xfb, 0xff,
    0x60, 0x7, 0xbc, 0x3, 0x8, 0x80, 0x3f, 0xdb,
    0xce, 0x80,

    /* U+5426 "否" */
    0x1f, 0xff, 0xfe, 0x0, 0x8b, 0xff, 0xa4, 0x77,
    0xff, 0x8, 0x7, 0x4c, 0x99, 0x8a, 0x1, 0xf3,
    0x71, 0xb0, 0x3f, 0x6a, 0x80, 0x5, 0xfa, 0xaa,
    0x10, 0x3b, 0xe8, 0xc1, 0xd, 0xac, 0x40, 0xe,
    0x3d, 0xb1, 0x15, 0x20, 0x5, 0x76, 0x0, 0xce,
    0x1, 0x47, 0xf7, 0x37, 0x5d, 0xcf, 0xa0, 0xe,
    0x6e, 0xef, 0x38, 0x7, 0xff, 0x21, 0xee, 0xfc,
    0xa0, 0x1e, 0x48, 0x8f, 0x20, 0x7, 0x45, 0x19,
    0xfa, 0x68, 0x0,

    /* U+542B "含" */
    0x0, 0xf0, 0xa8, 0x7, 0xfc, 0x3b, 0x0, 0x1f,
    0xe2, 0xc5, 0xac, 0x20, 0xf, 0x9f, 0x57, 0x1e,
    0x71, 0xc0, 0x21, 0x7e, 0xbc, 0x9f, 0xc4, 0xcc,
    0x74, 0x10, 0x65, 0xf8, 0x14, 0xa2, 0x8c, 0xe8,
    0x98, 0xd8, 0xff, 0xe4, 0x8c, 0x93, 0x91, 0x0,
    0x26, 0x67, 0x2a, 0x58, 0x7, 0x36, 0xee, 0xe6,
    0x66, 0xb0, 0x6, 0xe4, 0xcc, 0xbf, 0xb1, 0xf8,
    0x3, 0xc2, 0x3e, 0x30, 0xf, 0x3d, 0xdf, 0x9c,
    0x3, 0xc9, 0x11, 0xe5, 0x0, 0xe8, 0xa3, 0x3f,
    0x5c, 0x0, 0x0,

    /* U+542F "启" */
    0x0, 0xf6, 0x10, 0x7, 0xfc, 0x90, 0x1, 0xf7,
    0xfe, 0x75, 0xff, 0xb8, 0x0, 0x21, 0xff, 0xf6,
    0x88, 0x7, 0xfc, 0x60, 0x1d, 0xdd, 0xf7, 0x80,
    0x77, 0x77, 0xef, 0x0, 0x18, 0x81, 0x17, 0xe0,
    0x3, 0x12, 0xef, 0xff, 0xb4, 0xc0, 0xd8, 0x17,
    0x77, 0xc2, 0x0, 0xbc, 0x0, 0xff, 0x19, 0x9c,
    0x17, 0xff, 0xc2, 0xa, 0xe2, 0xb, 0xff, 0xe1,
    0x6, 0x80, 0x5a, 0x0, 0xf7, 0x18,

    /* U+5448 "呈" */
    0x3, 0xff, 0xfd, 0xc0, 0x18, 0xbf, 0xfd, 0x80,
    0x1f, 0xfc, 0x62, 0xcc, 0xf7, 0x80, 0x63, 0xcf,
    0xff, 0xb0, 0x2, 0x55, 0xfe, 0x45, 0x0, 0x6f,
    0xfd, 0x93, 0xff, 0x88, 0x1, 0x13, 0x38, 0x66,
    0x73, 0x80, 0x1f, 0xba, 0xd1, 0xee, 0xca, 0x0,
    0x7e, 0xeb, 0x47, 0xbb, 0x28, 0x7, 0xff, 0xa,
    0xbf, 0xf6, 0xf, 0xff, 0x40,

    /* U+544A "告" */
    0x0, 0xa1, 0x0, 0xb8, 0x3, 0xf0, 0xbb, 0x0,
    0x7f, 0xd2, 0x19, 0xda, 0x3d, 0xd8, 0xc0, 0x4,
    0xfb, 0xdc, 0xc1, 0xee, 0xc6, 0x0, 0xb8, 0x20,
    0x0, 0x80, 0x7f, 0x74, 0xcd, 0x3, 0x33, 0xc4,
    0x1f, 0xfd, 0x93, 0xff, 0xc6, 0xc, 0xdf, 0xfc,
    0x1, 0x0, 0x37, 0xf7, 0x7b, 0xe4, 0x3, 0x97,
    0xbb, 0xce, 0x1, 0xff, 0xc8, 0x4c, 0xcf, 0x30,
    0x7, 0x97, 0xff, 0xc8, 0x1, 0xcd, 0x66, 0x7e,
    0xa9, 0x0, 0x0,

    /* U+5458 "员" */
    0x0, 0x3f, 0xf7, 0x7b, 0xcc, 0x3, 0x2f, 0x77,
    0x84, 0x3, 0x97, 0x77, 0xc2, 0x1, 0x9f, 0xb3,
    0x3d, 0xc6, 0x1, 0x19, 0x17, 0xf0, 0x5, 0xbf,
    0xff, 0x77, 0x0, 0x37, 0x66, 0x27, 0x73, 0x10,
    0x1, 0xfa, 0xc8, 0x3, 0xfe, 0x11, 0x0, 0x7c,
    0x60, 0x8, 0x31, 0x20, 0x16, 0x0, 0xb4, 0x6d,
    0x79, 0x7f, 0x4e, 0xc0, 0x13, 0xdc, 0xdd, 0x13,
    0x6f, 0x73, 0xe0, 0x2b, 0x35, 0x80, 0x31, 0xcf,
    0x50,

    /* U+5468 "周" */
    0x0, 0x7f, 0xff, 0x90, 0x2, 0xef, 0xf5, 0xa7,
    0xfc, 0x60, 0x1d, 0x5b, 0x49, 0xba, 0x50, 0xf,
    0x56, 0xd2, 0x6e, 0x94, 0x3, 0x8e, 0x21, 0xcd,
    0x10, 0x50, 0xe, 0x3d, 0xd7, 0xc6, 0xe8, 0x40,
    0x38, 0x51, 0x9d, 0xf2, 0x0, 0x44, 0x21, 0x3d,
    0x33, 0x60, 0x6, 0x75, 0x0, 0x5d, 0xd4, 0x1,
    0xd9, 0x80, 0x5, 0xdd, 0xa0, 0x18, 0x59, 0x43,
    0xea, 0xad, 0xf0, 0x9, 0x54, 0x40, 0xee, 0x11,
    0xb7, 0xc9, 0x52, 0x80, 0x3e, 0xcf, 0xe1,

    /* U+5473 "味" */
    0x0, 0xf8, 0xb8, 0x3, 0x3c, 0x41, 0xc0, 0x3f,
    0xa1, 0x11, 0x20, 0x66, 0x70, 0x33, 0x80, 0x19,
    0xa0, 0xf, 0xf4, 0xf, 0xfa, 0x0, 0x3d, 0x98,
    0xf1, 0xcc, 0x58, 0x7, 0x84, 0x60, 0x11, 0x80,
    0x3a, 0x3b, 0x98, 0x3d, 0xd4, 0x0, 0x68, 0xff,
    0x10, 0x3f, 0xfa, 0x0, 0x88, 0x1, 0x38, 0x89,
    0x48, 0x2, 0xcd, 0x20, 0x39, 0xf0, 0x89, 0x0,
    0xbb, 0x98, 0x5b, 0xa1, 0x5, 0x8, 0xf, 0x0,
    0x16, 0x51, 0x80, 0x54, 0xac, 0x1, 0x17, 0xa0,
    0x6, 0x1c, 0x60,

    /* U+547D "命" */
    0x0, 0xf2, 0x38, 0x7, 0xfc, 0x95, 0x24, 0x1,
    0xfc, 0xf5, 0x56, 0x30, 0x7, 0x93, 0x2f, 0x11,
    0x1b, 0x78, 0x80, 0x3, 0xda, 0xa1, 0x6f, 0xfb,
    0x1e, 0xeb, 0x8c, 0xd3, 0xcd, 0xdf, 0xfa, 0x9f,
    0xa8, 0xc1, 0xff, 0xf0, 0x3f, 0xfe, 0x0, 0xc7,
    0xfe, 0x0, 0x7b, 0xff, 0x8c, 0x3, 0xff, 0x8c,
    0x28, 0x80, 0xf, 0xf8, 0xfb, 0x8a, 0x1, 0x47,
    0x93, 0x0, 0x45, 0x55, 0x0, 0x51, 0xfc, 0x40,
    0x3, 0xc0, 0xf, 0xf8,

    /* U+548C "和" */
    0x0, 0x89, 0xac, 0xc0, 0x3c, 0x31, 0xba, 0xbc,
    0x23, 0x3e, 0x10, 0xf9, 0x39, 0x71, 0xcf, 0xfb,
    0x5c, 0x5d, 0x0, 0x3b, 0x32, 0x40, 0x6d, 0xd1,
    0xd6, 0xc8, 0x7, 0x9f, 0xe0, 0x1b, 0xe0, 0x3,
    0xc2, 0x58, 0xc, 0x22, 0x0, 0xf8, 0x90, 0xe7,
    0x88, 0x3, 0xe9, 0x80, 0x3b, 0x40, 0xf, 0x3b,
    0x94, 0x0, 0xcc, 0x0, 0xf0, 0xe8, 0x7, 0xbb,
    0xa5, 0x6, 0x10, 0xf, 0x66, 0x48, 0x1, 0xfa,
    0xc8, 0xaa, 0x70,

    /* U+54AA "咪" */
    0x0, 0xf9, 0x30, 0x3, 0x76, 0xea, 0xca, 0xc0,
    0x31, 0xe8, 0xf, 0xf3, 0x13, 0x10, 0x5, 0x4a,
    0x0, 0x21, 0x0, 0x55, 0x0, 0x27, 0x90, 0xf,
    0x29, 0x80, 0x11, 0xc4, 0x3, 0x89, 0xbc, 0xc4,
    0x35, 0x8, 0x3, 0x2f, 0xfa, 0x4a, 0x3f, 0xce,
    0x1, 0x9e, 0xe8, 0x41, 0x6e, 0xca, 0x1f, 0xa0,
    0x15, 0x29, 0xa1, 0x0, 0x5f, 0xed, 0x8, 0xe,
    0x9, 0xf0, 0x4, 0x80, 0x4e, 0xb4, 0x0, 0x44,
    0x58, 0x30, 0x1, 0xef, 0x4, 0x2, 0x90, 0x70,
    0x9, 0xf0, 0x40, 0x3a, 0xdc,

    /* U+54C1 "品" */
    0x0, 0xbf, 0xfe, 0xe0, 0xf, 0x77, 0xfe, 0xd0,
    0xf, 0xfe, 0x42, 0x27, 0x80, 0x3c, 0x9d, 0xff,
    0xb5, 0x0, 0x3a, 0xef, 0xea, 0x0, 0xbf, 0xf8,
    0x1f, 0xff, 0x80, 0x1f, 0xf0, 0x4, 0xff, 0xee,
    0x0, 0xff, 0xe8, 0xf7, 0x40, 0x13, 0xf7, 0x3c,
    0x2, 0xcc, 0x80, 0x26, 0xcc, 0x68, 0x3, 0xc8,
    0xaf, 0x7, 0x92, 0x21, 0xf8,

    /* U+54C8 "哈" */
    0x0, 0xf8, 0x90, 0x3, 0x19, 0xe0, 0xa, 0x24,
    0x3, 0x67, 0xfb, 0x40, 0x6, 0x8c, 0xe0, 0x1b,
    0x34, 0x2, 0xea, 0xa9, 0x40, 0x3e, 0xc5, 0x41,
    0xeb, 0x60, 0xe, 0xb7, 0x6e, 0xe6, 0xbd, 0x98,
    0x6, 0xbb, 0x77, 0x69, 0xd3, 0x0, 0xeb, 0xbf,
    0x0, 0x59, 0x80, 0x2, 0x4c, 0xe4, 0x10, 0x7,
    0x7e, 0x0, 0x8, 0xb0, 0x4, 0xe4, 0x50, 0x7,
    0xf4, 0x0, 0x76, 0x66, 0x0, 0xfe, 0xff, 0xc0,
    0x1f, 0xbc, 0xcf, 0x78, 0x80,

    /* U+54CD "响" */
    0x0, 0xf8, 0x98, 0x3, 0x19, 0xc4, 0x1, 0x56,
    0x0, 0x6c, 0xff, 0x70, 0x19, 0x9b, 0xc, 0xe0,
    0x6, 0x70, 0x26, 0xc2, 0xec, 0x43, 0x4, 0x3,
    0x92, 0xef, 0x80, 0x3f, 0x1f, 0x66, 0x0, 0x3f,
    0x9e, 0x70, 0x3, 0xff, 0x8d, 0x30, 0x1, 0xff,
    0x7e, 0x40, 0x5, 0x38, 0xe0, 0x12, 0x33, 0x10,
    0x0, 0xd5, 0x96, 0x1, 0x58, 0x7, 0x12, 0x0,
    0x7f, 0x8c, 0x2, 0x5f, 0x31,

    /* U+54EA "哪" */
    0x0, 0xff, 0xe0, 0x99, 0xee, 0xff, 0x59, 0xff,
    0x79, 0x6f, 0xe1, 0xf1, 0x70, 0x1, 0x38, 0x88,
    0x78, 0x40, 0x1f, 0x13, 0x80, 0x63, 0xe2, 0xf0,
    0x9, 0x3c, 0x3, 0x1f, 0x17, 0x80, 0x58, 0x80,
    0x1c, 0x22, 0x0, 0xdd, 0x0, 0x1c, 0x80, 0xa2,
    0x0, 0x44, 0x1, 0xa9, 0x9a, 0x6, 0x0, 0x30,
    0x88, 0x36, 0x4d, 0x23, 0x80, 0x38, 0xd2, 0x1c,
    0x1d, 0x4, 0xc0, 0x14, 0x25, 0x40, 0x8, 0x71,
    0x61, 0x0, 0x5e, 0x80, 0x42, 0x91, 0x57, 0x60,
    0x0, 0x80, 0x61, 0xc1, 0xae, 0x33, 0x58, 0x4,

    /* U+5524 "唤" */
    0x0, 0xf2, 0x28, 0x7, 0x8, 0x7, 0x4f, 0xb3,
    0x8, 0x1, 0xdc, 0xf1, 0x9, 0x12, 0xe8, 0xa0,
    0x0, 0xf1, 0x4, 0x3c, 0x5f, 0x85, 0x80, 0x7c,
    0x3d, 0x12, 0x98, 0x60, 0x1d, 0x23, 0x50, 0x54,
    0x40, 0x1f, 0xfc, 0x73, 0x0, 0x33, 0x80, 0x1c,
    0x3, 0x1f, 0x9e, 0xd2, 0x68, 0x49, 0xf, 0x91,
    0xee, 0xbc, 0x4b, 0xf7, 0x44, 0x3f, 0xe1, 0x1,
    0xf8, 0x9e, 0x0, 0xa8, 0x2, 0x5f, 0x56, 0x4b,
    0xc2, 0x4, 0x0, 0x5c, 0x54, 0x0, 0x1e, 0xb4,
    0xc0, 0x2a, 0xd4, 0x0, 0xcd, 0xc6,

    /* U+552F "唯" */
    0x0, 0xf2, 0xa1, 0xa0, 0x4, 0xef, 0x30, 0x2,
    0x0, 0x14, 0x1, 0x47, 0xf5, 0x82, 0x9b, 0x81,
    0x29, 0x88, 0x45, 0x80, 0x20, 0xe3, 0xcf, 0xa0,
    0x80, 0x34, 0x95, 0x5f, 0x9d, 0xd8, 0xc0, 0x31,
    0xb5, 0x5f, 0x9d, 0xd8, 0x3, 0xa8, 0x12, 0x28,
    0xa2, 0x0, 0x1f, 0x71, 0xa8, 0x99, 0x80, 0x4,
    0xc0, 0x15, 0xcc, 0x14, 0xc8, 0x1, 0x94, 0xc0,
    0x7, 0xe2, 0xe, 0xe0, 0x3, 0xb9, 0x60, 0xc,
    0x7a, 0x27, 0x70, 0x78, 0x7, 0x47, 0x69, 0xf7,
    0x1c, 0x3, 0xcf, 0xfe, 0xef, 0xf3, 0x80,

    /* U+5546 "商" */
    0x0, 0xf2, 0x90, 0x7, 0xff, 0x3, 0x60, 0x3,
    0xc5, 0xdd, 0xcc, 0x9d, 0xdc, 0x44, 0xee, 0x8f,
    0x3b, 0x9e, 0x1f, 0xdc, 0x20, 0x0, 0x89, 0x54,
    0x22, 0x87, 0x2, 0x0, 0x97, 0xf5, 0x2f, 0x74,
    0xaa, 0xdc, 0x60, 0x9, 0x33, 0xc3, 0x70, 0x2b,
    0x1c, 0x3, 0x9f, 0xb8, 0x21, 0xb9, 0x60, 0x1e,
    0x34, 0xfc, 0xcb, 0x7c, 0x3, 0xc8, 0x13, 0x98,
    0x8f, 0x40, 0xf, 0xd1, 0x54, 0x90, 0xf, 0xee,
    0x8b, 0xb6, 0xc0, 0x7, 0xe7, 0x41, 0x1a, 0x31,
    0x14, 0x0,

    /* U+5668 "器" */
    0x0, 0x7f, 0x73, 0xd4, 0x7f, 0xb9, 0xee, 0x1,
    0xbb, 0x88, 0x0, 0x1e, 0xe3, 0x0, 0x7f, 0xf1,
    0x87, 0xb8, 0xa6, 0x0, 0xee, 0x38, 0x80, 0x5d,
    0xd6, 0x40, 0x73, 0xa7, 0xb0, 0xf, 0xfe, 0xd1,
    0xef, 0x65, 0xef, 0x71, 0xff, 0x69, 0x47, 0xfa,
    0xc6, 0xff, 0xce, 0x0, 0x6c, 0xb7, 0x0, 0x26,
    0xcd, 0x10, 0xf, 0x48, 0x47, 0xa8, 0x7e, 0x9a,
    0xeb, 0x8f, 0x87, 0x71, 0x0, 0x3, 0xdc, 0x68,
    0x70, 0x10, 0xf, 0xfe, 0x1f, 0x71, 0x0, 0x3,
    0xdc, 0x60, 0xd, 0xdd, 0x7a, 0x87, 0x75, 0xee,
    0x0,

    /* U+566A "噪" */
    0x44, 0x80, 0xf, 0xd9, 0x8d, 0xc0, 0x5, 0x7d,
    0x80, 0x4f, 0x98, 0xe0, 0xd, 0x64, 0x0, 0x12,
    0xaa, 0x4b, 0x0, 0x7a, 0xb4, 0xb, 0x84, 0x56,
    0x1, 0xcf, 0x54, 0x42, 0xca, 0x0, 0xf8, 0xcc,
    0x0, 0xf3, 0x70, 0xe, 0x78, 0x83, 0x71, 0x43,
    0x0, 0x4, 0x6, 0xee, 0xf3, 0xbb, 0x80, 0x78,
    0x89, 0x99, 0x52, 0x7e, 0x61, 0x7, 0xfc, 0x7b,
    0xe2, 0x84, 0x4f, 0xd4, 0xe0, 0x1, 0xd7, 0xc7,
    0xb7, 0x72, 0x4, 0x2, 0xaf, 0xd4, 0x0, 0x16,
    0x70, 0x0,

    /* U+56DB "四" */
    0x48, 0x8f, 0xf8, 0x34, 0xff, 0xce, 0x1e, 0xe1,
    0xfe, 0x71, 0x3, 0x77, 0xc, 0xb8, 0xcb, 0xb8,
    0x3, 0xc2, 0x20, 0xf, 0xf0, 0x80, 0x7f, 0xf0,
    0x1d, 0x0, 0x3f, 0xc3, 0x7a, 0x0, 0x2d, 0xb9,
    0x0, 0x87, 0x19, 0x80, 0xc, 0xe8, 0xb0, 0x8,
    0x62, 0xc0, 0x31, 0x19, 0x0, 0x42, 0xc6, 0x7f,
    0x80, 0x27, 0xee, 0xfe, 0x0, 0x74, 0xee, 0xff,
    0x18, 0x80,

    /* U+56DE "回" */
    0x1f, 0xff, 0xf9, 0xc0, 0x1f, 0xff, 0xca, 0x1,
    0xff, 0xc6, 0xff, 0xe3, 0x0, 0xfd, 0xff, 0x1b,
    0x80, 0x7f, 0xf5, 0xbf, 0xe3, 0x0, 0xfd, 0xff,
    0xc8, 0x1, 0xff, 0xc6, 0xdd, 0xfe, 0x50, 0xb,
    0xff, 0xf9, 0x0,

    /* U+56E0 "因" */
    0xff, 0xff, 0xa0, 0x3f, 0xf5, 0xf7, 0xfc, 0xe0,
    0x1e, 0x82, 0x0, 0xf8, 0x8b, 0x39, 0x10, 0x40,
    0x22, 0xff, 0x86, 0x7f, 0xd2, 0x1, 0x16, 0xeb,
    0xc3, 0x37, 0x50, 0x1, 0xea, 0x3c, 0x30, 0xf,
    0x89, 0xbb, 0xa3, 0x0, 0xe4, 0xc8, 0x23, 0xed,
    0x20, 0xd, 0xd4, 0xc0, 0x3, 0xa6, 0x0, 0xac,
    0x7e, 0xef, 0x7f, 0x94, 0x1, 0x11, 0xfc, 0x80,

    /* U+56F4 "围" */
    0xfe, 0xef, 0xef, 0x80, 0xee, 0xc1, 0xfd, 0xd3,
    0x80, 0xf, 0xba, 0x1f, 0xee, 0x38, 0x4, 0x7d,
    0xd0, 0xff, 0x71, 0xc0, 0x34, 0x6e, 0x87, 0x37,
    0x46, 0x1, 0xa3, 0x74, 0x39, 0xba, 0x30, 0x9,
    0x7b, 0xa1, 0xfe, 0xe6, 0x80, 0x4b, 0xdd, 0xf,
    0xf6, 0x88, 0x7, 0xf4, 0xfa, 0x0, 0x7c, 0x61,
    0x7d, 0x0, 0x15, 0xde, 0x6a, 0x99, 0x5a, 0x80,
    0x22, 0x3f, 0x90, 0x0,

    /* U+56FA "固" */
    0x9f, 0xff, 0xf8, 0x42, 0x3f, 0xf4, 0x7f, 0xe0,
    0xf, 0x86, 0x40, 0x3f, 0x2f, 0x73, 0xc7, 0xba,
    0x40, 0xc, 0xbd, 0xcf, 0x1e, 0xe9, 0x0, 0x39,
    0xa2, 0x46, 0x20, 0x1, 0xf5, 0xf6, 0xd6, 0xb8,
    0x80, 0x7c, 0xea, 0xb0, 0x80, 0x7e, 0xcd, 0xd8,
    0x40, 0x3e, 0xdd, 0xef, 0x10, 0xd, 0x57, 0x7f,
    0xc0, 0x12, 0x7f, 0xff, 0x0, 0x0,

    /* U+56FE "图" */
    0xf, 0xff, 0xf9, 0xc0, 0x1f, 0xf3, 0xe7, 0xfe,
    0x60, 0xe, 0x77, 0x76, 0xeb, 0x0, 0x38, 0x6a,
    0x5f, 0x74, 0xf6, 0x1, 0xed, 0xe1, 0xbd, 0xc7,
    0x0, 0xe1, 0x66, 0x28, 0xe, 0x28, 0x7, 0x3f,
    0xfa, 0xe3, 0x3b, 0xf0, 0xc0, 0x27, 0xe9, 0x3a,
    0xd2, 0xac, 0x30, 0xc, 0x34, 0x7b, 0xe8, 0x1,
    0xf0, 0xc1, 0x6f, 0xf9, 0x80, 0x38, 0xcc, 0x2d,
    0x5d, 0x26, 0x62, 0x0, 0xbf, 0xfd, 0x13, 0xea,
    0x0,

    /* U+5728 "在" */
    0x0, 0xea, 0x50, 0xf, 0xfe, 0x2, 0xb8, 0x7,
    0xc3, 0xbb, 0x83, 0xf7, 0x7c, 0x22, 0xee, 0x8e,
    0x3b, 0xbe, 0x10, 0x33, 0x29, 0xb9, 0x99, 0x18,
    0xce, 0x0, 0x86, 0x24, 0x2, 0xd3, 0x0, 0xf6,
    0x92, 0x0, 0x61, 0x0, 0xeb, 0x30, 0x5, 0xff,
    0x96, 0x3f, 0xd0, 0x6, 0x14, 0x0, 0xbf, 0xf2,
    0xcf, 0xfa, 0x0, 0xec, 0x40, 0x3f, 0xfb, 0xeb,
    0xff, 0x2c, 0xff, 0xc4,

    /* U+5730 "地" */
    0x0, 0x69, 0x0, 0x61, 0xe0, 0xf, 0xf4, 0x80,
    0x7f, 0xf0, 0x5, 0xc0, 0x38, 0xc0, 0x48, 0xd8,
    0x80, 0x3a, 0x3b, 0x81, 0x3e, 0x33, 0x0, 0x4,
    0xa1, 0x29, 0x0, 0x46, 0x97, 0xdc, 0x8c, 0x98,
    0xd2, 0x8, 0x7, 0x31, 0x6, 0xc8, 0x7, 0xf3,
    0xd8, 0x80, 0x67, 0x70, 0x6, 0x9d, 0x0, 0xe5,
    0x93, 0x4, 0xb3, 0xcd, 0x0, 0xc8, 0x8f, 0x90,
    0x2c, 0xe7, 0x0, 0xc3, 0x42, 0x52, 0xcc, 0x70,
    0xc, 0x20, 0x1c, 0x84, 0x1, 0xc2, 0xbf, 0xfc,
    0x8,

    /* U+573A "场" */
    0x0, 0x61, 0x80, 0x7f, 0xf0, 0xff, 0xfc, 0xe0,
    0x1f, 0x7f, 0xdc, 0x4c, 0xe0, 0x1, 0x31, 0x62,
    0x0, 0x27, 0xdc, 0x80, 0x4f, 0xc5, 0x76, 0x19,
    0x96, 0xb0, 0x0, 0x41, 0xb4, 0xf6, 0x69, 0x8b,
    0x3f, 0xee, 0x10, 0xe, 0xbf, 0x78, 0xb4, 0xf0,
    0x10, 0xf, 0x12, 0xbf, 0x70, 0x44, 0x1, 0xc4,
    0x3f, 0xc4, 0xea, 0x46, 0x0, 0x32, 0xc8, 0xa9,
    0x39, 0x80, 0x66, 0x4, 0x6b, 0x6d, 0x5a, 0x40,
    0xa8, 0x11, 0x2, 0x7a, 0x8, 0x1, 0x7, 0x40,
    0xb, 0xf0, 0x10, 0xd, 0x5, 0x61, 0x7e, 0xc,
    0x1, 0xe8, 0xa0, 0x5, 0xfe, 0x0, 0x0,

    /* U+5740 "址" */
    0x0, 0x1d, 0x80, 0x73, 0x50, 0x7, 0x9c, 0x3,
    0xff, 0x98, 0x31, 0x25, 0x9, 0x82, 0x1, 0xff,
    0x9, 0x0, 0x7c, 0x31, 0x25, 0xa, 0x1, 0x97,
    0xfd, 0x40, 0x1f, 0xe4, 0xee, 0x50, 0x7, 0xf8,
    0x46, 0x0, 0xc5, 0x72, 0x1, 0xf8, 0x67, 0x57,
    0xe4, 0x3, 0xf0, 0xf7, 0xda, 0x0, 0x7f, 0x9c,
    0x41, 0x60, 0x62, 0x1a, 0xf1, 0x7, 0x0, 0xc3,
    0xf1, 0xdf, 0x95, 0xfe, 0x0,

    /* U+5747 "均" */
    0x0, 0xff, 0xe1, 0xe9, 0x0, 0x52, 0xc0, 0x1f,
    0xf3, 0xb8, 0x3, 0xfc, 0xe1, 0x31, 0x12, 0x89,
    0x1b, 0x10, 0xca, 0x11, 0x49, 0xf3, 0xe3, 0x32,
    0xb6, 0xaa, 0xe3, 0x8d, 0x2f, 0xb1, 0xc7, 0x0,
    0xff, 0x5a, 0x6d, 0x0, 0x4, 0x40, 0x1f, 0x51,
    0xa8, 0x3, 0xc0, 0x21, 0x72, 0x0, 0x46, 0x5f,
    0x80, 0x8, 0xf3, 0xcc, 0x67, 0xfd, 0x64, 0x47,
    0xc9, 0xe8, 0x7f, 0xee, 0x30, 0x30, 0xb7, 0x38,
    0x83, 0xf3, 0x80, 0x4, 0xd4, 0x40, 0x30, 0x80,
    0x33, 0xf9, 0x84, 0x3, 0xf6, 0x7f, 0xa4, 0x0,

    /* U+574F "坏" */
    0x0, 0x61, 0x80, 0x7f, 0xf0, 0x93, 0xff, 0xf1,
    0x80, 0x64, 0xff, 0xb0, 0x3b, 0xfc, 0x60, 0x20,
    0xc2, 0x1, 0x7c, 0x8, 0x4, 0xde, 0x77, 0x60,
    0x4, 0x19, 0x84, 0x2, 0x6e, 0x3d, 0xa0, 0x66,
    0xe, 0xf9, 0x80, 0x7d, 0x10, 0xd2, 0xda, 0xd5,
    0x0, 0xe8, 0x5c, 0x30, 0x2, 0x65, 0x90, 0x4,
    0xfd, 0xa4, 0x1, 0x8b, 0xc8, 0x14, 0xaf, 0x0,
    0x3e, 0x10, 0x9e, 0x8f, 0xa0, 0xf, 0xe9, 0xb6,
    0x0, 0xff, 0xe6, 0x80,

    /* U+5751 "坑" */
    0x0, 0xfc, 0x40, 0x1f, 0x69, 0x0, 0x6c, 0x30,
    0xf, 0xfe, 0x3, 0x48, 0x7, 0xf8, 0x45, 0x64,
    0x23, 0x0, 0x90, 0x31, 0x77, 0x58, 0xfd, 0xd1,
    0xa4, 0x17, 0xd7, 0x7f, 0xfc, 0x6b, 0x45, 0x30,
    0xb, 0xff, 0x94, 0x3, 0xf9, 0x3f, 0xc8, 0x1,
    0xff, 0xc1, 0x10, 0xf, 0x24, 0x81, 0x88, 0x7,
    0x85, 0xca, 0xf8, 0x3f, 0x40, 0x3d, 0x19, 0x7a,
    0xe2, 0xea, 0x1, 0x9c, 0xe6, 0xd0, 0x1, 0x48,
    0x40, 0x1b, 0xc0, 0x3a, 0x2, 0x80, 0x2d, 0xa5,
    0x30, 0xd, 0x16, 0x1, 0x9f, 0xf4, 0x0,

    /* U+5757 "块" */
    0x0, 0x61, 0x80, 0x43, 0xe0, 0x1f, 0xfc, 0xc3,
    0x67, 0x6, 0x68, 0x0, 0x24, 0x2c, 0x49, 0x76,
    0xb, 0xb4, 0x88, 0x3f, 0x94, 0x5b, 0xee, 0x6,
    0xe8, 0x40, 0xd, 0xa7, 0xd2, 0x1, 0xff, 0xc2,
    0x88, 0x82, 0x20, 0x30, 0x1, 0xc3, 0xfe, 0x30,
    0x4f, 0x8e, 0x0, 0xdf, 0x8e, 0xed, 0x41, 0x77,
    0x80, 0xec, 0xdb, 0xc0, 0x13, 0xe2, 0xa0, 0x12,
    0x16, 0xd1, 0x4, 0x12, 0x45, 0x88, 0x1, 0xe4,
    0x80, 0x10, 0xda, 0x8, 0xfa, 0x20, 0x1d, 0x89,
    0x82, 0x0, 0x96, 0xf1, 0x0, 0xdd, 0x84, 0x1,
    0xab, 0x4,

    /* U+5766 "坦" */
    0x0, 0x62, 0x0, 0x7f, 0xf0, 0xc7, 0xff, 0xc6,
    0x1, 0xf0, 0xff, 0xe2, 0x0, 0xa, 0x9, 0x98,
    0x3, 0xf9, 0x20, 0xaa, 0x80, 0x1f, 0xcb, 0x87,
    0x32, 0x1, 0xff, 0xc4, 0x1, 0xf8, 0x7f, 0xf1,
    0x0, 0x7f, 0xf1, 0xce, 0x40, 0x3f, 0x8a, 0xe,
    0xfc, 0x7, 0xff, 0x10, 0x1, 0x47, 0x30, 0xc3,
    0xff, 0xe3, 0x7, 0x93, 0x3, 0x3f, 0xe0, 0xe,
    0xee, 0xfe, 0x30,

    /* U+578B "型" */
    0x0, 0xff, 0x87, 0x80, 0x9, 0x9f, 0x79, 0xf6,
    0x3c, 0x1, 0xc9, 0xa3, 0x7c, 0x56, 0x20, 0x1e,
    0x12, 0x1, 0x60, 0x10, 0xf, 0xab, 0x87, 0x24,
    0xb1, 0x40, 0x3d, 0x74, 0xdb, 0xe5, 0xaa, 0x80,
    0x1c, 0x53, 0x40, 0x1d, 0x44, 0x40, 0xa, 0x2c,
    0xc0, 0xd, 0x20, 0x3d, 0xf2, 0x0, 0xa5, 0x0,
    0x15, 0x30, 0x8b, 0x30, 0xe0, 0x16, 0xf7, 0x60,
    0xfe, 0xe6, 0x0, 0x6d, 0xee, 0xc1, 0xdd, 0x60,
    0x0, 0xe6, 0x7a, 0x2, 0x67, 0x88, 0x7f, 0xfd,
    0x3f, 0xfc, 0x0,

    /* U+57DF "域" */
    0x0, 0x70, 0x80, 0x74, 0x35, 0x98, 0x7, 0xfc,
    0x33, 0xe0, 0x1c, 0xdd, 0xd9, 0xe3, 0x9, 0x9,
    0xc5, 0x93, 0xff, 0x3b, 0xbf, 0xc8, 0xf2, 0x12,
    0xc4, 0x51, 0xf0, 0x8, 0x1, 0x78, 0x7d, 0x32,
    0x62, 0x4c, 0x45, 0xe0, 0x1e, 0x2a, 0x90, 0x13,
    0x67, 0x0, 0xff, 0x3b, 0x55, 0x80, 0x63, 0x20,
    0xdf, 0x22, 0x1b, 0x10, 0x0, 0x87, 0x1f, 0x75,
    0xdc, 0x50, 0xf0, 0x2, 0x7c, 0xf1, 0x5e, 0xc8,
    0xc8, 0x88, 0xcc, 0x9a, 0xc0, 0x71, 0xb7, 0x49,
    0x7c, 0x8c, 0x1, 0x90, 0xc1, 0x11, 0x2a, 0x12,
    0x80,

    /* U+57FA "基" */
    0x0, 0xa5, 0xc0, 0x33, 0x50, 0x6, 0x23, 0x37,
    0x19, 0xee, 0x13, 0x20, 0x5, 0x42, 0x22, 0x23,
    0x2a, 0xa2, 0x80, 0x11, 0x6e, 0xd9, 0x99, 0xd2,
    0xe0, 0x3, 0x84, 0xcf, 0x80, 0x3f, 0x24, 0x46,
    0x70, 0xf, 0xd3, 0x99, 0xa0, 0x3, 0x2f, 0x71,
    0xa3, 0xbb, 0x4a, 0xf7, 0x15, 0x5d, 0x85, 0x5c,
    0xb5, 0xd6, 0x59, 0xca, 0xf, 0x81, 0xd6, 0x91,
    0x7f, 0x59, 0x24, 0x4b, 0xdc, 0x99, 0x15, 0x4c,
    0x9f, 0xc0, 0xcb, 0xc, 0x48, 0x82, 0x45, 0x0,
    0xc8, 0x83, 0xff, 0xe3, 0xbf, 0xfc, 0x40,

    /* U+5806 "堆" */
    0x0, 0xff, 0xe1, 0xe9, 0x0, 0xb, 0x4b, 0x0,
    0x3f, 0xa9, 0x48, 0x50, 0x3, 0xf3, 0x69, 0xa1,
    0x98, 0x8d, 0x8e, 0x95, 0xc7, 0xa1, 0xb2, 0x29,
    0xb8, 0x7, 0x24, 0x2e, 0xc3, 0x57, 0xb, 0x7,
    0x75, 0x61, 0x76, 0x1a, 0xb4, 0x0, 0xc6, 0xa1,
    0x10, 0xf, 0x85, 0x0, 0xc2, 0x0, 0x33, 0xa,
    0x98, 0x80, 0x5d, 0xe0, 0xf, 0xf0, 0xf7, 0xaa,
    0x61, 0xdf, 0x0, 0x3f, 0xc3, 0xde, 0xa5, 0x7c,
    0xe0, 0x1f, 0xcc, 0xe0, 0x1d, 0xdc, 0x1f, 0xec,
    0x0, 0xfb, 0xfd, 0xdf, 0xed,

    /* U+585E "塞" */
    0x0, 0xff, 0xe4, 0x2e, 0x80, 0x7d, 0xbd, 0xda,
    0xcb, 0xbb, 0x80, 0x5, 0xfd, 0xfb, 0xdf, 0xed,
    0xef, 0x10, 0x4, 0x24, 0xd6, 0xcc, 0xab, 0x66,
    0x20, 0x0, 0x74, 0xad, 0x2a, 0xa6, 0x9d, 0x51,
    0xc0, 0x25, 0xfb, 0x3f, 0xf5, 0x97, 0xd0, 0x6,
    0x4c, 0x94, 0xcc, 0x71, 0xe4, 0x80, 0x59, 0xba,
    0xa4, 0xdd, 0x8f, 0x76, 0x60, 0xcc, 0x70, 0x5f,
    0xcf, 0x9a, 0x66, 0x18, 0x0, 0x9b, 0x6a, 0xf0,
    0x1c, 0xb4, 0x60, 0xc, 0xfa, 0xea, 0x92, 0xa9,
    0xfc, 0xc2, 0x6, 0x52, 0x5d, 0xa1, 0x6e, 0xc6,
    0xfc, 0x80, 0xff, 0xfa, 0xd3, 0xff, 0x48, 0x0,

    /* U+586B "填" */
    0x0, 0xff, 0xe2, 0x70, 0x80, 0x67, 0x90, 0xf,
    0xe9, 0xaa, 0x92, 0xaa, 0x0, 0xf5, 0xcc, 0x82,
    0x26, 0x50, 0x2, 0x42, 0xa2, 0x57, 0x62, 0xdb,
    0xb1, 0x83, 0xf8, 0x4c, 0x3, 0x6d, 0x6e, 0x94,
    0xc1, 0xb4, 0x72, 0x40, 0x77, 0x71, 0x80, 0x7f,
    0x11, 0x60, 0xf, 0xe1, 0xbb, 0xc6, 0x1, 0xc6,
    0x80, 0x31, 0x18, 0xc0, 0x25, 0x1d, 0xd3, 0x87,
    0x76, 0xa, 0x37, 0x89, 0xfb, 0x8, 0xbf, 0xb,
    0x6f, 0x7, 0xd6, 0x2, 0x5c, 0x79, 0x75, 0x52,
    0x18, 0x6, 0x3f, 0xeb, 0x10, 0x99, 0x70, 0x7,
    0x1e, 0xa8, 0x6, 0x4d, 0x0,

    /* U+5883 "境" */
    0x0, 0xfc, 0x40, 0x1f, 0x70, 0x80, 0x69, 0x50,
    0xf, 0xe8, 0xee, 0x25, 0x77, 0x18, 0x3, 0xd1,
    0x51, 0xfe, 0x6f, 0x60, 0x13, 0x15, 0x10, 0x6a,
    0x1, 0x51, 0x0, 0x3f, 0x4, 0xbf, 0x61, 0x77,
    0x9f, 0x58, 0x36, 0x8e, 0x36, 0x4c, 0xfa, 0xc0,
    0x3c, 0xf8, 0x67, 0xa0, 0x40, 0x3e, 0x5f, 0xfc,
    0x1, 0xe3, 0x20, 0x5f, 0xfc, 0x1, 0x8c, 0x76,
    0xdf, 0x2f, 0x23, 0xa0, 0x42, 0x35, 0xf6, 0x49,
    0x46, 0x1b, 0x1c, 0x82, 0x7a, 0x8, 0x6, 0x58,
    0x3, 0x49, 0x8, 0x5, 0x1f, 0x90, 0x19, 0x1a,
    0xc4, 0x1, 0xa7, 0x9c, 0x0, 0xdd, 0xba, 0x0,

    /* U+589E "增" */
    0x0, 0xff, 0xe1, 0xf0, 0x80, 0x30, 0xc0, 0x15,
    0x40, 0xf, 0xaa, 0x80, 0x4b, 0x0, 0x1e, 0xba,
    0x5b, 0xc1, 0x97, 0x2, 0x2, 0x15, 0x9e, 0x6c,
    0xad, 0xd2, 0xf8, 0xeb, 0x80, 0x10, 0xa, 0xc,
    0x17, 0x47, 0xd8, 0x14, 0x0, 0x90, 0x20, 0x1e,
    0x3c, 0xa3, 0x88, 0x8c, 0x3, 0xb7, 0x31, 0xd9,
    0x94, 0x80, 0x7b, 0xf3, 0x37, 0x80, 0x8, 0x76,
    0x41, 0x33, 0x30, 0x1, 0xbd, 0xe2, 0x41, 0x66,
    0x70, 0x1, 0xb6, 0x10, 0x2, 0x33, 0xc0, 0x1f,
    0x8a, 0x67, 0x0, 0x0,

    /* U+58F0 "声" */
    0x0, 0xf7, 0x10, 0x7, 0x26, 0xef, 0xf, 0xee,
    0xe8, 0x4c, 0xce, 0x9, 0xcc, 0xd2, 0xb, 0x33,
    0x83, 0x66, 0x70, 0x83, 0xf7, 0x69, 0xfe, 0xec,
    0x0, 0x32, 0x2f, 0xf0, 0x5, 0x7b, 0xb5, 0xf6,
    0xed, 0x60, 0x1a, 0x66, 0x18, 0x99, 0x80, 0x21,
    0x0, 0xff, 0xe0, 0x10, 0x77, 0x41, 0x9d, 0xd0,
    0x4, 0x8d, 0xdd, 0xf9, 0x80, 0x66, 0x80, 0x3f,
    0x48, 0x5a, 0x18, 0x7, 0xfa, 0x28, 0x3, 0xfe,

    /* U+5904 "处" */
    0x0, 0xb4, 0x40, 0x23, 0xe0, 0xf, 0x11, 0x4,
    0x3, 0xfe, 0x40, 0xcc, 0x58, 0x80, 0x7e, 0xc7,
    0xf8, 0x40, 0x0, 0xa0, 0x6, 0x15, 0xc3, 0x1,
    0x10, 0x2, 0x8c, 0x2, 0x60, 0x20, 0x34, 0x0,
    0xd, 0x69, 0x0, 0xcc, 0x68, 0x66, 0x0, 0x24,
    0x9e, 0x1, 0xd7, 0x54, 0x43, 0x80, 0x67, 0x41,
    0x3, 0x9, 0xb5, 0x10, 0xe, 0x81, 0x0, 0x90,
    0x34, 0x3, 0xfc, 0x3c, 0xb2, 0xe0, 0x54, 0x1,
    0xc5, 0x8d, 0x59, 0x5b, 0x22, 0x67, 0x11, 0xea,
    0x58, 0x16, 0xc0, 0xcf, 0x6e, 0x9c, 0xf6, 0x40,
    0x32, 0xce, 0x6f, 0x71, 0x40,

    /* U+5907 "备" */
    0x0, 0xff, 0xe3, 0xe3, 0x0, 0x7f, 0xd6, 0x75,
    0x99, 0x88, 0x3, 0xe, 0x25, 0xf7, 0x4c, 0xe4,
    0x1, 0x2f, 0xa4, 0x53, 0x1c, 0x85, 0x80, 0x64,
    0xc8, 0x78, 0xbe, 0x1a, 0x0, 0xe1, 0x13, 0xe4,
    0x3c, 0x3f, 0x4b, 0x18, 0x17, 0xef, 0x4f, 0x43,
    0xee, 0xbb, 0x74, 0x85, 0xd2, 0xd7, 0xdf, 0xee,
    0xd8, 0x2e, 0x40, 0x10, 0x5e, 0xe6, 0x8f, 0x72,
    0x80, 0x3c, 0xbb, 0xac, 0x1d, 0xd5, 0x80, 0x79,
    0x77, 0x58, 0x3b, 0xab, 0x0, 0xf3, 0xbd, 0x62,
    0xee, 0xf0, 0xf, 0xee, 0x80, 0xf, 0xcf, 0xae,
    0xfe, 0xa9, 0x0, 0x0,

    /* U+590D "复" */
    0x0, 0x8c, 0xc0, 0x1f, 0xfc, 0xe, 0x53, 0x3f,
    0x84, 0x2, 0xb1, 0xd8, 0x8f, 0x98, 0x7, 0xa,
    0xf3, 0x3e, 0xf7, 0x1, 0xa9, 0x83, 0x3f, 0x77,
    0x0, 0x26, 0x0, 0x7f, 0xf9, 0x0, 0x3e, 0xee,
    0xf3, 0x80, 0x7a, 0x63, 0xcc, 0xf6, 0x70, 0x7,
    0x71, 0x3d, 0x57, 0x38, 0x4, 0x56, 0x65, 0xd9,
    0x8d, 0x76, 0x30, 0x8, 0x76, 0xff, 0xd5, 0x3f,
    0xb4, 0x1, 0x84, 0x9e, 0x9, 0x88, 0x31, 0xd4,
    0xc5, 0x3f, 0xfb, 0x2f, 0xb8, 0x1f, 0x0,

    /* U+5916 "外" */
    0x0, 0xff, 0xe2, 0xe9, 0x0, 0x47, 0xa0, 0x1e,
    0x22, 0x80, 0x3f, 0xe5, 0xd, 0xd9, 0x0, 0x3f,
    0x54, 0xff, 0x88, 0x3, 0xf2, 0x3, 0x10, 0x1,
    0x40, 0xdc, 0x3, 0x4a, 0x90, 0x21, 0x88, 0x2,
    0xe8, 0x0, 0x4f, 0xb8, 0xb5, 0x60, 0x3, 0xc1,
    0xb0, 0x2a, 0x5d, 0xb3, 0x60, 0xd, 0x60, 0xe0,
    0x11, 0xab, 0x8, 0x7, 0x5b, 0x80, 0x4c, 0xb0,
    0x1, 0xfe, 0x59, 0xa1, 0x0, 0xfe, 0x9a, 0xa2,
    0x0, 0x7f, 0x9, 0x62, 0x80, 0x7f, 0x80,

    /* U+591A "多" */
    0x0, 0xc5, 0xa6, 0x1, 0xfc, 0x78, 0x5f, 0x98,
    0xb0, 0xe, 0x8d, 0xbc, 0xff, 0x9, 0x80, 0x45,
    0xc3, 0x24, 0x65, 0xef, 0x0, 0x11, 0x74, 0xb6,
    0x63, 0xee, 0x80, 0x3c, 0x52, 0xad, 0xb6, 0xe0,
    0x19, 0xfb, 0xc3, 0x2f, 0xce, 0xb7, 0x58, 0xb,
    0x9b, 0x9, 0xf7, 0xbf, 0xe6, 0x60, 0x11, 0x1b,
    0x72, 0x4c, 0x88, 0xad, 0x60, 0x1b, 0xa9, 0x29,
    0xee, 0xb0, 0x40, 0x26, 0x30, 0x2, 0xc1, 0xe8,
    0x80, 0x9, 0x1e, 0xbb, 0x87, 0xd0, 0x1, 0xae,
    0x3b, 0x31, 0xb0, 0x20, 0x1c,

    /* U+591C "夜" */
    0x0, 0xf3, 0x90, 0x7, 0xff, 0x3, 0xe4, 0x3,
    0xc5, 0xff, 0xce, 0x9f, 0xfc, 0x44, 0xff, 0x59,
    0x7f, 0xa5, 0x3f, 0xf1, 0x0, 0x53, 0x0, 0x8,
    0x5d, 0xda, 0x40, 0x28, 0x5, 0x9, 0x4a, 0xcc,
    0x38, 0x80, 0x15, 0xd8, 0x19, 0x91, 0xec, 0x29,
    0x40, 0xb4, 0xe0, 0xd0, 0xd7, 0x6f, 0x84, 0x20,
    0x4c, 0xd0, 0x7f, 0x94, 0x46, 0x35, 0x80, 0x4,
    0xc0, 0x2, 0x20, 0xfa, 0xa8, 0x40, 0x3f, 0x90,
    0x0, 0x40, 0x1f, 0x97, 0x6b, 0x36, 0xf1, 0x0,
    0x39, 0x66, 0x30, 0x8f, 0x6e, 0x4c, 0x0, 0xb6,
    0xb8, 0xa0, 0x19, 0xf4, 0xc0,

    /* U+591F "够" */
    0x0, 0x2a, 0x80, 0x39, 0x90, 0x3, 0xa4, 0x3,
    0x8e, 0x7e, 0xa8, 0x0, 0x43, 0xaf, 0xf4, 0x1f,
    0x54, 0x18, 0x80, 0x26, 0xbf, 0xd4, 0x31, 0x46,
    0x2f, 0x0, 0x61, 0xd7, 0x21, 0xd6, 0xfb, 0xa8,
    0x30, 0x3a, 0xc9, 0x43, 0x2, 0x94, 0x56, 0x0,
    0xc4, 0x40, 0xb, 0x82, 0x18, 0x3, 0xf0, 0x8b,
    0x2a, 0xb, 0xbd, 0xc0, 0x4, 0x20, 0x12, 0x6d,
    0xf7, 0x5, 0x0, 0x15, 0xaf, 0xe1, 0x15, 0x5,
    0x8, 0x60, 0x53, 0x94, 0x25, 0x89, 0x1a, 0xb6,
    0x0, 0x54, 0x0, 0x2b, 0x1, 0x79, 0xe0, 0x80,
    0x6b, 0xf7, 0x1c, 0xc6, 0xe0, 0x80, 0x75, 0xfd,
    0x9c, 0x73, 0x0, 0x60,

    /* U+5927 "大" */
    0x0, 0xf4, 0x48, 0x7, 0xff, 0x4, 0x40, 0x3f,
    0xf8, 0x2, 0x1, 0xff, 0xc1, 0x3e, 0x0, 0xf0,
    0xff, 0xf2, 0xcf, 0xff, 0x10, 0xee, 0xf0, 0x3,
    0x77, 0x88, 0x8, 0xb3, 0x12, 0x20, 0x8b, 0x0,
    0x7b, 0xeb, 0xac, 0x3, 0xf9, 0x10, 0xca, 0xe,
    0x1, 0xf0, 0xd4, 0x8, 0x74, 0x18, 0x7, 0x16,
    0x23, 0x80, 0xe, 0x31, 0x0, 0x27, 0xd4, 0xa0,
    0xc, 0xf1, 0x72, 0x22, 0xdb, 0x90, 0xf, 0x3e,
    0x18, 0x80,

    /* U+5929 "天" */
    0x4, 0x77, 0xff, 0x18, 0x0, 0x7b, 0xb5, 0x5f,
    0x76, 0x70, 0x2, 0xcc, 0xe7, 0xb9, 0x9c, 0x80,
    0x1f, 0xfc, 0x42, 0x2e, 0x6f, 0x22, 0xe0, 0x1c,
    0xce, 0x37, 0xcc, 0xe1, 0x17, 0x76, 0xc0, 0x1f,
    0xee, 0xc2, 0x1, 0xd4, 0x8f, 0x20, 0x1f, 0xc6,
    0xf3, 0xc, 0x80, 0x1f, 0x1e, 0xc9, 0xd, 0xd1,
    0x80, 0x74, 0x64, 0x30, 0x1, 0x6f, 0x20, 0x40,
    0xb8, 0xf5, 0x80, 0x32, 0xe2, 0x71, 0x96, 0x59,
    0x0, 0x78, 0xf3, 0x4c,

    /* U+5931 "失" */
    0x0, 0x9d, 0x2, 0x20, 0x1, 0xfd, 0x2e, 0x1,
    0xff, 0x20, 0x10, 0x8f, 0xc0, 0x1b, 0xc7, 0xb8,
    0xcc, 0xee, 0xc2, 0x0, 0x34, 0xef, 0xf3, 0xbb,
    0xff, 0x8, 0x2, 0x20, 0x20, 0x1, 0x0, 0xfd,
    0xe8, 0x67, 0x10, 0x99, 0xf0, 0x8a, 0x7b, 0xb2,
    0x37, 0x77, 0x20, 0xee, 0xe9, 0x13, 0x8d, 0xdc,
    0xa0, 0x1d, 0x2d, 0x16, 0x20, 0x1f, 0xd, 0x8c,
    0x23, 0xe0, 0x80, 0x72, 0xf8, 0x68, 0x2, 0x53,
    0xd8, 0x2, 0xdb, 0x8b, 0x10, 0xa, 0x6e, 0xde,
    0xc1, 0xfc, 0xc0, 0x1e, 0x5d, 0xc6,

    /* U+5934 "头" */
    0x0, 0x94, 0x2, 0x97, 0x0, 0xf8, 0x7b, 0x8c,
    0x1, 0xfe, 0x1b, 0xab, 0x43, 0x0, 0xf8, 0x9c,
    0x13, 0x50, 0x4, 0x3, 0xed, 0xe5, 0x0, 0x9,
    0x80, 0x78, 0xaa, 0x90, 0x20, 0xe2, 0x1, 0xe2,
    0x23, 0x79, 0x91, 0xb9, 0x16, 0x2, 0xff, 0xec,
    0xe, 0xff, 0xc6, 0x5b, 0xbc, 0xed, 0xbb, 0xc6,
    0x1, 0xc6, 0xd9, 0x44, 0x1, 0xf9, 0x36, 0x57,
    0x31, 0x20, 0x1c, 0x55, 0x76, 0x60, 0x6f, 0xe,
    0x30, 0x6, 0x60, 0xb9, 0x40, 0x21, 0x9b, 0xe0,
    0x7, 0x72, 0x4, 0x3, 0xcb, 0xa0,

    /* U+593A "夺" */
    0x0, 0xf4, 0x38, 0x7, 0xff, 0x1, 0x90, 0x3,
    0xc7, 0xdd, 0xbc, 0x77, 0xbb, 0x8c, 0xdf, 0xf4,
    0x6, 0x60, 0x23, 0xfe, 0x30, 0x10, 0x88, 0x61,
    0x96, 0x5d, 0x8c, 0x40, 0xaf, 0x83, 0xcc, 0x0,
    0x5c, 0x59, 0x82, 0x26, 0xf4, 0x88, 0x6, 0xda,
    0xe9, 0x20, 0x9e, 0xff, 0xf0, 0xef, 0xd0, 0x87,
    0xf9, 0x73, 0xff, 0xe, 0x7f, 0x84, 0x2, 0xfd,
    0x10, 0xc, 0x20, 0x1e, 0x56, 0xd0, 0xf, 0xfe,
    0x4, 0x40, 0x3, 0xff, 0x82, 0x8b, 0xfe, 0x22,
    0x0, 0x7f, 0x2f, 0xfb, 0x0, 0x30,

    /* U+594F "奏" */
    0x0, 0xff, 0xe4, 0x44, 0x0, 0x3e, 0x3e, 0xec,
    0xee, 0xee, 0xc8, 0x0, 0x3e, 0xec, 0x39, 0xdd,
    0x90, 0x2, 0x9e, 0xe8, 0x77, 0xba, 0xa0, 0xd,
    0x3d, 0xc5, 0x8e, 0xed, 0x40, 0x2, 0xdd, 0xc9,
    0x3b, 0xbe, 0x32, 0xdd, 0x71, 0xe7, 0x6f, 0x7,
    0xee, 0x8c, 0x0, 0xda, 0x5d, 0xba, 0xe0, 0xc6,
    0x0, 0x16, 0x5e, 0xe6, 0xad, 0x6e, 0xb2, 0xb5,
    0xa, 0x6b, 0xb7, 0x4f, 0x3b, 0xaf, 0xbe, 0x40,
    0x57, 0xdd, 0x29, 0xeb, 0xf6, 0xb9, 0x80, 0x64,
    0xc3, 0xd3, 0xfe, 0xc3, 0x0, 0xd9, 0xf1, 0x62,
    0xb, 0xb3, 0xa6, 0x1, 0x65, 0xa0, 0x7, 0x2f,
    0x18, 0x0,

    /* U+5951 "契" */
    0x0, 0xad, 0x0, 0x3f, 0xd3, 0x25, 0xf9, 0x5f,
    0xff, 0x0, 0x2a, 0x85, 0xb4, 0x9f, 0xa7, 0xfc,
    0x20, 0xa, 0xf3, 0xbf, 0x50, 0x76, 0x3, 0x0,
    0xa7, 0x12, 0x71, 0x3, 0xb0, 0x4, 0xc0, 0xb7,
    0x49, 0x3a, 0xec, 0xac, 0xc, 0xc0, 0x2d, 0xd2,
    0x4e, 0xea, 0x68, 0x76, 0xf4, 0x3, 0x6b, 0x1,
    0x52, 0xe, 0x7b, 0x0, 0x4, 0x4e, 0x62, 0x86,
    0x22, 0x0, 0x8, 0x16, 0x66, 0xf3, 0x9f, 0xcc,
    0xc4, 0x4d, 0xdc, 0x8a, 0xc9, 0xbb, 0x88, 0x2,
    0x3b, 0x6b, 0x91, 0xc4, 0x0, 0x8a, 0xfb, 0xf7,
    0x4, 0x2e, 0xa7, 0xf0, 0x89, 0xfe, 0xc6, 0x0,
    0xcd, 0xbd, 0x4,

    /* U+5957 "套" */
    0x0, 0xf3, 0x88, 0x7, 0xc4, 0x59, 0xe4, 0xc8,
    0xb8, 0x1, 0xdd, 0x64, 0x17, 0x6e, 0x77, 0x42,
    0x19, 0x8f, 0xa, 0xcc, 0x82, 0x73, 0x2, 0x0,
    0x7c, 0x18, 0xdd, 0x71, 0xdd, 0x8, 0x17, 0x63,
    0xae, 0xef, 0x79, 0xf1, 0x96, 0xdf, 0x25, 0xdf,
    0x2c, 0xf1, 0x81, 0x80, 0xf, 0x33, 0x9c, 0x4,
    0x3, 0x99, 0x13, 0x88, 0x2, 0x2e, 0xe4, 0x26,
    0xef, 0x7f, 0x70, 0x89, 0xdc, 0xb2, 0xde, 0xe9,
    0x6f, 0xb8, 0x40, 0xa, 0xa3, 0xd5, 0x56, 0xd4,
    0xe0, 0x1b, 0x27, 0xf6, 0x62, 0xb7, 0xb0, 0x40,

    /* U+597D "好" */
    0x0, 0xff, 0xe2, 0x3c, 0x0, 0x7f, 0xf0, 0x37,
    0x80, 0x5, 0xdd, 0xd8, 0x1, 0x32, 0x80, 0xb,
    0x32, 0xd0, 0x80, 0x5f, 0x3c, 0xfb, 0x2, 0x21,
    0xfc, 0x20, 0x2e, 0x17, 0xe0, 0x80, 0x59, 0x4c,
    0x1, 0x2a, 0x3, 0x90, 0x4, 0x68, 0x1, 0xb3,
    0x1, 0x9f, 0xf8, 0x77, 0xfc, 0x80, 0xa6, 0xa,
    0xdf, 0xf0, 0xe7, 0xf9, 0x3, 0x2e, 0xcc, 0x20,
    0x18, 0x40, 0x31, 0xe2, 0x38, 0x7, 0xfd, 0x28,
    0xf6, 0x1, 0xfd, 0xb, 0x57, 0xa0, 0x1f, 0x90,
    0xf0, 0x41, 0x82, 0x3c, 0xc8, 0x2, 0x4b, 0x10,
    0xd, 0x1f, 0xa0, 0x18,

    /* U+5982 "如" */
    0x0, 0xff, 0xe2, 0xf8, 0x7, 0xff, 0x0, 0xc8,
    0x2, 0x36, 0x6e, 0x0, 0x99, 0xc0, 0x2b, 0xb6,
    0x65, 0x20, 0xbf, 0x4b, 0xfe, 0x90, 0xaa, 0xc0,
    0x5, 0xf3, 0xbf, 0x70, 0xf, 0xf1, 0xa0, 0xf,
    0x80, 0x7e, 0x33, 0x0, 0x11, 0x40, 0x3f, 0x5b,
    0x0, 0x91, 0x80, 0x7e, 0xb7, 0xa9, 0x50, 0xf,
    0xe3, 0xd1, 0x7e, 0x0, 0xff, 0x84, 0x52, 0x20,
    0x1, 0x18, 0x3, 0x53, 0xfa, 0x30, 0x47, 0xfc,
    0x0, 0x1e, 0x1c, 0x19, 0x70, 0x8e, 0xe8, 0xc0,
    0x72, 0xc4, 0x2, 0x87, 0x0, 0xb0, 0x0,

    /* U+59CB "始" */
    0x0, 0x32, 0x0, 0x65, 0x60, 0xf, 0x60, 0x7,
    0x41, 0x0, 0x79, 0xd4, 0x2, 0x61, 0x46, 0x40,
    0x2, 0xf9, 0x77, 0xb0, 0xc7, 0x82, 0x48, 0x82,
    0xda, 0x7a, 0x9d, 0xab, 0xaa, 0xc, 0x0, 0xf,
    0x1, 0x89, 0x5a, 0x3f, 0xc8, 0xe4, 0x18, 0x80,
    0x4f, 0xfb, 0x95, 0x31, 0xa4, 0x8, 0xc6, 0x40,
    0xd9, 0x9c, 0xa0, 0xc, 0xbf, 0x40, 0xe4, 0xee,
    0x97, 0x80, 0x7, 0xa6, 0x1, 0x79, 0x14, 0x20,
    0x1a, 0x91, 0x98, 0x1, 0xfd, 0x9, 0x5a, 0x61,
    0xc6, 0x71, 0x0, 0x8, 0xf0, 0x4d, 0x41, 0x22,
    0x27, 0x0, 0x15, 0x88, 0x5, 0x1b, 0x77, 0x6c,
    0x0,

    /* U+59D4 "委" */
    0x0, 0xe1, 0x24, 0x57, 0xa4, 0x0, 0x87, 0x77,
    0x7c, 0x68, 0xca, 0x0, 0x43, 0xbb, 0x62, 0xdc,
    0x31, 0x80, 0x45, 0xdd, 0xcf, 0x1d, 0xdc, 0x44,
    0xee, 0xa0, 0xd5, 0x46, 0xdd, 0xd1, 0x0, 0xe,
    0xf3, 0x5, 0xb8, 0x5c, 0xe2, 0x3, 0xbf, 0xea,
    0x53, 0x11, 0x56, 0xe7, 0x20, 0xfe, 0x20, 0x57,
    0xb0, 0x0, 0xef, 0x90, 0xb3, 0xb9, 0xe3, 0x5d,
    0xcf, 0xf7, 0x7c, 0x17, 0x72, 0xb, 0xfb, 0x9a,
    0x1b, 0xdc, 0x80, 0x0, 0xd1, 0xd3, 0xae, 0xd1,
    0x0, 0x70, 0xe6, 0xe, 0x2c, 0x39, 0x88, 0x2,
    0xad, 0xef, 0xb, 0xee, 0x7f, 0xb2, 0xc0, 0x11,
    0xfd, 0xb2, 0x80, 0x4, 0x9e, 0xb0,

    /* U+5B50 "子" */
    0x0, 0x57, 0xff, 0xf1, 0x0, 0x57, 0xdd, 0xe8,
    0x9, 0x20, 0x8, 0x47, 0x8e, 0xaf, 0x58, 0x3,
    0xf1, 0xee, 0xb0, 0x80, 0x3f, 0x9c, 0x98, 0x3,
    0xd9, 0x9d, 0x25, 0x99, 0xcc, 0x11, 0x1d, 0x43,
    0x11, 0xc8, 0x8, 0x9c, 0x66, 0x44, 0xe2, 0x0,
    0xff, 0xf1, 0x6f, 0xda, 0x80, 0x7f, 0xb7, 0xfd,
    0x0, 0x1e,

    /* U+5B57 "字" */
    0x0, 0xe1, 0x80, 0xf, 0x84, 0x70, 0x2b, 0x88,
    0xf0, 0x7f, 0xf1, 0xcf, 0xff, 0x0, 0x3f, 0xbb,
    0xf6, 0x0, 0x8, 0x2f, 0xff, 0xd0, 0x4, 0x18,
    0x37, 0xdd, 0xa0, 0x70, 0xb0, 0x3, 0x8, 0x8e,
    0xf3, 0xd0, 0x2, 0x11, 0xef, 0x2a, 0x1, 0x10,
    0x27, 0x77, 0x13, 0xf7, 0x6b, 0x4f, 0xfe, 0x2b,
    0xff, 0xd6, 0x1, 0xff, 0xd2, 0xdf, 0x35, 0x0,
    0xfe, 0xdf, 0xe1, 0x0, 0xe0,

    /* U+5B58 "存" */
    0x0, 0xe8, 0x30, 0xf, 0xf8, 0x5c, 0x40, 0x3e,
    0x1f, 0xfb, 0x83, 0x7f, 0xfc, 0x43, 0xfe, 0xe1,
    0xbf, 0xff, 0x88, 0x2, 0x65, 0x42, 0x2f, 0x0,
    0x63, 0x89, 0x1f, 0xfd, 0xba, 0x30, 0x1, 0x6a,
    0x10, 0xee, 0xb1, 0xf, 0x4c, 0xf, 0x8, 0x3,
    0x9c, 0xb0, 0x80, 0x2b, 0xa0, 0x4e, 0xea, 0x53,
    0xba, 0x53, 0x50, 0x2, 0x77, 0x50, 0xbd, 0xd2,
    0x80, 0x7e, 0x10, 0xf, 0xfe, 0x6c, 0x7c, 0xe0,
    0x7, 0x9a, 0xc0, 0x11, 0xfe, 0x60, 0xc,

    /* U+5B66 "学" */
    0x0, 0x18, 0x0, 0x5c, 0x2, 0x14, 0x0, 0xae,
    0x80, 0x69, 0x0, 0x17, 0xa0, 0x3, 0xb4, 0x41,
    0xaf, 0x1b, 0xa5, 0x18, 0x6f, 0xaf, 0xc1, 0x8c,
    0x62, 0xfe, 0x0, 0x36, 0xef, 0xf6, 0x80, 0x18,
    0x7b, 0xbb, 0xfd, 0x20, 0xe1, 0x1, 0xdd, 0x7c,
    0x94, 0x48, 0xc0, 0x7, 0xb3, 0xf5, 0xc0, 0x26,
    0xff, 0xe2, 0x7f, 0xfd, 0xcd, 0xff, 0xc5, 0x7f,
    0xfb, 0x80, 0x3e, 0x70, 0xf, 0xfe, 0x49, 0x7f,
    0x80, 0x80, 0x3f, 0x17, 0xfb, 0x44, 0x3, 0x80,

    /* U+5B83 "它" */
    0x0, 0xec, 0x30, 0xf, 0xf5, 0xc0, 0x7, 0x77,
    0xfe, 0x84, 0xff, 0xd8, 0x1b, 0xdd, 0xfa, 0xc4,
    0xe, 0x40, 0x47, 0xce, 0x3c, 0x2e, 0x60, 0x18,
    0x8c, 0xd8, 0x1, 0xe5, 0xbd, 0xa0, 0xe, 0x5a,
    0xfe, 0xde, 0x90, 0xe, 0xdf, 0xeb, 0x61, 0x0,
    0xf4, 0x28, 0x80, 0x61, 0x0, 0xff, 0xa6, 0x40,
    0x1, 0x60, 0xe, 0x14, 0xf0, 0x4, 0xd7, 0xff,
    0x73, 0xb0,

    /* U+5B88 "守" */
    0x0, 0xf3, 0xa8, 0x7, 0xff, 0x0, 0x60, 0x3,
    0xee, 0xff, 0xd2, 0x5f, 0xfb, 0x80, 0x2d, 0xff,
    0xfd, 0x80, 0x12, 0x18, 0x7, 0x2e, 0x0, 0xa0,
    0x2, 0xc0, 0x47, 0x80, 0x2, 0x76, 0x0, 0xee,
    0xfa, 0x8f, 0xba, 0x50, 0xff, 0x6f, 0xfe, 0xa3,
    0xff, 0x94, 0x0, 0x58, 0x80, 0x1f, 0xf1, 0x55,
    0x8, 0x3, 0xfe, 0x49, 0x40, 0xf, 0xfe, 0x3,
    0xb0, 0x7, 0xff, 0xb, 0x7e, 0xec, 0x1, 0xfe,
    0xdf, 0xe7, 0x0, 0xc0,

    /* U+5B89 "安" */
    0x0, 0xf4, 0x80, 0x7f, 0xf0, 0x56, 0x0, 0x3e,
    0xbf, 0xfc, 0x6f, 0xff, 0xac, 0x2, 0xaf, 0xf7,
    0x57, 0xfe, 0x90, 0x8, 0xc4, 0x1, 0x3c, 0x1,
    0x8c, 0x80, 0x12, 0xa2, 0x4f, 0xe2, 0x39, 0x20,
    0x1, 0xff, 0x68, 0x57, 0xfb, 0xb9, 0xfe, 0x10,
    0xee, 0x68, 0x77, 0x5e, 0x1b, 0xdc, 0x10, 0xb,
    0x94, 0x40, 0x16, 0xa4, 0x1, 0xc3, 0x63, 0xd3,
    0xf, 0x60, 0x1e, 0x16, 0xbd, 0x67, 0x7, 0x0,
    0xf8, 0xe7, 0x5b, 0xae, 0xdc, 0xc0, 0x13, 0xff,
    0xe, 0x48, 0xb6, 0xc4, 0x1c, 0x0, 0xdb, 0xa8,
    0x20, 0xc, 0xdc, 0xe0,

    /* U+5B8C "完" */
    0x0, 0xf5, 0x8, 0x7, 0xe1, 0x1e, 0x81, 0x1c,
    0x1, 0x77, 0x72, 0x37, 0x77, 0x0, 0x5b, 0xff,
    0xfb, 0x40, 0x3b, 0x37, 0x7d, 0x20, 0x1b, 0x8b,
    0x73, 0x3d, 0x5, 0xc0, 0x18, 0x47, 0xf0, 0x4,
    0x7f, 0xff, 0xfc, 0x3, 0x37, 0xfc, 0xd1, 0xfe,
    0xf, 0xfc, 0x60, 0x19, 0x48, 0x3, 0xfe, 0x23,
    0x40, 0xf, 0x29, 0x80, 0xf, 0xe0, 0x40, 0x21,
    0x0, 0x63, 0x8e, 0xf4, 0x38, 0x4, 0x9d, 0xfe,
    0x45, 0x1f, 0xd5, 0x0, 0xd7, 0xff, 0x68, 0x80,

    /* U+5B98 "官" */
    0x0, 0xe5, 0x40, 0xe, 0x33, 0xed, 0x93, 0x3e,
    0xce, 0xff, 0x90, 0x7f, 0xee, 0xc0, 0xcc, 0xfe,
    0xf0, 0xb2, 0xfe, 0xef, 0x78, 0x5a, 0x0, 0xf7,
    0x78, 0x4d, 0x0, 0x3, 0x99, 0xe1, 0x0, 0xc3,
    0xdd, 0xed, 0x10, 0xc, 0x67, 0xf0, 0x6, 0x1f,
    0xff, 0xa8, 0x2, 0x1e, 0xef, 0x48, 0x6, 0x1b,
    0xbf, 0x50, 0x6, 0x1f, 0xff, 0x29, 0x80,

    /* U+5B9A "定" */
    0x0, 0xf4, 0x10, 0x7, 0xff, 0x0, 0x60, 0x3,
    0xee, 0xff, 0xcc, 0xbf, 0xfb, 0x80, 0x2d, 0xff,
    0xfd, 0xa0, 0x1c, 0xef, 0xf8, 0x40, 0x2e, 0x2e,
    0xea, 0xa9, 0xdd, 0x17, 0x0, 0x6b, 0x99, 0x2a,
    0xa6, 0x61, 0x0, 0xed, 0x10, 0x0, 0x80, 0x7e,
    0x30, 0x10, 0x3, 0x77, 0x54, 0x1, 0x90, 0xc,
    0x0, 0xfd, 0xd5, 0x0, 0x69, 0x7e, 0x10, 0xf,
    0xe8, 0x28, 0xbf, 0x52, 0x10, 0xe, 0x36, 0xd0,
    0x6c, 0x47, 0xef, 0xfc, 0x87, 0xe2, 0x0, 0x29,
    0xdf, 0xfe, 0x40,

    /* U+5B9E "实" */
    0x0, 0xe8, 0x30, 0xf, 0xfe, 0x7, 0x80, 0x7a,
    0xff, 0xba, 0x62, 0xee, 0xbf, 0x0, 0x15, 0xb7,
    0xdc, 0x4f, 0xee, 0x50, 0x0, 0x98, 0x61, 0xc1,
    0x40, 0x26, 0x50, 0x91, 0x2c, 0xe1, 0x1, 0x0,
    0x1c, 0x80, 0x2f, 0xa, 0x4c, 0x40, 0x3e, 0x98,
    0x50, 0x75, 0x0, 0xf6, 0x62, 0x2b, 0x2d, 0x73,
    0x38, 0x77, 0x74, 0x8e, 0xd7, 0x6e, 0xc2, 0x39,
    0x2e, 0x87, 0x71, 0x84, 0x40, 0x4d, 0x97, 0x4a,
    0x57, 0x9b, 0xca, 0x9, 0x93, 0xc8, 0x1, 0x15,
    0x6e, 0x80,

    /* U+5BA1 "审" */
    0x0, 0xc3, 0x0, 0x1f, 0x8, 0xc0, 0xcc, 0x11,
    0xc1, 0xdd, 0xc3, 0x3d, 0xdc, 0x1b, 0xff, 0x46,
    0xff, 0xda, 0x1a, 0x26, 0x74, 0xa1, 0x9c, 0xda,
    0x79, 0x11, 0xd, 0x44, 0x56, 0x60, 0x37, 0x71,
    0x7d, 0xdc, 0x1, 0xf, 0x74, 0x5b, 0xdd, 0x0,
    0x43, 0xdd, 0x16, 0xf7, 0x40, 0x10, 0xdd, 0xc5,
    0xf7, 0x70, 0x4, 0x31, 0x10, 0xd4, 0x44, 0x1,
    0x71, 0x9e, 0x53, 0x3b, 0xc0, 0x3f, 0xf8, 0x20,

    /* U+5BA2 "客" */
    0x0, 0xff, 0xe4, 0x4c, 0x0, 0x7d, 0x57, 0x79,
    0x5e, 0xef, 0x50, 0x1, 0x3b, 0xfd, 0x93, 0x7f,
    0xf7, 0x20, 0x0, 0xd1, 0x1, 0x2e, 0x89, 0x9c,
    0xc0, 0x1a, 0x29, 0x67, 0xfb, 0xaf, 0x72, 0xd0,
    0x0, 0xcc, 0x95, 0xb7, 0x4e, 0xce, 0x1, 0x94,
    0x36, 0x8f, 0x76, 0x90, 0xe, 0x49, 0x5, 0x41,
    0xb, 0x61, 0x0, 0x85, 0xab, 0xb9, 0x19, 0xb3,
    0xbd, 0xb2, 0x47, 0x98, 0x45, 0xae, 0xe5, 0xa8,
    0xcf, 0x11, 0x29, 0x8e, 0x7b, 0xb6, 0x82, 0x38,
    0x7, 0xf9, 0xc0, 0x3f, 0x4e, 0xee, 0xa0, 0xf,
    0xa7, 0xb7, 0x77, 0x70, 0x2,

    /* U+5BA4 "室" */
    0x0, 0xff, 0xe4, 0x69, 0x80, 0x7d, 0x77, 0xc7,
    0xb7, 0x7c, 0x0, 0x48, 0x8d, 0xba, 0x88, 0xc8,
    0x0, 0x32, 0x2f, 0xf1, 0x80, 0x32, 0xf3, 0xfb,
    0x33, 0xa7, 0x0, 0x2a, 0xc2, 0x8d, 0xd4, 0xb6,
    0x40, 0x6, 0x5f, 0x61, 0x89, 0xe5, 0xc2, 0x0,
    0xda, 0xfa, 0x7, 0xf1, 0xf3, 0x40, 0x1a, 0x25,
    0xd9, 0xcc, 0x85, 0x20, 0x2, 0x1f, 0xfc, 0x75,
    0xff, 0x58, 0x4, 0x3f, 0xf8, 0xeb, 0xfe, 0xb0,
    0xf, 0xfe, 0x23, 0x7f, 0xf1, 0xd7, 0xff, 0x0,

    /* U+5BB3 "害" */
    0x0, 0xe1, 0x80, 0xf, 0x8c, 0xf1, 0x33, 0x99,
    0xe2, 0xd, 0xf8, 0x88, 0x2e, 0x22, 0xeb, 0x0,
    0x75, 0x54, 0x73, 0x55, 0x80, 0x1a, 0xd7, 0x71,
    0x75, 0xdc, 0xb6, 0x7, 0xe2, 0x30, 0x38, 0x8c,
    0x84, 0x0, 0x99, 0xc5, 0x33, 0x9c, 0x13, 0x7f,
    0xf1, 0x47, 0xfd, 0x94, 0x9f, 0xfc, 0x51, 0xff,
    0xac, 0x9, 0x33, 0xfc, 0x57, 0xfe, 0xc4, 0x10,
    0x9, 0x37, 0x5f, 0xdb, 0xa4, 0x10, 0xf, 0xfe,
    0x2a, 0xee, 0xf9, 0x40, 0x33, 0x7e, 0xef, 0xbd,
    0xc0,

    /* U+5BB6 "家" */
    0x0, 0xff, 0xe3, 0x8f, 0x10, 0x7, 0xd5, 0x77,
    0x50, 0xfd, 0xde, 0xa0, 0x2, 0x74, 0x45, 0x9d,
    0x11, 0x72, 0x0, 0x48, 0x67, 0xf9, 0xc0, 0x2c,
    0x2e, 0xe7, 0xfb, 0xbb, 0x16, 0x0, 0x8, 0xfa,
    0x42, 0x3b, 0xac, 0x32, 0x0, 0x24, 0xe8, 0x6c,
    0x90, 0x36, 0x28, 0x4, 0x59, 0xab, 0x7, 0x37,
    0x6f, 0x60, 0x9, 0x82, 0xfa, 0x7d, 0x34, 0xc0,
    0x3a, 0xb2, 0x31, 0x7c, 0x55, 0xac, 0x3, 0x54,
    0xae, 0xf6, 0x90, 0x43, 0x50, 0x5, 0x7d, 0xcc,
    0x82, 0x32, 0xc, 0x1d, 0x20, 0x8e, 0x85, 0xfc,
    0x91, 0x0, 0x5c, 0x90, 0x18, 0x1, 0x3f, 0x98,
    0x3, 0x20, 0x0,

    /* U+5BB9 "容" */
    0x0, 0xf3, 0x18, 0x7, 0xc6, 0x89, 0xb3, 0xd1,
    0x31, 0x80, 0x36, 0x3f, 0xe1, 0x7f, 0xfa, 0x34,
    0x2, 0xdb, 0xd8, 0xbb, 0x47, 0x5f, 0x0, 0x54,
    0x13, 0x44, 0x26, 0x5f, 0x61, 0x40, 0x16, 0x6,
    0xe, 0xe8, 0x2b, 0x70, 0x2, 0x7e, 0x92, 0xd4,
    0x8c, 0x26, 0xd6, 0x0, 0x19, 0x9f, 0x6e, 0x1a,
    0x72, 0x48, 0x80, 0x2f, 0xd0, 0x35, 0x98, 0x83,
    0x6e, 0xa2, 0x3c, 0xb0, 0xce, 0xed, 0xe1, 0x84,
    0x55, 0xa8, 0x11, 0x78, 0xa, 0x0, 0x38, 0x47,
    0xc0, 0x1f, 0xbf, 0xfc, 0x1, 0xf7, 0x77, 0xde,
    0x20, 0x0,

    /* U+5BBD "宽" */
    0x0, 0xff, 0xe4, 0x62, 0x80, 0x7d, 0x77, 0xc5,
    0x77, 0xd2, 0x0, 0x48, 0x99, 0xb3, 0x13, 0x37,
    0xa8, 0x0, 0xcc, 0x43, 0xc4, 0x4e, 0x62, 0x56,
    0x0, 0x62, 0x6e, 0x8f, 0x74, 0x75, 0xb3, 0x40,
    0x12, 0x6e, 0x1e, 0xe8, 0xeb, 0x60, 0x3, 0xbb,
    0xb, 0xb8, 0x55, 0xc4, 0x1, 0xc3, 0xfd, 0x7d,
    0xd0, 0x80, 0x7f, 0x70, 0x80, 0x7f, 0xf0, 0x1a,
    0xc4, 0x3, 0xf3, 0x8c, 0x22, 0xc, 0x24, 0xe8,
    0xc0, 0x2d, 0xc2, 0x90, 0x9, 0x85, 0xc4, 0x57,
    0xdf, 0xea, 0x7, 0xdf, 0xf9, 0x88, 0x63, 0xa8,
    0xc0, 0x13, 0xff, 0xac, 0x0,

    /* U+5BC4 "寄" */
    0x0, 0xff, 0xe4, 0x53, 0x0, 0x7d, 0xbb, 0xc9,
    0x3b, 0xbb, 0x0, 0x5, 0x99, 0xae, 0xb3, 0x2e,
    0x20, 0x1, 0x26, 0x65, 0x76, 0xcc, 0x94, 0x80,
    0x1a, 0xbb, 0xa8, 0x17, 0xed, 0xd3, 0x60, 0x6,
    0x49, 0xbb, 0x64, 0x6b, 0x0, 0x42, 0x79, 0x41,
    0x4e, 0xd1, 0xb, 0x63, 0x3, 0xa5, 0x70, 0xda,
    0xab, 0xb, 0x28, 0x4a, 0x70, 0xcf, 0xa6, 0x43,
    0x12, 0x20, 0xd, 0x39, 0x99, 0x4, 0x3, 0xf7,
    0x19, 0xc0, 0x1f, 0xe9, 0xdd, 0x8c, 0x3, 0xf6,
    0x56, 0xef, 0x71, 0x90, 0x6, 0x44, 0x0, 0x6c,
    0xed, 0x0, 0x80,

    /* U+5BC6 "密" */
    0x0, 0xff, 0xe4, 0x69, 0x80, 0x7d, 0x79, 0x98,
    0xb7, 0x33, 0x84, 0x16, 0x3b, 0xd7, 0x31, 0xdd,
    0x88, 0xc0, 0xa, 0x47, 0xfc, 0x25, 0xe, 0x40,
    0x17, 0x59, 0x6b, 0xfb, 0xd8, 0xc, 0x71, 0x2,
    0x31, 0x18, 0x3c, 0xe5, 0x1, 0xc0, 0xd, 0x78,
    0x3, 0x3b, 0xdc, 0xaa, 0xd5, 0x43, 0x13, 0xc6,
    0x4d, 0xfb, 0x92, 0x1e, 0xa3, 0xb9, 0xfb, 0xf7,
    0xfb, 0xce, 0x4, 0x3, 0x7e, 0x60, 0xa, 0x60,
    0xb, 0x80, 0x32, 0x88, 0x7, 0xc2, 0x1, 0xd3,
    0x10, 0x2e, 0x88, 0x80, 0x3a, 0x77, 0xfd, 0x3b,
    0xff, 0x0, 0x40,

    /* U+5BDF "察" */
    0x0, 0xff, 0xe4, 0x43, 0x80, 0x7d, 0x99, 0xcb,
    0x19, 0x9c, 0x0, 0x3d, 0xf4, 0xdc, 0x7d, 0xdc,
    0x60, 0x7, 0x1f, 0x6a, 0x84, 0xaa, 0xc8, 0x0,
    0x8b, 0x6f, 0xe3, 0x87, 0xa8, 0x5a, 0x1, 0xdc,
    0x9c, 0x8b, 0x46, 0x64, 0xc0, 0x80, 0xfe, 0xa8,
    0x40, 0xd, 0xd9, 0xd8, 0x2, 0x22, 0x5c, 0xc6,
    0x64, 0xaa, 0xc5, 0x2, 0xd3, 0x81, 0x88, 0xd9,
    0xb5, 0xa4, 0x4d, 0xcc, 0xdd, 0x79, 0x90, 0xc1,
    0x0, 0x1f, 0xd2, 0x7d, 0x24, 0x49, 0x40, 0x23,
    0xbd, 0xc0, 0xd, 0x1d, 0x8c, 0x0, 0x9e, 0xb1,
    0xca, 0xd0, 0x2, 0xf8, 0x80, 0x29, 0x40, 0x19,
    0xce, 0x1, 0xb, 0x80,

    /* U+5BF8 "寸" */
    0x0, 0xfc, 0x5e, 0x1, 0xff, 0xd4, 0x4f, 0xff,
    0xb4, 0x3f, 0xe4, 0x47, 0x77, 0xd8, 0x1d, 0xd2,
    0x0, 0x81, 0x8, 0xf0, 0x8, 0xc0, 0x12, 0xe9,
    0x0, 0x7f, 0xc9, 0x3e, 0x1, 0xff, 0xc0, 0x76,
    0x80, 0xf, 0xfe, 0x4, 0xe0, 0x7, 0xff, 0x0,
    0x90, 0x3, 0xff, 0x84, 0x22, 0x60, 0xf, 0xf1,
    0x77, 0x2d, 0x80, 0x3f, 0x8b, 0xfe, 0x90, 0xc,

    /* U+5BF9 "对" */
    0x0, 0xff, 0x17, 0x0, 0x7f, 0xf1, 0x7b, 0xb9,
    0x80, 0x3f, 0x55, 0x63, 0x2, 0x29, 0x84, 0x84,
    0x11, 0x31, 0x97, 0xfd, 0x41, 0xf2, 0xa, 0xc0,
    0x42, 0x9b, 0xb6, 0xe, 0xc0, 0x3d, 0xc2, 0xa0,
    0x31, 0x80, 0x78, 0xb1, 0x63, 0x40, 0xb8, 0x3,
    0xe1, 0x80, 0xe0, 0x41, 0x50, 0xf, 0xa1, 0x9d,
    0x42, 0x18, 0x3, 0xd2, 0x13, 0x50, 0x8, 0x60,
    0x1d, 0xf, 0xe0, 0xb8, 0x1, 0xf0, 0xa6, 0x10,
    0x0, 0x40, 0xbf, 0x5c, 0x0, 0x38, 0x40, 0x1c,
    0x5f, 0xe9, 0x0, 0x0,

    /* U+5BFC "导" */
    0x2, 0xfb, 0xbf, 0xb6, 0x40, 0x23, 0xb, 0xbf,
    0xa8, 0x3, 0xdf, 0xff, 0x40, 0x7, 0xbf, 0xff,
    0x43, 0x0, 0x65, 0x22, 0xfa, 0x74, 0x0, 0x35,
    0xf3, 0x3d, 0xf2, 0x32, 0x1, 0x2d, 0x5d, 0xf1,
    0xc4, 0x90, 0xf, 0xff, 0xe1, 0xcf, 0xf1, 0x8f,
    0xf9, 0x23, 0xff, 0xe, 0xff, 0x8c, 0x2, 0xaa,
    0x38, 0x7, 0xfc, 0x3f, 0xa0, 0x1f, 0xfc, 0x2,
    0xa5, 0xee, 0x19, 0x0, 0x7f, 0x2f, 0x73, 0x40,
    0x30,

    /* U+5C01 "封" */
    0x0, 0xb4, 0xc0, 0x38, 0xb8, 0x3, 0xff, 0x88,
    0x5f, 0xe2, 0xcf, 0x70, 0xf, 0x8b, 0xfc, 0x59,
    0xee, 0xce, 0xea, 0x17, 0x20, 0xf, 0xbb, 0xa2,
    0xe, 0x8, 0xff, 0x16, 0x7d, 0xc4, 0xca, 0x6,
    0x4a, 0x3f, 0xcf, 0xbf, 0x67, 0x60, 0x1f, 0x94,
    0x40, 0x6, 0xc6, 0x1, 0x8f, 0xfc, 0x59, 0xf2,
    0x15, 0x20, 0x18, 0xff, 0xc5, 0x9f, 0x20, 0xdc,
    0x1, 0xfc, 0x6a, 0x2, 0x80, 0x19, 0x6b, 0xb,
    0x7f, 0x0, 0x3e, 0x6e, 0xe7, 0xf6, 0x48, 0x1f,
    0xeb, 0x80, 0x0,

    /* U+5C04 "射" */
    0x0, 0xff, 0xe2, 0xbc, 0x80, 0x70, 0xf0, 0x7,
    0x66, 0x80, 0x7f, 0x93, 0xda, 0x79, 0xc0, 0x3f,
    0x97, 0x74, 0xc0, 0xab, 0x38, 0xa9, 0x0, 0x17,
    0x30, 0xc1, 0xdd, 0x68, 0x73, 0x0, 0x13, 0x30,
    0xe1, 0x77, 0x50, 0xda, 0x0, 0x17, 0x30, 0xe0,
    0x94, 0x1, 0xe1, 0x5c, 0xc3, 0x82, 0x32, 0x0,
    0x63, 0xb5, 0xef, 0x60, 0x4, 0x40, 0x3, 0x1f,
    0x72, 0xcd, 0x80, 0x9, 0x40, 0x1e, 0x89, 0xd1,
    0x0, 0x98, 0x3, 0x1e, 0x8e, 0x8, 0x7, 0xf1,
    0xfc, 0x9f, 0x31, 0x80, 0xff, 0x9c, 0x2, 0x20,
    0x3e, 0xe2, 0x0, 0xff, 0x48, 0x0,

    /* U+5C06 "将" */
    0x0, 0xb8, 0x40, 0x3, 0xa4, 0x1, 0xfc, 0x58,
    0x5f, 0xbc, 0xc9, 0x60, 0x3, 0x7c, 0xbf, 0xdf,
    0x4, 0x40, 0x48, 0xf, 0x65, 0x99, 0xb2, 0xc8,
    0x28, 0x84, 0xa4, 0xa7, 0x36, 0x94, 0x0, 0x36,
    0x26, 0x93, 0x4f, 0xf8, 0x40, 0x18, 0x43, 0xb3,
    0xa0, 0x51, 0x80, 0x29, 0xa, 0x4b, 0xee, 0x8e,
    0xf4, 0x6c, 0xc2, 0x72, 0xfb, 0xa3, 0xbd, 0x42,
    0xa1, 0x3, 0x85, 0x0, 0xe5, 0x90, 0x8, 0x7e,
    0xc4, 0x3, 0xfc, 0x58, 0x20, 0x1f, 0xf1, 0x67,
    0x92, 0x80, 0x6e, 0x10, 0xb, 0x3f, 0x84, 0x0,

    /* U+5C0F "小" */
    0x0, 0xf2, 0x68, 0x7, 0xff, 0x66, 0x4, 0x3,
    0x98, 0xc0, 0x31, 0xb8, 0x80, 0x70, 0xf8, 0x6,
    0x44, 0x0, 0x79, 0xc9, 0x40, 0x2a, 0xd0, 0xf,
    0xa6, 0x40, 0x3, 0x27, 0x0, 0xf9, 0x8c, 0xc1,
    0xc, 0x20, 0x1f, 0xa, 0x58, 0x84, 0x0, 0x7f,
    0x69, 0x8d, 0x88, 0x7, 0xf3, 0x58, 0x7, 0x84,
    0x3, 0xfe, 0xcf, 0xa5, 0x0, 0xff, 0x67, 0xfa,
    0x0, 0x3c,

    /* U+5C11 "少" */
    0x0, 0xf7, 0x10, 0x7, 0xff, 0x28, 0xa4, 0x3,
    0x86, 0x0, 0x3a, 0xc4, 0x3, 0x85, 0x14, 0x2,
    0x17, 0x90, 0xf, 0x75, 0x88, 0x2, 0xd8, 0x40,
    0x3c, 0x4f, 0x0, 0x6f, 0x0, 0x1f, 0xa1, 0x40,
    0xf4, 0x3, 0xf4, 0x1e, 0x0, 0x7c, 0xe6, 0x12,
    0x84, 0x1, 0xfa, 0x4e, 0xd7, 0x40, 0x3f, 0x1d,
    0x69, 0xe0, 0x80, 0x44, 0x8f, 0x5d, 0xcd, 0xe8,
    0x0, 0xe4, 0x8e, 0xcc, 0x6b, 0x88, 0x7, 0x80,

    /* U+5C1A "尚" */
    0x5, 0x0, 0x97, 0x0, 0x26, 0x10, 0xf9, 0x0,
    0xf1, 0x40, 0x85, 0xb9, 0x80, 0x74, 0x58, 0x0,
    0x61, 0x80, 0x30, 0x82, 0x80, 0xd6, 0x7d, 0x49,
    0x55, 0x85, 0xa1, 0xaf, 0xfd, 0x37, 0xff, 0x39,
    0x0, 0xaa, 0x91, 0x32, 0xa9, 0x80, 0x33, 0x76,
    0x65, 0xc0, 0x1f, 0x36, 0xeb, 0x0, 0x3f, 0xf9,
    0xd, 0xdc, 0xf3, 0x0, 0xf1, 0xc7, 0x75, 0xa0,
    0x1e, 0x57, 0x0, 0x93, 0xdd, 0x40,

    /* U+5C1D "尝" */
    0x0, 0x1b, 0x80, 0x26, 0x40, 0x6, 0x50, 0xc,
    0x52, 0x80, 0x18, 0xa1, 0xc0, 0x23, 0x54, 0xd4,
    0x33, 0x24, 0x3b, 0x18, 0x3, 0xe0, 0xf, 0x80,
    0x1c, 0x7, 0x1c, 0x1, 0x45, 0x57, 0xe8, 0x0,
    0xab, 0x3f, 0xff, 0x15, 0x0, 0x1a, 0x3f, 0xff,
    0x33, 0x80, 0x11, 0x3f, 0xf8, 0x0, 0x31, 0x14,
    0xdc, 0xc4, 0x78, 0x7, 0x32, 0x65, 0xdc, 0xe6,
    0xcc, 0x80, 0x34, 0xbd, 0x0, 0x8, 0xf0, 0x3,
    0xa5, 0xe1, 0x15, 0xa0, 0xe, 0x80, 0x23, 0x60,
    0x8f, 0xf7, 0x7f, 0xa9, 0xd8, 0x0, 0x7f, 0xd9,
    0x75, 0xe, 0xcb, 0xec, 0x0,

    /* U+5C31 "就" */
    0x0, 0xff, 0xe2, 0xd2, 0x0, 0x6c, 0x31, 0x0,
    0xec, 0xe0, 0xe, 0x7c, 0x10, 0x3f, 0xf4, 0xaf,
    0xf8, 0x80, 0xd, 0x16, 0x7, 0xff, 0xe3, 0x21,
    0x67, 0xf0, 0x3, 0xf7, 0x68, 0x87, 0x94, 0xfc,
    0x20, 0x7c, 0xf7, 0x20, 0x67, 0x43, 0x76, 0x40,
    0x6, 0xbb, 0xb0, 0x0, 0x25, 0xc0, 0x1a, 0xf3,
    0x6f, 0x28, 0x15, 0xc0, 0x38, 0xbb, 0x17, 0xc4,
    0x33, 0x0, 0x1c, 0xe0, 0x16, 0x58, 0x2b, 0x80,
    0x75, 0x58, 0x1, 0x49, 0x58, 0x40, 0x4, 0xa2,
    0xc6, 0x1, 0x5c, 0x40, 0x2, 0x6c, 0x1a, 0x68,
    0xf0, 0x8a, 0x30, 0x5d, 0x9c, 0x0, 0x37, 0x30,
    0x43, 0x80, 0x2f, 0x74, 0xa0,

    /* U+5C3A "尺" */
    0x0, 0x47, 0xff, 0xf0, 0x7, 0x2f, 0xff, 0xb8,
    0x3, 0xc6, 0x1, 0xe1, 0x0, 0xff, 0xe4, 0x36,
    0xef, 0xc0, 0x1c, 0x2b, 0xdd, 0x32, 0xf7, 0x30,
    0x3, 0x1e, 0x99, 0xdc, 0x86, 0x70, 0x6, 0x73,
    0x0, 0x94, 0x90, 0x3, 0x84, 0x94, 0x3, 0x44,
    0x88, 0x6, 0x63, 0x10, 0xc, 0xcf, 0xa2, 0x0,
    0x19, 0x90, 0x7, 0xa9, 0xbd, 0xc4, 0x9d, 0x40,
    0x3e, 0xab, 0xc1,

    /* U+5C3D "尽" */
    0x0, 0x3f, 0xff, 0xf0, 0x7, 0x37, 0xff, 0xc0,
    0x1f, 0xfc, 0x7f, 0x6f, 0xff, 0x80, 0x38, 0x5f,
    0xff, 0x70, 0x6f, 0x80, 0x65, 0xd0, 0x30, 0x0,
    0xb5, 0x80, 0x61, 0x34, 0x2f, 0xe9, 0x38, 0x73,
    0x0, 0x99, 0x4, 0xb3, 0xfb, 0x81, 0x1a, 0x40,
    0x51, 0x0, 0x8, 0x5f, 0x45, 0x99, 0x86, 0x69,
    0x36, 0xb7, 0x30, 0xd, 0x16, 0x62, 0xc0, 0xd1,
    0xfd, 0xc9, 0x40, 0x2, 0x80, 0x71, 0xc6, 0xe0,
    0xd3, 0x0, 0x7f, 0x8a, 0x39, 0x80, 0x20,

    /* U+5C3E "尾" */
    0x2, 0xfe, 0xef, 0xde, 0x40, 0x10, 0xf7, 0x7e,
    0x10, 0xc, 0x3b, 0xbf, 0x84, 0x3, 0xb3, 0x37,
    0x50, 0xd7, 0x10, 0x4, 0x27, 0x15, 0xf9, 0xf0,
    0xe2, 0x1, 0xc5, 0xb5, 0x83, 0x40, 0xec, 0x1,
    0x9, 0x91, 0xdf, 0x8f, 0x70, 0x14, 0x2, 0x66,
    0x8, 0x74, 0x8e, 0x52, 0x32, 0x80, 0x8, 0x86,
    0x85, 0xa3, 0xdc, 0x8d, 0x10, 0x6, 0x7e, 0x47,
    0xf0, 0x7f, 0x5c, 0x8, 0x1, 0x1f, 0x2e, 0x58,
    0x4, 0x0, 0x36, 0xa, 0x82, 0x1, 0x9, 0xff,
    0xdc, 0xc0, 0xb6, 0x1, 0xd9, 0xff, 0xa0, 0x0,

    /* U+5C40 "局" */
    0x0, 0x7f, 0x77, 0xeb, 0x0, 0xdf, 0xdd, 0xea,
    0x0, 0xe3, 0x11, 0xf8, 0x3, 0xbb, 0x77, 0xd2,
    0x60, 0x1b, 0x33, 0xf4, 0x0, 0x6f, 0xff, 0xea,
    0x2, 0x1f, 0xff, 0xd2, 0x60, 0xea, 0x1f, 0xdd,
    0xb0, 0x4, 0x41, 0x86, 0x0, 0xee, 0xb4, 0x1,
    0xfe, 0x7, 0xb0, 0x1, 0x9c, 0xc0, 0x2, 0x16,
    0x33, 0x0, 0x26, 0x6f, 0x40, 0x72, 0x59, 0x0,
    0x45, 0x56, 0x5f, 0x14,

    /* U+5C42 "层" */
    0x2, 0xfe, 0xef, 0xde, 0x80, 0x10, 0xf7, 0x7e,
    0x30, 0xc, 0x37, 0x7f, 0x8c, 0x3, 0xa2, 0x3f,
    0x62, 0x0, 0x42, 0x62, 0x3f, 0x80, 0x3d, 0x1d,
    0xdf, 0x0, 0x42, 0x61, 0x59, 0x9f, 0x0, 0x4c,
    0xca, 0xee, 0x7f, 0xbb, 0xb8, 0x1, 0xa7, 0x5d,
    0x63, 0xdc, 0xd8, 0xee, 0x0, 0x13, 0x40, 0xaf,
    0x44, 0xa, 0x10, 0x0, 0x46, 0xa3, 0xe5, 0x73,
    0x54, 0xa, 0x0, 0xc, 0x2, 0xa5, 0xee, 0xa6,
    0x5e, 0x8a, 0x6, 0xe0, 0x92, 0xea, 0x86, 0x43,
    0x4a, 0x0,

    /* U+5C4F "屏" */
    0x1, 0xfe, 0xef, 0xdf, 0x60, 0x1b, 0xbb, 0xf4,
    0x80, 0x77, 0x77, 0xe9, 0x0, 0xee, 0xe3, 0xef,
    0x74, 0xd5, 0x60, 0x1e, 0xfa, 0x0, 0xb, 0x20,
    0x6, 0x14, 0xe8, 0x7e, 0xe8, 0x7f, 0x84, 0xc,
    0x13, 0xbc, 0x3b, 0x96, 0x7d, 0xc1, 0x6, 0x20,
    0xf, 0xfe, 0x1, 0x34, 0xf7, 0x7, 0xb9, 0x47,
    0xdc, 0x70, 0xcc, 0x4f, 0x33, 0x3b, 0x94, 0x7d,
    0xc7, 0x15, 0x70, 0x87, 0x80, 0xf, 0x95, 0x86,
    0xf, 0xc4, 0x3, 0xe0,

    /* U+5C55 "展" */
    0x0, 0x7f, 0x77, 0xef, 0x30, 0xd, 0xdd, 0xf8,
    0x80, 0x3b, 0xbb, 0xf1, 0x0, 0x77, 0x73, 0x6b,
    0xb9, 0x1f, 0xe3, 0x0, 0xc2, 0x57, 0xc4, 0x48,
    0x52, 0x10, 0x0, 0x83, 0xca, 0xa4, 0xc8, 0x62,
    0x50, 0x0, 0x62, 0xd7, 0x67, 0xbb, 0x17, 0x5a,
    0x80, 0x4, 0xf3, 0xa5, 0xfb, 0x87, 0xfb, 0xa1,
    0x5, 0x7c, 0xb5, 0xec, 0x3e, 0x91, 0xc1, 0xc,
    0xd0, 0xc, 0x4b, 0xdf, 0xc2, 0x0, 0x55, 0x1,
    0xb, 0xd0, 0x33, 0x1c, 0x0, 0xa8, 0x41, 0x40,
    0x9, 0x88, 0x4c, 0xb4, 0x16, 0xc0, 0x1b, 0x6e,
    0x60, 0x4, 0xcd, 0x0,

    /* U+5C5E "属" */
    0x0, 0x7e, 0xef, 0xef, 0x60, 0xb, 0x77, 0xf2,
    0x80, 0x6d, 0xdf, 0xce, 0x60, 0x16, 0xc5, 0xda,
    0x91, 0xda, 0x14, 0x3, 0x8c, 0xaf, 0x2e, 0xca,
    0x0, 0x10, 0x5, 0xf7, 0xa, 0x6e, 0xbc, 0x0,
    0x62, 0x0, 0xdf, 0x34, 0xff, 0x0, 0x4c, 0x41,
    0x66, 0x1, 0xd4, 0x0, 0x35, 0x68, 0x99, 0x12,
    0xcc, 0xa2, 0x43, 0x3c, 0x57, 0x30, 0x92, 0x9d,
    0x6, 0x28, 0xe0, 0x39, 0x87, 0xf2, 0xe3, 0x2,
    0x71, 0x1, 0xcc, 0xae, 0x82, 0xb4,

    /* U+5C65 "履" */
    0x3, 0xfd, 0xdf, 0xde, 0x80, 0x10, 0xff, 0xfe,
    0x30, 0xc, 0x37, 0x6e, 0xb9, 0x95, 0xd9, 0x58,
    0x2, 0x29, 0x34, 0x97, 0x71, 0x9c, 0x80, 0x1a,
    0x8e, 0xa8, 0x11, 0xdd, 0x38, 0x6, 0xba, 0xf3,
    0x22, 0xd2, 0x60, 0x7, 0x12, 0xdf, 0x91, 0xee,
    0x8c, 0x2, 0x20, 0xe1, 0x20, 0x32, 0x0, 0x29,
    0x80, 0x39, 0x34, 0x2, 0xb5, 0x22, 0x0, 0x64,
    0xc0, 0x0, 0xdd, 0x9a, 0xb4, 0x44, 0x4, 0x68,
    0x0, 0x18, 0xd2, 0xf9, 0x90, 0x1, 0x9c, 0x3,
    0x4e, 0xe6, 0xdc, 0x60, 0x24, 0x0, 0x3c, 0x2b,
    0x1c, 0x96, 0xf0, 0x0,

    /* U+5C71 "山" */
    0x0, 0xe2, 0xe0, 0xf, 0xfe, 0x89, 0xd0, 0x7,
    0xe7, 0x7c, 0x1, 0xfb, 0xfc, 0x1, 0xff, 0xfd,
    0x2f, 0xfb, 0x47, 0xfe, 0x70, 0x4e, 0xef, 0xe6,
    0x0,

    /* U+5C9A "岚" */
    0x0, 0xf2, 0x68, 0x7, 0xc5, 0xc0, 0x1f, 0xb5,
    0x40, 0x21, 0x66, 0xb4, 0xd9, 0xa3, 0x0, 0x8d,
    0xfb, 0xa1, 0x6e, 0xe9, 0x9c, 0x0, 0x20, 0x89,
    0xfb, 0x88, 0x2, 0x34, 0xff, 0xf2, 0xf0, 0x7,
    0x73, 0x81, 0x9a, 0x13, 0x80, 0x3e, 0x7e, 0x56,
    0x63, 0x80, 0x80, 0x66, 0x23, 0xc8, 0x9f, 0x1,
    0x0, 0xe2, 0x60, 0x43, 0x35, 0x81, 0x90, 0x4,
    0x82, 0x53, 0x7b, 0x8b, 0xc, 0xe1, 0x1, 0xec,
    0x27, 0x86, 0x1a, 0x26, 0x48, 0x24, 0xd0, 0x34,
    0x40, 0x1, 0x90, 0x9b, 0xc2, 0xd0, 0xf, 0xe7,
    0xf5,

    /* U+5DDD "川" */
    0x0, 0xff, 0xe1, 0xf1, 0x0, 0x5, 0x0, 0x2e,
    0x20, 0xf, 0x2c, 0x80, 0x7f, 0xf8, 0x84, 0x3,
    0xff, 0x82, 0x60, 0x1f, 0xe1, 0x1, 0x0, 0xff,
    0x29, 0x0, 0x7f, 0xda, 0x80, 0x1f, 0xe1, 0x6a,
    0x0, 0x9c, 0x40, 0x39, 0x98, 0x60, 0x11, 0xe0,
    0x7, 0x3c, 0x80, 0x7f, 0x71, 0x0,

    /* U+5DE5 "工" */
    0x2, 0x2f, 0xf8, 0x40, 0x13, 0x99, 0xb7, 0x59,
    0x99, 0x0, 0x17, 0xdd, 0x8a, 0xbb, 0xb2, 0x80,
    0x7f, 0xff, 0xc0, 0x3f, 0xf9, 0x8f, 0xff, 0xc5,
    0x5f, 0xfc, 0x2f, 0xdd, 0xff, 0xc0, 0x10,

    /* U+5DEE "差" */
    0x0, 0x91, 0x80, 0x33, 0x38, 0x7, 0x96, 0x8,
    0x0, 0x30, 0x80, 0x1a, 0x3f, 0x87, 0x7f, 0xdc,
    0x39, 0xf2, 0x0, 0x8f, 0xfc, 0x1b, 0xff, 0xa4,
    0x2, 0xcf, 0xf8, 0x37, 0xfe, 0xe0, 0xd, 0x9f,
    0xe7, 0x6f, 0xfd, 0xc0, 0x1, 0xcc, 0xce, 0x99,
    0x9e, 0x11, 0x7f, 0xcc, 0x9d, 0xff, 0xe1, 0x3,
    0x30, 0x2e, 0x3b, 0xf8, 0xc0, 0x22, 0xd8, 0xde,
    0x8b, 0xee, 0x84, 0x0, 0xbb, 0x2f, 0x54, 0xf2,
    0xaa, 0x84, 0xa, 0x2f, 0xe6, 0x68, 0x29, 0x9c,
    0x25, 0xa9, 0xbf, 0xf6, 0xcf, 0xfe, 0x10,

    /* U+5DF1 "己" */
    0x4f, 0xff, 0xe6, 0x0, 0x27, 0x77, 0xe4, 0x0,
    0xc2, 0x3f, 0x80, 0x3f, 0xf8, 0xc6, 0x45, 0xf3,
    0x80, 0x43, 0x99, 0xf8, 0xc0, 0x3b, 0xbb, 0xe7,
    0x30, 0xf, 0xfa, 0x14, 0x3, 0xff, 0x82, 0xa0,
    0x1f, 0xfc, 0xa, 0x11, 0x1, 0x80, 0x7c, 0xe2,
    0x20, 0x7d, 0xff, 0xfa, 0xa8, 0x0,

    /* U+5DF2 "已" */
    0xdf, 0xff, 0xe7, 0x0, 0x6f, 0xff, 0xe5, 0x0,
    0xcc, 0x1, 0xff, 0xc, 0x80, 0x7f, 0xf0, 0x44,
    0x7f, 0x0, 0x77, 0x77, 0xc8, 0x1, 0xdf, 0xff,
    0x49, 0x80, 0x7f, 0xcc, 0x80, 0x1f, 0xfc, 0x19,
    0x10, 0xf, 0xf9, 0x80, 0x41, 0x0, 0x3c, 0x2e,
    0x42, 0x13, 0x5f, 0xfe, 0xea, 0xe0,

    /* U+5DFE "巾" */
    0x0, 0xe3, 0xe0, 0xf, 0xfe, 0x89, 0x7f, 0xec,
    0x1f, 0xfd, 0x0, 0x3d, 0xd5, 0x87, 0x74, 0xc0,
    0x10, 0x8c, 0xe2, 0x3c, 0x1, 0xff, 0xed, 0xae,
    0x7d, 0x2c, 0x0, 0xf5, 0xff, 0x94, 0x8, 0x3,
    0xc2, 0x20, 0x0,

    /* U+5E03 "布" */
    0x0, 0xe8, 0x70, 0xf, 0xfe, 0x3, 0x20, 0x7,
    0xc3, 0xbb, 0x70, 0xf6, 0xef, 0x88, 0x7b, 0xa3,
    0x7e, 0xef, 0x88, 0xc, 0xce, 0x70, 0x7e, 0x26,
    0x78, 0x3, 0x4c, 0x0, 0x8, 0x40, 0x3e, 0xb2,
    0x9f, 0xf0, 0xe7, 0xfc, 0xc0, 0xa, 0x61, 0xdf,
    0xf0, 0xe7, 0xf9, 0x40, 0x8, 0xd8, 0x1, 0xff,
    0x26, 0x8, 0x7, 0xff, 0x41, 0x40, 0x3a, 0x79,
    0x90, 0x3, 0x59, 0x0, 0x69, 0xec, 0x20,

    /* U+5E0C "希" */
    0x0, 0x9, 0x80, 0x79, 0x8c, 0x3, 0x2c, 0xed,
    0x28, 0xb6, 0xe1, 0x0, 0x64, 0xac, 0x3a, 0xe9,
    0xaa, 0x8, 0x4, 0x73, 0x9e, 0x8b, 0xd5, 0x7c,
    0xe0, 0x11, 0x7f, 0xb8, 0x7c, 0x57, 0x34, 0x80,
    0x5, 0xd3, 0x9e, 0x75, 0xff, 0x65, 0x79, 0x13,
    0xfd, 0xa3, 0xbe, 0x1f, 0xfc, 0x40, 0x2, 0xc0,
    0x9b, 0xb, 0xbc, 0x20, 0x5, 0xc1, 0x8f, 0xf0,
    0x7f, 0xc8, 0x0, 0x38, 0xd2, 0x54, 0x40, 0x22,
    0x40, 0x11, 0xe9, 0x80, 0x7f, 0xf2, 0x27, 0x4,
    0x40, 0x1b, 0xc, 0x3, 0x47, 0x70, 0x0,

    /* U+5E26 "带" */
    0x0, 0xf, 0x0, 0x31, 0x0, 0x1e, 0x1, 0xff,
    0xc5, 0x4e, 0xe0, 0xf7, 0xe, 0xfb, 0x81, 0xdc,
    0x44, 0x77, 0x7, 0xb8, 0x77, 0xdc, 0xe, 0xe2,
    0x0, 0x50, 0x22, 0x96, 0x11, 0x40, 0x80, 0x5d,
    0x97, 0x98, 0xac, 0xca, 0xbf, 0x80, 0x2c, 0xdd,
    0x8a, 0xb7, 0x6c, 0x0, 0x99, 0xf3, 0x22, 0x9c,
    0xca, 0xd8, 0x1, 0x0, 0xdd, 0xc2, 0x8e, 0xe2,
    0x4, 0x0, 0x63, 0x22, 0x0, 0x91, 0x3c, 0x3,
    0xff, 0x90, 0x20, 0x18, 0x7a, 0xb0, 0x3, 0x34,
    0x0, 0x61, 0xed, 0x50, 0x0,

    /* U+5E27 "帧" */
    0x0, 0xff, 0xe1, 0xf0, 0x7, 0x78, 0x7, 0xff,
    0x6, 0xee, 0x53, 0x30, 0x19, 0x80, 0x34, 0x44,
    0x9b, 0xc3, 0xdc, 0x5, 0x50, 0x33, 0x0, 0x4f,
    0x47, 0x40, 0x15, 0x8d, 0x9f, 0xe0, 0xf, 0x86,
    0x72, 0x64, 0x1, 0xfe, 0xb1, 0x0, 0xff, 0xe6,
    0x8, 0x80, 0x3d, 0xc, 0x0, 0x21, 0x0, 0xdc,
    0x0, 0x9b, 0xa, 0x99, 0x29, 0x70, 0x18, 0x0,
    0x40, 0xe0, 0x5c, 0xb1, 0x0, 0x38, 0xfa, 0x68,
    0x1f, 0x30, 0xa0, 0xe, 0x3, 0xd5, 0x0, 0x86,
    0x94,

    /* U+5E38 "常" */
    0x8, 0x40, 0x6, 0x20, 0x1, 0x98, 0x0, 0xda,
    0x0, 0xe2, 0x84, 0x8, 0xc3, 0x99, 0x17, 0xcc,
    0x15, 0xc3, 0x7c, 0x66, 0x2f, 0xb3, 0xe7, 0xd8,
    0x1f, 0xa6, 0x7d, 0xee, 0x10, 0x2b, 0xb9, 0x9b,
    0xdc, 0x61, 0x80, 0x13, 0x11, 0xa8, 0x0, 0xc0,
    0xd, 0xbb, 0x20, 0x5d, 0x78, 0x5, 0x9f, 0xf1,
    0xaf, 0xfb, 0xb0, 0x0, 0x5f, 0xf1, 0xaf, 0xfc,
    0x60, 0x11, 0x9c, 0xfc, 0x67, 0x0, 0x7f, 0x88,
    0x80, 0x12, 0x0, 0x7a, 0x25, 0xc0,

    /* U+5E42 "幂" */
    0xd, 0xed, 0xdf, 0xdd, 0xa0, 0x15, 0x44, 0x7e,
    0xa0, 0xa, 0xc6, 0x40, 0x3d, 0x3, 0x60, 0x6,
    0x12, 0xff, 0xf1, 0xb3, 0x0, 0x31, 0x91, 0x78,
    0x3, 0xc9, 0xf4, 0xbf, 0x55, 0x61, 0x80, 0x7,
    0x75, 0xfa, 0x75, 0xf9, 0xbf, 0xba, 0x21, 0xdf,
    0x16, 0xe5, 0xae, 0x57, 0xfd, 0x22, 0x57, 0x9a,
    0xe3, 0x4e, 0x3a, 0xfd, 0x91, 0x3f, 0x43, 0x30,
    0xd3, 0x9a, 0x1b, 0x4, 0xa, 0x1, 0xfe, 0x30,
    0xc, 0x60, 0x1a, 0x31, 0x80, 0x20,

    /* U+5E55 "幕" */
    0x0, 0x87, 0x40, 0x23, 0xd0, 0xc, 0x3d, 0xcf,
    0x2e, 0xeb, 0x4b, 0xba, 0x11, 0x77, 0x51, 0xdd,
    0x7c, 0xf7, 0x42, 0x0, 0xdc, 0xc5, 0xdd, 0x5b,
    0x98, 0x0, 0xe4, 0xdd, 0xf2, 0x80, 0x7b, 0x95,
    0x7d, 0xc0, 0x1c, 0xfb, 0xdc, 0x88, 0xd8, 0xa0,
    0x4, 0x6c, 0xc1, 0xbe, 0xef, 0x7b, 0x3, 0x9f,
    0x43, 0xfc, 0x81, 0xe5, 0x19, 0x1, 0x6b, 0x82,
    0x40, 0x5c, 0x39, 0xc0, 0x83, 0xa3, 0xa6, 0xe8,
    0x7f, 0x74, 0x77, 0xe0, 0xd9, 0x80, 0xf, 0xcb,
    0x40, 0x13, 0x90, 0x6, 0x1c, 0x72, 0x0, 0x0,

    /* U+5E72 "干" */
    0xb, 0xff, 0xff, 0x30, 0x2, 0xbb, 0xb1, 0x4f,
    0x76, 0x60, 0x0, 0x8f, 0x1, 0x88, 0xe0, 0xf,
    0xfe, 0x28, 0x8f, 0x0, 0x4, 0x78, 0x1f, 0xbb,
    0x8a, 0xbb, 0xb8, 0x1f, 0xff, 0x8a, 0xbf, 0xf8,
    0x3, 0xff, 0xf6,

    /* U+5E73 "平" */
    0x0, 0xff, 0xe1, 0xe7, 0xff, 0xf9, 0x0, 0x19,
    0xdc, 0xff, 0x1d, 0xff, 0xb3, 0x90, 0x2, 0x98,
    0x0, 0xf6, 0x10, 0x6, 0x96, 0x0, 0xe6, 0x43,
    0x0, 0xc2, 0x8c, 0x1, 0xae, 0x0, 0x3d, 0x4c,
    0x1, 0xb8, 0xc0, 0x27, 0xff, 0x77, 0xf8, 0xef,
    0xf3, 0xfe, 0x7, 0xee, 0xe2, 0xae, 0xee, 0x0,
    0x8, 0xff, 0xf0, 0x0, 0x3f, 0xfb, 0xe0,

    /* U+5E74 "年" */
    0x0, 0x8e, 0x0, 0x3f, 0xf8, 0x10, 0x2, 0x3f,
    0x0, 0x64, 0x43, 0xf7, 0x7d, 0x20, 0x1, 0x9a,
    0xff, 0x87, 0x7f, 0xe9, 0x0, 0x53, 0xa8, 0x7,
    0xfd, 0x95, 0xff, 0x87, 0x7f, 0xe4, 0x0, 0x38,
    0x3, 0xbf, 0xc3, 0x9f, 0xf2, 0x0, 0x70, 0x80,
    0x42, 0x1, 0xff, 0xc7, 0x5f, 0xf0, 0x7f, 0xc3,
    0xbf, 0xf9, 0x17, 0xff, 0xc3, 0xbf, 0xf9, 0x0,
    0x3f, 0xfa, 0x0,

    /* U+5E76 "并" */
    0x0, 0xa5, 0x40, 0x32, 0x58, 0x7, 0xb6, 0xc4,
    0x2, 0xfc, 0x0, 0xf2, 0x21, 0x40, 0x6, 0xac,
    0x1, 0xb3, 0xfc, 0xb7, 0xfe, 0xc1, 0xef, 0xd0,
    0x6, 0x7f, 0x83, 0xbf, 0xe0, 0xef, 0xd0, 0xf,
    0xfe, 0x8a, 0x7f, 0xc1, 0xdf, 0xf0, 0x77, 0xf9,
    0x11, 0xfe, 0xc0, 0xff, 0xb8, 0x37, 0xfc, 0x80,
    0x12, 0x20, 0x2, 0x10, 0x30, 0xe, 0x19, 0xf0,
    0xf, 0xf1, 0xe3, 0xa0, 0x7, 0xfb, 0x96, 0x40,
    0x3f, 0xed, 0x80, 0xf, 0x78, 0x80, 0x40,

    /* U+5E7F "广" */
    0x0, 0xf2, 0x60, 0x7, 0xff, 0x1, 0xc, 0xc0,
    0x1f, 0x76, 0xee, 0xe, 0xdd, 0xc4, 0x0, 0x19,
    0xff, 0xb7, 0xff, 0x88, 0x2, 0x52, 0x2f, 0xe0,
    0xf, 0xfe, 0x90, 0x80, 0x80, 0x7f, 0xc6, 0x1,
    0xff, 0xc1, 0x73, 0x0, 0xff, 0xe0, 0x62, 0x80,
    0x7f, 0xc2, 0xf4, 0x1, 0xff, 0x12, 0x18, 0x7,
    0xfc, 0x74, 0x1, 0xff, 0xc0,

    /* U+5E8F "序" */
    0x0, 0xfa, 0x40, 0x3f, 0x8, 0x6, 0x57, 0x0,
    0xf2, 0xf7, 0x71, 0x4f, 0x76, 0x40, 0x2, 0x77,
    0x7f, 0x90, 0x2, 0x1e, 0xef, 0x7d, 0x0, 0x70,
    0xf5, 0x47, 0x7a, 0xaa, 0x80, 0x3e, 0x50, 0xce,
    0xda, 0x0, 0xe1, 0x8e, 0xf8, 0x20, 0x9e, 0xe8,
    0x40, 0x8e, 0x3b, 0xad, 0x2f, 0xe5, 0x81, 0xe,
    0xe0, 0x7, 0xce, 0x4c, 0x0, 0x54, 0x0, 0xf9,
    0xe4, 0x0, 0x44, 0x30, 0xf, 0xf9, 0x98, 0x1,
    0x67, 0xea, 0x0, 0x72, 0x40, 0x5, 0x9f, 0xd2,
    0x1, 0xc0,

    /* U+5E93 "库" */
    0x0, 0xf1, 0xa0, 0x7, 0xe3, 0x22, 0x9a, 0x88,
    0xb8, 0x0, 0xb9, 0xff, 0x41, 0xff, 0xf0, 0x80,
    0x13, 0x76, 0x48, 0xdd, 0xe1, 0x0, 0xa3, 0xb8,
    0xd7, 0xdd, 0x9c, 0x3, 0x47, 0x3b, 0x75, 0x7f,
    0x71, 0xc0, 0x38, 0x9e, 0x2, 0x8c, 0x3, 0xc2,
    0x1c, 0x1b, 0x83, 0xf9, 0x82, 0x0, 0x19, 0x82,
    0x33, 0xb8, 0x13, 0xdc, 0x20, 0x7, 0x70, 0x10,
    0x8a, 0x16, 0x22, 0x0, 0x48, 0x7f, 0xfc, 0x3b,
    0xff, 0x10, 0x9a, 0x7f, 0xf0, 0xef, 0xfc, 0x4a,
    0xc0, 0x1f, 0xfc, 0x4, 0x90, 0xf, 0x71, 0x0,
    0x60,

    /* U+5E94 "应" */
    0x0, 0xf1, 0xd0, 0x7, 0xff, 0x0, 0xd1, 0x0,
    0x1e, 0x4f, 0xfe, 0x1b, 0xff, 0xc4, 0x2, 0x7f,
    0xff, 0xe2, 0x0, 0xc2, 0x3, 0x60, 0x15, 0x28,
    0x6, 0x2f, 0x1, 0x52, 0x0, 0x23, 0x0, 0x62,
    0x22, 0x2, 0x20, 0x10, 0xcc, 0x1, 0x38, 0x5f,
    0x6, 0x60, 0x3a, 0x80, 0x23, 0x20, 0x55, 0x2,
    0x88, 0x91, 0x80, 0x2f, 0xe0, 0x27, 0x13, 0xb9,
    0x61, 0x0, 0x94, 0xc0, 0x10, 0x20, 0x2d, 0x20,
    0x10, 0x9b, 0x66, 0x78, 0x37, 0x30, 0x84, 0xc5,
    0x11, 0xd3, 0x51, 0x12, 0x80,

    /* U+5E95 "底" */
    0x0, 0xf1, 0x30, 0x7, 0xe3, 0x22, 0x86, 0x50,
    0x8b, 0x0, 0x17, 0x3f, 0xee, 0x29, 0xff, 0xc8,
    0x0, 0x4d, 0xdb, 0x3a, 0x6d, 0x6b, 0x50, 0x3,
    0x7e, 0xea, 0x2b, 0x39, 0x0, 0x3e, 0xdc, 0xb5,
    0xf6, 0x30, 0xf, 0xf1, 0x10, 0x3, 0xc2, 0x0,
    0xff, 0x9a, 0x3f, 0xd4, 0x0, 0x33, 0x0, 0x3f,
    0xec, 0x3f, 0xf5, 0x0, 0x3b, 0x80, 0x19, 0x4c,
    0x84, 0x3, 0x21, 0x80, 0x6c, 0x67, 0x60, 0x83,
    0x13, 0x50, 0x5, 0xed, 0x5d, 0xa4, 0xd1, 0xd1,
    0x45, 0x17, 0xf4, 0xd4, 0x2b, 0x45, 0x16, 0x81,
    0x29, 0x0, 0x10, 0x49, 0xda, 0x0,

    /* U+5EA6 "度" */
    0x0, 0xf1, 0x30, 0x7, 0xe3, 0x22, 0x9a, 0x50,
    0x8b, 0x0, 0xf, 0x3f, 0xd9, 0x25, 0x3f, 0x9f,
    0xe3, 0x0, 0x16, 0xe8, 0xfb, 0x75, 0x81, 0xba,
    0x30, 0xb, 0x74, 0x5b, 0xb7, 0x8e, 0xe8, 0x80,
    0x2d, 0xd1, 0x6e, 0xde, 0x3b, 0xa2, 0x7, 0x10,
    0xa, 0x62, 0x20, 0xf, 0x38, 0x3, 0xb9, 0x98,
    0xdd, 0x0, 0x62, 0x19, 0xde, 0x99, 0xdd, 0xa0,
    0x17, 0x14, 0xf9, 0xf6, 0xeb, 0x6, 0x80, 0x23,
    0xd0, 0x2d, 0xe8, 0x6c, 0xa7, 0x0, 0xa, 0x20,
    0x4d, 0x19, 0x90, 0x20, 0x60, 0x2, 0x63, 0xd9,
    0x8, 0xee, 0x47, 0x47, 0x10,

    /* U+5EAD "庭" */
    0x0, 0xff, 0xe4, 0xda, 0x80, 0x79, 0x2e, 0xf9,
    0xae, 0xf8, 0xc0, 0x83, 0xff, 0x4d, 0x7f, 0xe2,
    0x0, 0x9, 0xf7, 0xe2, 0x38, 0xe4, 0x68, 0x80,
    0x4b, 0x2f, 0xa9, 0x58, 0xbd, 0x20, 0x18, 0x99,
    0x8a, 0x93, 0x42, 0x40, 0x18, 0xcd, 0x43, 0x45,
    0x7e, 0x77, 0x60, 0x0, 0x80, 0xe6, 0xb9, 0x44,
    0x94, 0x40, 0x1, 0xe2, 0x8e, 0x28, 0x6, 0xc2,
    0x66, 0x0, 0x17, 0x2f, 0xd5, 0x15, 0xe8, 0x9d,
    0xc4, 0xc, 0xa6, 0xc2, 0x62, 0x2f, 0x81, 0x10,
    0x9, 0x99, 0xc, 0x61, 0x9b, 0xc4, 0xa8, 0x8a,
    0xdc, 0xe, 0xeb, 0xfe, 0x64, 0xb4, 0xf3, 0x18,
    0xce, 0xe7, 0xfc, 0xc0,

    /* U+5EB7 "康" */
    0x0, 0xf2, 0xc8, 0x7, 0xc5, 0x11, 0xb1, 0xa6,
    0x23, 0x0, 0x1d, 0x3b, 0xaf, 0x1, 0xee, 0xc0,
    0x13, 0x17, 0x74, 0x3, 0xdd, 0x30, 0x6, 0x5b,
    0xb8, 0x32, 0xec, 0xe0, 0x19, 0xb7, 0xfe, 0x8,
    0xff, 0x6, 0xa8, 0x1, 0xb3, 0x30, 0xfe, 0x60,
    0x31, 0x40, 0xcc, 0xf9, 0x90, 0xf6, 0x60, 0x4,
    0x0, 0x22, 0xb, 0xcc, 0xd, 0x66, 0x18, 0xc0,
    0x1d, 0xc7, 0xe9, 0x31, 0xb7, 0xde, 0x30, 0x2,
    0x28, 0xf2, 0x50, 0x75, 0xbb, 0x0, 0x8, 0xdb,
    0x3, 0x24, 0x45, 0x9b, 0xf6, 0x4c, 0xc5, 0xd7,
    0xcd, 0x32, 0x7, 0xe8, 0x24, 0x80, 0xb, 0x76,
    0x0, 0xc6, 0x0,

    /* U+5EF6 "延" */
    0x0, 0xfe, 0x15, 0x96, 0x4, 0xff, 0xa0, 0xa2,
    0xfb, 0x9f, 0xe4, 0x4, 0xff, 0x15, 0x1e, 0xcf,
    0x85, 0x31, 0x0, 0x4e, 0x84, 0x2a, 0x42, 0x1,
    0xe1, 0xa8, 0x0, 0x60, 0x80, 0x11, 0x20, 0x6,
    0x17, 0x78, 0x10, 0x5, 0xdd, 0x0, 0x33, 0xf4,
    0x40, 0x3a, 0xaa, 0x0, 0x40, 0xba, 0x0, 0x7f,
    0x85, 0xb3, 0x40, 0x3f, 0xd3, 0x27, 0x60, 0x5,
    0x58, 0x55, 0x42, 0x2, 0x80, 0x15, 0x7f, 0xaf,
    0xba, 0x10, 0x34, 0x6f, 0x87, 0x54, 0x4e, 0x3,
    0xdb, 0x8c, 0xf, 0xff, 0x88, 0xf5, 0x40, 0xa3,
    0x3b, 0xff, 0x88,

    /* U+5EFA "建" */
    0x0, 0xfd, 0xc2, 0x1, 0x87, 0xfe, 0x85, 0xaa,
    0xd, 0x54, 0x0, 0x1f, 0xf0, 0xd2, 0x44, 0x6,
    0x20, 0x82, 0x1, 0x3b, 0xd9, 0xfe, 0x1e, 0xf1,
    0xc0, 0x1, 0x4c, 0x2e, 0xec, 0x39, 0xa5, 0x80,
    0xe, 0x1e, 0x88, 0x6e, 0x87, 0xf4, 0x80, 0x2d,
    0xf8, 0xf8, 0xdd, 0xf, 0xef, 0x88, 0x2, 0x43,
    0x4e, 0x73, 0x3, 0x99, 0x38, 0x0, 0x55, 0x11,
    0x39, 0x81, 0xcc, 0x9c, 0x1, 0x76, 0x54, 0xdd,
    0x87, 0x37, 0x61, 0x2, 0x30, 0x4d, 0xd8, 0x73,
    0x76, 0x10, 0x50, 0x2d, 0x62, 0xa, 0x10, 0xc,
    0x57, 0xf3, 0xdf, 0xdc, 0xbf, 0xfc, 0x44, 0xf2,
    0x3, 0x9c, 0xef, 0xfe, 0x20,

    /* U+5F00 "开" */
    0xc, 0xff, 0xff, 0x68, 0x3, 0x3f, 0xc3, 0xbf,
    0xf0, 0x6f, 0xe8, 0x7, 0xff, 0x7d, 0x3f, 0xe1,
    0xdf, 0xf8, 0x37, 0xfc, 0x69, 0xdc, 0xd0, 0xee,
    0xc1, 0x9d, 0xc3, 0x1, 0x13, 0x10, 0x8e, 0x1,
    0x18, 0x3, 0x72, 0x80, 0x7f, 0xc8, 0xb2, 0x1,
    0xfe, 0x4b, 0xa1, 0x0, 0xff, 0x45, 0x28, 0x7,
    0xfd, 0x8a, 0x1, 0xef, 0x20, 0x8,

    /* U+5F02 "异" */
    0x1, 0xfc, 0xcf, 0xba, 0x40, 0x3b, 0x33, 0xe9,
    0x0, 0xf6, 0xef, 0xd2, 0x1, 0xec, 0xcf, 0xbe,
    0x14, 0x0, 0x20, 0x62, 0x3f, 0x3c, 0x0, 0x4f,
    0xfd, 0xff, 0xdd, 0x70, 0x1, 0x47, 0x47, 0xfe,
    0x7f, 0xd5, 0x0, 0xcb, 0xa0, 0x19, 0x8c, 0x2,
    0x4f, 0xf4, 0xa7, 0xfe, 0x1d, 0xff, 0x22, 0x3f,
    0xc5, 0x5f, 0xf8, 0x77, 0xfc, 0x80, 0x36, 0xca,
    0x1, 0xfe, 0xc3, 0xb0, 0xf, 0xfb, 0x60, 0x3,
    0xdc, 0x40, 0x10,

    /* U+5F0F "式" */
    0x0, 0xfd, 0xe5, 0x2a, 0x1, 0xff, 0xc0, 0xbb,
    0x30, 0x0, 0x47, 0xf8, 0xf4, 0x0, 0x5d, 0xdf,
    0xe, 0x76, 0x4a, 0x97, 0xff, 0xc7, 0x7f, 0xf2,
    0x80, 0x7e, 0x62, 0x0, 0xea, 0xff, 0xe8, 0x2e,
    0x0, 0xea, 0xfd, 0x1f, 0xf4, 0x71, 0x80, 0x7f,
    0xf0, 0x11, 0x0, 0x1f, 0xfc, 0x2, 0x14, 0x2,
    0x30, 0xc, 0x2b, 0x38, 0xd, 0xc0, 0xd2, 0x11,
    0x9a, 0x5f, 0xee, 0x9, 0x56, 0xc2, 0xe, 0x8e,
    0xda, 0x62, 0x1, 0xb8, 0x6a,

    /* U+5F15 "引" */
    0x0, 0xff, 0x7b, 0xff, 0xf4, 0x80, 0x67, 0xff,
    0xd0, 0x1, 0xff, 0xc4, 0x1f, 0xfd, 0x0, 0x1c,
    0x44, 0xff, 0xd2, 0x1, 0x95, 0xc0, 0x3f, 0xb1,
    0x7b, 0xaf, 0x90, 0xd, 0x5d, 0xd9, 0xc0, 0x3c,
    0x20, 0x10, 0xf0, 0x7, 0xf1, 0x10, 0x3, 0xc2,
    0x2, 0x8e, 0x1, 0xed, 0xfe, 0x52, 0x0, 0xf6,
    0x7f, 0xa8, 0x3, 0x78,

    /* U+5F1B "弛" */
    0x0, 0xfe, 0xf0, 0xc, 0x5f, 0xf7, 0x2, 0x80,
    0x7c, 0x5f, 0xf0, 0x2, 0xc4, 0x3, 0x10, 0x7,
    0xfc, 0xfb, 0x80, 0xf, 0xf8, 0xc0, 0x9, 0x41,
    0xd2, 0x1, 0xf, 0xfb, 0x58, 0x63, 0x2, 0x54,
    0x3, 0xc3, 0x81, 0x8c, 0x1, 0x18, 0x0, 0x77,
    0x5f, 0x42, 0x1, 0x8c, 0x2, 0xfd, 0xd1, 0x80,
    0x72, 0x73, 0x80, 0x61, 0x10, 0x6, 0x44, 0x75,
    0x80, 0x62, 0x70, 0xd, 0x60, 0x4c, 0xe0, 0x12,
    0x90, 0x0, 0xc0, 0x36, 0x10, 0x4f, 0xcd, 0x4,
    0xef, 0xfe, 0x74,

    /* U+5F20 "张" */
    0x0, 0xe2, 0xe0, 0xf, 0x5f, 0xfc, 0x1, 0xe5,
    0x80, 0xbf, 0xf0, 0x7, 0x8a, 0xec, 0x0, 0x10,
    0xf, 0x1e, 0x51, 0x83, 0x77, 0x80, 0x63, 0xda,
    0x40, 0x0, 0xc7, 0xf8, 0xd4, 0x5a, 0x45, 0x54,
    0x5c, 0x20, 0x5, 0xe0, 0xda, 0xed, 0xd0, 0x94,
    0xff, 0x9e, 0xc6, 0x28, 0xe2, 0x7, 0x7f, 0xe0,
    0x10, 0x9, 0x58, 0x3, 0x84, 0x3, 0x89, 0x58,
    0x3, 0x18, 0x80, 0x62, 0x88, 0x8, 0x4, 0xea,
    0x0, 0x1c, 0xf3, 0x6c, 0x17, 0xeb, 0xe0, 0xb4,
    0x8d, 0x8, 0x45, 0x7e, 0xe2, 0x84, 0xda, 0x0,
    0x52, 0x80,

    /* U+5F39 "弹" */
    0x0, 0xf0, 0xa0, 0x4, 0xc2, 0x5, 0xff, 0x60,
    0x2, 0x48, 0xe, 0x4, 0xb, 0xfd, 0x60, 0x1,
    0x84, 0xf, 0xb0, 0x8, 0x84, 0x40, 0x3b, 0x17,
    0xc7, 0x18, 0x0, 0xdd, 0x4a, 0x81, 0xef, 0x87,
    0xe1, 0x0, 0x7, 0x31, 0x20, 0x3b, 0xe3, 0xb8,
    0x1, 0x84, 0x60, 0x1d, 0xf1, 0xdc, 0x0, 0x8,
    0x67, 0xe8, 0xd, 0x48, 0xd5, 0x0, 0x3, 0xdb,
    0x4e, 0x39, 0x3c, 0x13, 0x18, 0x1, 0x84, 0x46,
    0x1, 0xe1, 0x20, 0x8, 0x89, 0x31, 0x9, 0x8,
    0x89, 0x0, 0x2d, 0xea, 0xbb, 0x70, 0xdd, 0xcc,
    0x17, 0xe8, 0xe0, 0x1f, 0xeb, 0xfe, 0x10, 0x8,
    0xbc, 0x3, 0x0,

    /* U+5F3A "强" */
    0x2f, 0xfc, 0x57, 0xdd, 0xbc, 0x40, 0xbf, 0xe2,
    0x0, 0x57, 0x74, 0x20, 0x1f, 0xda, 0xcd, 0x8,
    0x5, 0x9d, 0xc2, 0xe, 0xea, 0x46, 0x4, 0x0,
    0x5b, 0x9a, 0x4a, 0xf4, 0x2e, 0xe0, 0xc, 0x64,
    0x40, 0xfd, 0xf1, 0xde, 0xd0, 0x30, 0x77, 0x80,
    0x77, 0x7, 0x58, 0x0, 0x33, 0xfe, 0x80, 0x1,
    0x10, 0x8, 0x40, 0x4, 0xf1, 0x20, 0x5, 0x9f,
    0x19, 0x24, 0x0, 0xc4, 0x40, 0xbb, 0x68, 0xd3,
    0x58, 0x6, 0x56, 0x25, 0x53, 0xc, 0x87, 0x80,
    0x17, 0xe7, 0xd3, 0xf3, 0xe3, 0xa5, 0x98, 0xb,
    0xfe, 0x46, 0xa9, 0x87, 0x64, 0xb6,

    /* U+5F52 "归" */
    0x0, 0xf, 0x80, 0x7f, 0xf0, 0x62, 0x67, 0x93,
    0x84, 0x2, 0xf1, 0x1c, 0xb8, 0x1, 0xcf, 0x11,
    0x90, 0x3, 0xff, 0xa0, 0x20, 0xff, 0xf9, 0xc0,
    0x23, 0x0, 0x3f, 0xfe, 0x70, 0x50, 0x72, 0x0,
    0xfd, 0x63, 0xaa, 0x1, 0xfe, 0x6d, 0x1, 0x1f,
    0x0, 0x28, 0x90, 0xbb, 0xb9, 0x81, 0x53, 0x40,
    0xbf, 0xf9, 0xc1, 0x7c, 0x40, 0x3e, 0x88, 0x0,

    /* U+5F53 "当" */
    0x2, 0x0, 0xb5, 0x40, 0x25, 0x3, 0xc1, 0x0,
    0xf2, 0x58, 0x1b, 0xc0, 0x7, 0xa2, 0x40, 0x10,
    0xc2, 0x1, 0x90, 0x5c, 0x0, 0x36, 0x20, 0x19,
    0xf8, 0x0, 0x99, 0x19, 0x82, 0x8c, 0xff, 0x60,
    0xac, 0x46, 0xb9, 0x88, 0x8c, 0x5, 0x13, 0xf8,
    0x2, 0xcf, 0xff, 0xc0, 0x16, 0x77, 0x7e, 0x0,
    0xc2, 0x3f, 0x80, 0xf, 0x99, 0xfc, 0x0, 0x58,
    0x8f, 0xe0, 0x0,

    /* U+5F55 "录" */
    0x0, 0xff, 0xe1, 0xaf, 0xff, 0xf2, 0x0, 0x4b,
    0xff, 0xf8, 0x5c, 0x3, 0x6f, 0x77, 0xc2, 0x20,
    0xd, 0xbd, 0xdf, 0x1, 0x80, 0xa, 0x23, 0xf8,
    0x22, 0x0, 0xf, 0xfe, 0x62, 0xff, 0x40, 0xf8,
    0x13, 0x50, 0xbb, 0x88, 0x1d, 0xda, 0x6e, 0x0,
    0x1c, 0xda, 0x0, 0x2b, 0xe9, 0xd8, 0x6, 0x1b,
    0xcb, 0x39, 0x92, 0x48, 0x6, 0x28, 0xed, 0xf3,
    0x2c, 0x79, 0x10, 0x0, 0xf8, 0x65, 0xa0, 0x0,
    0xbc, 0x3a, 0x40, 0x76, 0xa, 0x78, 0x98, 0x6,
    0x7a, 0x80, 0x3a, 0x7b, 0x84, 0x1, 0x9, 0x80,

    /* U+5F62 "形" */
    0x0, 0xff, 0x9c, 0x41, 0xbf, 0xfd, 0x20, 0xa,
    0xc1, 0x6, 0xf2, 0xcf, 0x3b, 0x91, 0xc1, 0xb0,
    0xf, 0xe1, 0xf4, 0xb0, 0xf, 0xf0, 0xfc, 0x1,
    0x98, 0x0, 0x20, 0xe2, 0x1, 0x8, 0x1e, 0x80,
    0x27, 0xca, 0xbc, 0xea, 0xc1, 0xb7, 0x46, 0x13,
    0xc3, 0xfc, 0x75, 0x76, 0xaf, 0x30, 0xc, 0x22,
    0x0, 0xd1, 0x82, 0x29, 0x0, 0x11, 0x0, 0x38,
    0xc0, 0x73, 0x80, 0x14, 0x80, 0x1e, 0x2c, 0x57,
    0x1, 0x6a, 0x0, 0xc3, 0x19, 0x10, 0x0, 0x3b,
    0x18, 0x6, 0x82, 0xf5, 0x0, 0x9a, 0x0, 0x2c,
    0x49, 0xa1, 0x0, 0xc0,

    /* U+5F71 "影" */
    0x0, 0xff, 0xe1, 0xbe, 0xdd, 0xd9, 0xa0, 0x1,
    0xc6, 0x0, 0xff, 0x16, 0x23, 0x0, 0x4b, 0x77,
    0x78, 0x2e, 0xdc, 0x0, 0x44, 0x77, 0xb7, 0x8,
    0xba, 0xc0, 0xc0, 0x25, 0x98, 0x23, 0xce, 0x22,
    0x5, 0xf8, 0x9, 0x15, 0x5a, 0x44, 0x33, 0x69,
    0xc8, 0x0, 0xee, 0x66, 0x8f, 0x4d, 0x98, 0x0,
    0xc9, 0xbb, 0x58, 0x2f, 0x20, 0x31, 0x1, 0xd,
    0x75, 0x6e, 0x80, 0x25, 0xb3, 0x6, 0x7b, 0x19,
    0x76, 0x0, 0x35, 0xf8, 0x87, 0x48, 0x5, 0x50,
    0x35, 0x78, 0x40, 0x9, 0x4d, 0x2, 0x6a, 0xa1,
    0x69, 0x0, 0x4a, 0x3b, 0xc0, 0x3, 0xb8, 0x0,
    0xc0,

    /* U+5F80 "往" */
    0x0, 0x91, 0x80, 0x28, 0x30, 0xf, 0x1d, 0x28,
    0x5, 0xde, 0x1, 0xcb, 0xb4, 0x62, 0x33, 0x81,
    0x8, 0x80, 0x1d, 0xa8, 0xf7, 0xff, 0x1e, 0x7f,
    0x98, 0x2c, 0xe7, 0xab, 0xb9, 0x83, 0xdd, 0x30,
    0x1, 0xdd, 0x20, 0x1f, 0xe8, 0x81, 0x0, 0x7f,
    0x89, 0x60, 0x0, 0x7f, 0xed, 0x1f, 0xf8, 0xb,
    0x4c, 0x0, 0x7f, 0xec, 0x1f, 0xf8, 0x3, 0xf8,
    0x40, 0x3f, 0xf9, 0x63, 0x11, 0x58, 0xc4, 0x4c,
    0x1, 0xf8, 0x5c, 0x3, 0x0,

    /* U+5F84 "径" */
    0x0, 0x8d, 0xc0, 0x3f, 0xe2, 0xd2, 0x3f, 0xff,
    0x40, 0x1, 0x32, 0x14, 0xff, 0xf4, 0xd, 0x0,
    0x22, 0x99, 0xc0, 0x34, 0x4e, 0x90, 0x3, 0x12,
    0x30, 0x0, 0x56, 0xe4, 0x1, 0xcc, 0xca, 0x29,
    0xd3, 0xfa, 0xdb, 0x20, 0x79, 0x31, 0xe1, 0xe8,
    0x6, 0xec, 0x51, 0xa9, 0x0, 0x71, 0x5d, 0x56,
    0xe7, 0x1d, 0x20, 0x1, 0xff, 0xb5, 0x7f, 0xd8,
    0x1, 0xe1, 0x55, 0x85, 0x56, 0x0, 0xff, 0xe4,
    0x33, 0x4a, 0x2c, 0xd2, 0x0, 0x61, 0x99, 0xa0,
    0x26, 0x68,

    /* U+5F85 "待" */
    0x0, 0x9a, 0x40, 0x22, 0xe0, 0xf, 0x24, 0x58,
    0x7, 0xf9, 0xaa, 0x84, 0x7f, 0xed, 0x1f, 0xf8,
    0x43, 0x74, 0xea, 0x7f, 0xed, 0x1f, 0xf8, 0x42,
    0xcf, 0x84, 0xce, 0x71, 0x33, 0x84, 0x1, 0x60,
    0x9f, 0xf4, 0x9f, 0xe7, 0xa0, 0xdb, 0x0, 0x33,
    0x3b, 0x87, 0x14, 0x7, 0x80, 0xfb, 0xbb, 0x7,
    0x94, 0x68, 0x0, 0x7f, 0x5b, 0xfe, 0xd1, 0xf5,
    0x0, 0xe1, 0x17, 0x8, 0xc0, 0x20, 0x1f, 0x2b,
    0xc0, 0x7, 0xff, 0x2, 0xe8, 0x3, 0xff, 0x80,
    0x27, 0xfa, 0xe0, 0x18, 0xf4, 0x3, 0xf, 0xfa,
    0x40, 0x0,

    /* U+5F88 "很" */
    0x0, 0x90, 0xc0, 0x3f, 0xe3, 0xa0, 0x3f, 0xee,
    0xde, 0xc0, 0x6, 0xdd, 0x18, 0x17, 0x76, 0x50,
    0xb, 0xfc, 0x12, 0x5, 0x99, 0x90, 0x2, 0x91,
    0xec, 0x1, 0xee, 0xca, 0x1, 0xa8, 0x14, 0xc,
    0x8b, 0x8, 0x5, 0x2a, 0x20, 0x2, 0xee, 0xca,
    0x0, 0x24, 0xa0, 0x8, 0xb9, 0xef, 0xbc, 0xc0,
    0xb4, 0x40, 0x3a, 0xa4, 0xb3, 0xc0, 0x3f, 0x8c,
    0x32, 0x68, 0x3, 0xfd, 0xc0, 0x20, 0x1f, 0x39,
    0xce, 0xbd, 0x5c, 0x8, 0x7, 0x1a, 0xff, 0x95,
    0x34, 0x94, 0x0, 0x98, 0xf, 0x6c, 0x40, 0x2,
    0xa4,

    /* U+5F97 "得" */
    0x0, 0x8c, 0x40, 0x3f, 0xe3, 0xd3, 0x1f, 0xcc,
    0xdc, 0xe0, 0x5, 0xed, 0x20, 0x4, 0x46, 0x50,
    0xb, 0xf1, 0xd0, 0x0, 0x23, 0x9c, 0x2, 0xa0,
    0xa7, 0x0, 0x77, 0x62, 0x0, 0xda, 0x46, 0x3d,
    0x55, 0xbd, 0xc0, 0x6c, 0x40, 0x6e, 0xab, 0xd6,
    0x24, 0x49, 0x1, 0xaa, 0xe6, 0xfa, 0x13, 0x90,
    0x3, 0x66, 0x71, 0x56, 0x20, 0x6, 0x6d, 0x5f,
    0xdd, 0x15, 0x6a, 0x0, 0x7b, 0xb8, 0x1, 0x38,
    0x7, 0xe6, 0x42, 0x0, 0xff, 0xe0, 0x42, 0x71,
    0x90, 0x6, 0x4c, 0x0, 0xcd, 0xdc, 0x10, 0x0,

    /* U+5FA1 "御" */
    0x0, 0x23, 0x4, 0x88, 0x7, 0xe2, 0xa5, 0x17,
    0x54, 0x41, 0x5d, 0xc4, 0x4f, 0x83, 0x72, 0x99,
    0x7b, 0xb7, 0xb0, 0xb5, 0xbe, 0x56, 0x5a, 0xdb,
    0x8a, 0x8, 0x23, 0x42, 0xf8, 0x8, 0x7, 0xe4,
    0x68, 0x87, 0x43, 0xf2, 0x80, 0x62, 0xa0, 0x1b,
    0xe9, 0x7e, 0x50, 0xd, 0x52, 0x0, 0xc0, 0x1,
    0x18, 0x80, 0x68, 0x70, 0x0, 0x80, 0x1e, 0x18,
    0x3, 0xfe, 0x5b, 0x70, 0xf, 0xf8, 0x91, 0xc2,
    0x88, 0x80, 0x11, 0x13, 0xa1, 0xb4, 0xc2, 0xb8,
    0x40, 0x2, 0x59, 0xdc, 0xc9, 0x40, 0xc,

    /* U+5FAA "循" */
    0x0, 0x34, 0x0, 0x42, 0x4b, 0x14, 0x1, 0x1c,
    0x52, 0x6e, 0xb2, 0x6b, 0xa4, 0x0, 0x5b, 0x44,
    0x2f, 0xba, 0xa1, 0x63, 0x0, 0xa9, 0x74, 0x13,
    0x31, 0xa3, 0x99, 0x9, 0x25, 0xd0, 0x2f, 0x72,
    0x4b, 0xba, 0x10, 0x65, 0x60, 0x12, 0x20, 0xb1,
    0x14, 0x9, 0x0, 0x19, 0xfe, 0x97, 0xbd, 0xc0,
    0xac, 0x40, 0x34, 0x77, 0x4c, 0x0, 0x65, 0x0,
    0x19, 0x82, 0xae, 0xe7, 0x0, 0xf0, 0xf0, 0x2d,
    0x54, 0xe0, 0x1e, 0xe2, 0x5, 0xbb, 0x90, 0x3,
    0xc4, 0xc0, 0x91, 0x13, 0x80, 0x79, 0x8c, 0x12,
    0x22, 0x71, 0x0, 0xb8, 0x74, 0x1f, 0x6a, 0xad,
    0x60,

    /* U+5FC3 "心" */
    0x0, 0xff, 0xe3, 0xeb, 0x0, 0x7f, 0xf0, 0x3e,
    0xe8, 0x3, 0xfe, 0x2d, 0x1b, 0x0, 0xfe, 0xa2,
    0xb, 0xc0, 0xf, 0x13, 0x82, 0x0, 0x4e, 0x7,
    0x80, 0x13, 0xe0, 0x7, 0xc6, 0x28, 0x0, 0xd3,
    0x0, 0xfd, 0x5c, 0x0, 0x4d, 0x0, 0xfc, 0xaa,
    0x0, 0x1a, 0x0, 0x78, 0x64, 0x88, 0x86, 0x61,
    0x0, 0xf1, 0xa0, 0x43, 0x1e, 0x0, 0x4c, 0x1,
    0x23, 0x2, 0x90, 0x6, 0x6b, 0xff, 0xa3, 0xc0,
    0x20,

    /* U+5FC5 "必" */
    0x0, 0xca, 0x80, 0x1f, 0xfc, 0x1, 0xa8, 0x0,
    0x96, 0x0, 0x3c, 0x9e, 0x78, 0x21, 0x7a, 0x1,
    0xe5, 0xb, 0xb0, 0xc2, 0xa8, 0x2, 0x14, 0xb,
    0x20, 0x74, 0x6a, 0x0, 0xcf, 0xc0, 0x18, 0xaa,
    0xe1, 0x80, 0x2c, 0xc0, 0x4, 0x3f, 0x2b, 0x50,
    0x20, 0x5, 0x40, 0x3, 0xe2, 0xb8, 0x1a, 0x40,
    0x3a, 0x10, 0x2, 0xd6, 0x0, 0x28, 0x61, 0x49,
    0x6, 0x19, 0x80, 0x0, 0xb1, 0x31, 0x98, 0x2e,
    0xc0, 0xa0, 0x11, 0x58, 0x49, 0x36, 0x63, 0x45,
    0x80, 0x24, 0x60, 0x9, 0xbd, 0xc1, 0xab, 0xfe,
    0x9f, 0x0, 0x80,

    /* U+5FD7 "志" */
    0x0, 0xe4, 0xd0, 0xf, 0xfe, 0x3e, 0xff, 0xeb,
    0x2f, 0xfe, 0x8d, 0xee, 0xd4, 0x5d, 0xdd, 0x0,
    0x23, 0xc0, 0x23, 0xc0, 0x9, 0x9d, 0xe7, 0x33,
    0x98, 0x1, 0xff, 0x8e, 0x3f, 0xf1, 0x0, 0x19,
    0xa4, 0x61, 0x66, 0xc8, 0x0, 0x52, 0xa2, 0xfb,
    0xb0, 0xc, 0x0, 0x56, 0x8, 0x3, 0x82, 0x62,
    0x8a, 0x8, 0xa0, 0x1d, 0x46, 0xf5, 0x1, 0xfa,
    0x62, 0x1, 0xd2, 0xe0, 0x9e, 0xc2, 0x9f, 0xfc,
    0x83, 0x2c,

    /* U+5FEB "快" */
    0x0, 0x69, 0x80, 0x43, 0xe0, 0x1f, 0xfc, 0x82,
    0xa, 0x1a, 0xcd, 0xc, 0xc8, 0x40, 0xe0, 0x1,
    0x13, 0xf0, 0x1f, 0xe3, 0x0, 0x31, 0x5, 0x21,
    0x99, 0x40, 0xcc, 0x1, 0x66, 0x80, 0x34, 0x2,
    0x10, 0xe, 0xf4, 0x0, 0x2c, 0x44, 0x31, 0x0,
    0x82, 0x61, 0x0, 0xf, 0xf8, 0xc0, 0xfe, 0x38,
    0x3, 0x91, 0xdc, 0x68, 0xef, 0x88, 0x3, 0xc2,
    0xf4, 0x2c, 0x1, 0xfd, 0x4c, 0x3d, 0x26, 0x1,
    0xe1, 0xb0, 0x80, 0x38, 0xc6, 0x0, 0xea, 0x3b,
    0x0, 0x9e, 0xac, 0x40, 0x1a, 0x77, 0x0, 0x1c,
    0xba, 0x20,

    /* U+5FF5 "念" */
    0x0, 0xff, 0xe4, 0x55, 0x0, 0x3f, 0xea, 0x16,
    0x90, 0xf, 0xc7, 0xa7, 0x38, 0x1a, 0xa0, 0x19,
    0x2f, 0x66, 0x6a, 0x9e, 0x9d, 0x61, 0x29, 0xde,
    0x40, 0xbd, 0x13, 0xc8, 0xd3, 0x2d, 0xe, 0xed,
    0x3f, 0xdc, 0x4b, 0x20, 0x3, 0x77, 0x79, 0xd0,
    0x40, 0x3e, 0x76, 0x7, 0x5a, 0x0, 0xe3, 0x17,
    0x58, 0x60, 0xd1, 0x50, 0x8, 0xb8, 0xe4, 0xb2,
    0x10, 0x42, 0xcc, 0x1, 0x48, 0x1, 0x16, 0x98,
    0x3c, 0x78, 0x1, 0xa8, 0xc4, 0x0, 0x60, 0x56,
    0xc2, 0x83, 0x26, 0x27, 0xff, 0xb6, 0x83, 0x94,

    /* U+5FFD "忽" */
    0x0, 0xcc, 0x20, 0x1f, 0xf2, 0x40, 0x7, 0xfc,
    0x34, 0x1d, 0xfd, 0xfe, 0xef, 0x70, 0x0, 0xec,
    0xf3, 0xb7, 0x4a, 0xf2, 0x88, 0x2, 0x91, 0xd5,
    0x50, 0x31, 0x0, 0x13, 0x0, 0x5c, 0x2d, 0xf8,
    0xdb, 0x10, 0x33, 0x0, 0x28, 0x86, 0x15, 0xc,
    0x0, 0x91, 0x0, 0x29, 0xd2, 0x81, 0xb2, 0xdf,
    0x51, 0x0, 0x8c, 0x12, 0x31, 0xcb, 0x3e, 0x0,
    0x22, 0xf1, 0xa0, 0x6a, 0x51, 0x17, 0xa0, 0x2,
    0x94, 0x2, 0x1e, 0xd0, 0x68, 0x90, 0x3, 0x50,
    0x8, 0x0, 0xe0, 0xed, 0x41, 0x3, 0x48, 0x4f,
    0xff, 0x65, 0x6, 0x20,

    /* U+6001 "态" */
    0x0, 0xf4, 0x40, 0x3, 0xff, 0x80, 0x7c, 0x1,
    0xe3, 0xee, 0xe4, 0x9e, 0xee, 0x33, 0x77, 0x6a,
    0x13, 0x8e, 0xec, 0x60, 0x1d, 0x13, 0xf0, 0x20,
    0x1f, 0xa4, 0x54, 0xdb, 0x8, 0x3, 0x93, 0x16,
    0x31, 0xe1, 0x76, 0x4, 0x7, 0xa6, 0xb1, 0x72,
    0xce, 0x2d, 0x38, 0x45, 0x9e, 0xe8, 0x1f, 0x6,
    0xd, 0x1c, 0x20, 0x78, 0x52, 0x1d, 0x46, 0x0,
    0xa0, 0x9, 0xd0, 0x2, 0x3b, 0x40, 0x44, 0x30,
    0x2, 0xf8, 0x3, 0x2b, 0x9d, 0xcc, 0x80, 0xa,
    0x86, 0x1f, 0xfb, 0x2c, 0xd8, 0x0,

    /* U+600E "怎" */
    0x0, 0x86, 0x80, 0x3f, 0xf8, 0x12, 0xc6, 0x7f,
    0x80, 0x33, 0x3f, 0xe4, 0x47, 0x80, 0x29, 0x4b,
    0xe1, 0xbb, 0xf0, 0x1, 0x9e, 0xc0, 0x3, 0xbb,
    0xc8, 0x0, 0xed, 0x10, 0x0, 0xee, 0xf2, 0x0,
    0x20, 0xc0, 0x21, 0xee, 0xe9, 0x0, 0xf8, 0x7b,
    0xba, 0x40, 0x3c, 0x60, 0x60, 0x11, 0x0, 0x6d,
    0x2e, 0x1a, 0xd6, 0x2, 0xd1, 0x0, 0x2b, 0x18,
    0x1, 0x30, 0x41, 0x99, 0x0, 0xe, 0xd0, 0x10,
    0x1, 0x38, 0xdd, 0x98, 0x43, 0x18, 0x4f, 0xff,
    0x73, 0x14, 0x80,

    /* U+6027 "性" */
    0x0, 0x69, 0x80, 0x8, 0x52, 0xc0, 0x3f, 0xd2,
    0xa2, 0xe0, 0x1c, 0x40, 0x88, 0x4, 0x50, 0xf,
    0x14, 0x1, 0x4a, 0x7, 0x51, 0xff, 0xb8, 0x1c,
    0x81, 0x99, 0x10, 0xea, 0x3e, 0xe8, 0x37, 0x40,
    0xa, 0x26, 0x10, 0x0, 0x88, 0x1, 0xe8, 0x0,
    0x1f, 0x10, 0xf, 0x9c, 0x40, 0x25, 0xff, 0x51,
    0xff, 0xa4, 0x3, 0xc9, 0xfe, 0xa3, 0xff, 0x48,
    0x7, 0xff, 0x54, 0xa6, 0x6e, 0x29, 0x98, 0x80,
    0x3b, 0xfe, 0xd8, 0xff, 0x8c,

    /* U+602A "怪" */
    0x0, 0x3d, 0x0, 0x7f, 0xf0, 0xdf, 0xfd, 0xdd,
    0x7c, 0x0, 0x61, 0x47, 0xa3, 0xee, 0x68, 0x50,
    0x3, 0x40, 0x64, 0x55, 0xa8, 0xf6, 0x48, 0x4,
    0x2, 0xa7, 0xa, 0x7c, 0x66, 0x0, 0x15, 0xc0,
    0xe, 0x8f, 0xad, 0x2d, 0x6a, 0x2f, 0x20, 0x1,
    0xef, 0xf5, 0x9f, 0x73, 0xdc, 0xcc, 0x0, 0x1c,
    0x82, 0x25, 0x82, 0xd3, 0x0, 0x72, 0xee, 0xbc,
    0x77, 0x61, 0x0, 0xe5, 0xff, 0x48, 0x7f, 0xc2,
    0x1, 0xe2, 0x23, 0x9, 0x14, 0x1, 0xe7, 0x7a,
    0x85, 0xde, 0x50, 0xf, 0xdf, 0x0, 0x18,

    /* U+603B "总" */
    0x0, 0xd0, 0x20, 0x11, 0x40, 0x7, 0xc3, 0x60,
    0x14, 0x8, 0x7, 0xd0, 0x82, 0x8, 0x88, 0x0,
    0xe2, 0xfe, 0x1e, 0xfb, 0x1e, 0xe0, 0x7, 0xf,
    0xff, 0xac, 0x3, 0xff, 0x90, 0x28, 0x9e, 0x30,
    0xf, 0x1c, 0x47, 0xad, 0x40, 0x31, 0x67, 0x62,
    0xb6, 0xe6, 0x28, 0x3, 0x70, 0x7a, 0x49, 0x60,
    0x85, 0xc0, 0x1, 0x54, 0x1, 0xa2, 0x0, 0x36,
    0xa8, 0x11, 0xc0, 0x1, 0x0, 0x28, 0xd2, 0x47,
    0x7, 0x28, 0x2d, 0x7f, 0xe6, 0x45, 0xa0,

    /* U+6052 "恒" */
    0x0, 0x5a, 0x0, 0x7f, 0xf0, 0xff, 0xfe, 0xd0,
    0x0, 0x86, 0x17, 0xff, 0xda, 0x5, 0x40, 0x36,
    0x79, 0x9e, 0x0, 0x39, 0x86, 0xab, 0x3f, 0xfe,
    0x30, 0x6, 0xf0, 0x3, 0x0, 0x6, 0x78, 0x2,
    0xd7, 0x0, 0xc9, 0xbb, 0x80, 0x25, 0x10, 0xc,
    0x9b, 0xb6, 0x0, 0x7f, 0xf0, 0x44, 0x3, 0xf9,
    0x3f, 0xf0, 0x7, 0xe5, 0xff, 0xf0, 0x7, 0x97,
    0x77, 0xf0, 0x80, 0x65, 0xff, 0xfc, 0x20,

    /* U+6062 "恢" */
    0x0, 0xff, 0xe2, 0x52, 0x0, 0x5e, 0x1, 0xff,
    0xc0, 0x11, 0x0, 0x7c, 0x61, 0xab, 0xbe, 0x3b,
    0xbc, 0x41, 0xc0, 0x3f, 0x92, 0xb9, 0xf7, 0x98,
    0x20, 0xb, 0x1c, 0x7b, 0x4, 0x5a, 0x22, 0x3,
    0x70, 0x7, 0x82, 0xaa, 0xdc, 0x43, 0x40, 0x78,
    0x0, 0x42, 0x44, 0x72, 0x21, 0xb8, 0x12, 0x0,
    0x4c, 0xe9, 0x7d, 0xca, 0xf0, 0xf, 0x4d, 0x3,
    0x27, 0x71, 0x40, 0x3a, 0x10, 0xd4, 0xc9, 0x5c,
    0x3, 0x84, 0xac, 0x1, 0x32, 0x58, 0x0, 0xe1,
    0xa1, 0x15, 0x83, 0xc2, 0xb8, 0x7, 0xd4, 0x76,
    0x0, 0xcc, 0x10, 0x2, 0x90, 0x1, 0x70, 0x1,
    0xd, 0x90,

    /* U+606F "息" */
    0x0, 0xff, 0xe4, 0x4c, 0x80, 0x3f, 0xaa, 0xa6,
    0x5a, 0xa8, 0x80, 0x30, 0xa4, 0x43, 0x7a, 0x20,
    0xec, 0x1, 0xc3, 0x33, 0xe2, 0x0, 0xf0, 0xd5,
    0x78, 0x80, 0x3c, 0x3b, 0xbe, 0x20, 0xf, 0xe,
    0x67, 0x8c, 0x3, 0xc3, 0xbb, 0xe3, 0x0, 0xe1,
    0xfd, 0xd3, 0x4e, 0xeb, 0xd4, 0x3, 0x59, 0x68,
    0x4d, 0x10, 0xf, 0x88, 0x1, 0x5c, 0xc, 0xa,
    0x1c, 0x91, 0xec, 0x1, 0x32, 0x0, 0xcc, 0xaf,
    0xf0, 0xa2, 0x14, 0xa4, 0x4f, 0xfd, 0x5c, 0x3c,
    0x20,

    /* U+6070 "恰" */
    0x0, 0x62, 0x0, 0x6a, 0x60, 0xf, 0xf8, 0x96,
    0x80, 0x38, 0x43, 0x4c, 0x1, 0x30, 0xb0, 0x1,
    0xb0, 0x6, 0x42, 0x1d, 0xd2, 0xaa, 0x0, 0x1b,
    0x6, 0xb, 0xb7, 0x0, 0x3e, 0xd8, 0x14, 0xc0,
    0x1b, 0x6f, 0x9d, 0xcc, 0x8a, 0x13, 0xb0, 0x3,
    0x64, 0xf7, 0x66, 0xc1, 0x53, 0x0, 0x8f, 0x77,
    0xc0, 0x1f, 0x38, 0xe6, 0x62, 0x0, 0xfc, 0xe2,
    0x38, 0x3, 0xff, 0x96, 0x99, 0x98, 0x3, 0xce,
    0x0, 0x3f, 0xfc, 0x1, 0xd8, 0x60, 0x98, 0x67,
    0xbc, 0x0,

    /* U+60AC "悬" */
    0x0, 0xbf, 0x33, 0xde, 0x60, 0x1e, 0x77, 0xf0,
    0x7, 0xe8, 0x8f, 0x8, 0x7, 0xd7, 0x7e, 0x0,
    0xc2, 0xee, 0xf, 0xff, 0x5, 0x39, 0x0, 0x8a,
    0x65, 0x62, 0x34, 0x37, 0x88, 0xb, 0x3e, 0xa6,
    0x33, 0x1e, 0x19, 0x58, 0x80, 0xb9, 0x1f, 0x75,
    0x95, 0xaf, 0xa4, 0x0, 0x2a, 0xee, 0x63, 0x55,
    0xd5, 0xc1, 0x80, 0x6, 0xcf, 0xca, 0xf1, 0x41,
    0xec, 0xc0, 0x1b, 0x24, 0x1, 0x52, 0xd0, 0xdf,
    0x81, 0x5b, 0x82, 0x6f, 0x74, 0xea, 0xd6, 0x20,

    /* U+60EF "惯" */
    0x0, 0x69, 0x0, 0x7f, 0xf0, 0xcf, 0x6b, 0x72,
    0xbc, 0x40, 0x33, 0xa, 0x22, 0xde, 0x2c, 0x4c,
    0x1, 0x21, 0x35, 0x2b, 0x69, 0xf6, 0x3c, 0x4,
    0x61, 0x58, 0xed, 0xa1, 0x84, 0x4c, 0x7, 0xd0,
    0x44, 0x57, 0x95, 0x96, 0xc8, 0x0, 0xd0, 0x4,
    0xfe, 0x23, 0xc0, 0x6, 0x30, 0x8, 0xb3, 0x73,
    0x70, 0xc0, 0x3f, 0xdc, 0x1, 0xff, 0xcc, 0x71,
    0x73, 0x21, 0x60, 0xf, 0xaa, 0xae, 0xbd, 0xe1,
    0x0, 0xc3, 0x91, 0xfa, 0x53, 0xa1, 0x40, 0x16,
    0x9e, 0x5a, 0x80, 0x67, 0xb0,

    /* U+60F3 "想" */
    0x0, 0xb8, 0x80, 0x3f, 0xf8, 0x7f, 0xbb, 0x79,
    0xa5, 0x50, 0x66, 0x90, 0x77, 0x63, 0x5, 0xed,
    0xe, 0xe3, 0xe, 0xec, 0x60, 0x29, 0x81, 0xca,
    0x43, 0xbb, 0x18, 0x2, 0x8, 0x77, 0xcc, 0x77,
    0x63, 0x6, 0x49, 0x4, 0xc2, 0x1d, 0xd8, 0xc1,
    0xf0, 0x2, 0x21, 0x16, 0x64, 0x60, 0x20, 0x8,
    0x22, 0x5f, 0x6e, 0xdc, 0x60, 0xac, 0xb2, 0x43,
    0x62, 0x26, 0xb0, 0x7, 0x1b, 0xa8, 0x50, 0xa,
    0xb2, 0x19, 0x95, 0x4e, 0x1, 0x50, 0xc0, 0x4c,
    0xd, 0x1, 0xf, 0xfe, 0x61, 0x7b,

    /* U+610F "意" */
    0x0, 0xff, 0xe4, 0x44, 0x0, 0x3e, 0x4d, 0xdc,
    0xcf, 0xbb, 0x90, 0x0, 0x9b, 0xa3, 0xde, 0xfd,
    0x3f, 0xd4, 0x0, 0x44, 0x41, 0x51, 0xb, 0xa,
    0x88, 0x0, 0x37, 0x6b, 0xfd, 0xd7, 0x5e, 0xec,
    0x0, 0x50, 0x8e, 0xef, 0x41, 0xa8, 0x6, 0x1f,
    0xff, 0x30, 0x80, 0x78, 0x47, 0xce, 0x1, 0xe2,
    0xee, 0xf1, 0x0, 0x72, 0x74, 0xd3, 0x6d, 0xdb,
    0x10, 0x3, 0x61, 0xf9, 0x65, 0x21, 0xf, 0x8,
    0x2, 0x1c, 0xc0, 0x3, 0x89, 0xe3, 0x74, 0x0,
    0x1b, 0x5, 0xde, 0xe8, 0x49, 0xb8, 0x0,

    /* U+611F "感" */
    0x0, 0xff, 0xe5, 0x61, 0xda, 0x0, 0x62, 0x11,
    0xe7, 0x68, 0x92, 0x0, 0x1e, 0xef, 0x96, 0x3c,
    0x78, 0xc0, 0x7, 0x15, 0x5a, 0x17, 0x27, 0xcc,
    0x2, 0x72, 0x2c, 0xa8, 0x16, 0x40, 0x6, 0x62,
    0x4c, 0x43, 0x8c, 0xa5, 0xc4, 0x0, 0x44, 0xa,
    0xce, 0x10, 0x44, 0x49, 0x90, 0x5e, 0x5, 0x5c,
    0x83, 0x21, 0x95, 0xb1, 0xa, 0x3e, 0x54, 0xcb,
    0x3e, 0xf1, 0x94, 0xb0, 0x4a, 0x46, 0xed, 0x42,
    0xb1, 0xc2, 0xb, 0xac, 0xa1, 0x24, 0xc0, 0x94,
    0xa0, 0x9, 0x90, 0x6, 0xa6, 0x29, 0xfb, 0x1,
    0xa5, 0x50, 0x6e, 0xb3, 0x72, 0xce, 0x80,

    /* U+6162 "慢" */
    0x0, 0x70, 0x80, 0x7f, 0xf0, 0xdf, 0x6e, 0xf7,
    0x88, 0x6, 0x52, 0x1, 0x22, 0xc0, 0x11, 0xc0,
    0x15, 0x3, 0x66, 0x60, 0x9, 0xb8, 0x11, 0x55,
    0xe0, 0x1a, 0x84, 0x34, 0x80, 0xfb, 0x3a, 0xba,
    0xba, 0x70, 0x39, 0x0, 0x22, 0xa2, 0xa2, 0xa8,
    0x0, 0x30, 0x4, 0x4b, 0x9, 0x9, 0x1b, 0x60,
    0x1c, 0x8a, 0xbe, 0x44, 0x0, 0x72, 0xf1, 0x46,
    0xe9, 0x0, 0xc0, 0x3c, 0x5b, 0x32, 0xa4, 0xc0,
    0xf, 0x89, 0x45, 0x91, 0x90, 0x40, 0x3a, 0xff,
    0xd1, 0xdc, 0xde, 0xc1, 0x0, 0x70, 0xde, 0xca,
    0x0, 0xbd, 0xe8, 0x80,

    /* U+620F "戏" */
    0x0, 0xf8, 0xf8, 0x28, 0xc0, 0x3f, 0x84, 0x1,
    0xda, 0x20, 0x7f, 0xfb, 0x80, 0xc4, 0x12, 0x5c,
    0xf, 0xfe, 0xc3, 0x1, 0x0, 0xa, 0x18, 0x86,
    0x98, 0x22, 0x27, 0x3, 0xf2, 0x30, 0xc3, 0xb4,
    0x6f, 0x2b, 0x8a, 0xf6, 0x28, 0x80, 0xdb, 0x4d,
    0x4c, 0x98, 0x82, 0x18, 0x2, 0x81, 0x40, 0x8,
    0xfd, 0x19, 0x40, 0x22, 0x22, 0x18, 0x3, 0x52,
    0xb8, 0x3, 0x74, 0x43, 0xc0, 0xe, 0x4c, 0x64,
    0x3, 0x6e, 0xf2, 0x80, 0xf0, 0x5, 0x4c, 0x43,
    0x60, 0x9, 0x6f, 0x4c, 0x77, 0x2a, 0x8e, 0x80,
    0x32, 0xec, 0x1d, 0x4b, 0x18,

    /* U+6210 "成" */
    0x0, 0xf9, 0x6d, 0x28, 0x40, 0x3f, 0xce, 0x87,
    0xe4, 0x1, 0x19, 0x16, 0x31, 0x2b, 0x77, 0x0,
    0xf, 0x3f, 0xf4, 0x17, 0xf9, 0x21, 0x0, 0x3,
    0xbb, 0xbc, 0x37, 0x5d, 0x88, 0x0, 0x1b, 0xb9,
    0x44, 0x4, 0x35, 0x40, 0x21, 0xff, 0x9, 0x1,
    0x11, 0xd, 0x0, 0x23, 0x44, 0x18, 0x83, 0xac,
    0x58, 0x4, 0xe2, 0x0, 0x30, 0x6, 0xc0, 0xb0,
    0x4, 0x4e, 0x0, 0x12, 0x2, 0x1e, 0x3, 0x10,
    0xf3, 0x8d, 0x55, 0x1d, 0x8a, 0x85, 0xb8, 0x3d,
    0xc6, 0x73, 0xe4, 0x5c, 0x19, 0x95, 0x8, 0xc0,
    0x4a, 0xf1, 0x96, 0x71, 0xcd, 0x30, 0x2, 0x2d,
    0x30, 0x3, 0xfe, 0x0,

    /* U+6216 "或" */
    0x0, 0xfd, 0xe3, 0x88, 0x1, 0xff, 0xc0, 0x8a,
    0x60, 0x2, 0x27, 0xc0, 0xe1, 0x3c, 0x0, 0xff,
    0xf8, 0x2b, 0xf0, 0xc4, 0x2e, 0xfe, 0x38, 0xba,
    0xb1, 0x1, 0xfe, 0xec, 0xc, 0x41, 0x4c, 0x1,
    0xf, 0x73, 0xc0, 0x5, 0xc2, 0xae, 0x1, 0xfd,
    0xc7, 0xc, 0x20, 0x10, 0xf7, 0x3c, 0x0, 0x88,
    0x79, 0x0, 0x87, 0xfb, 0xb0, 0x98, 0x40, 0x98,
    0x80, 0xa3, 0xd6, 0xf3, 0xe8, 0xf8, 0x5b, 0x87,
    0xfe, 0xcd, 0xb5, 0xc6, 0x43, 0x20, 0xeb, 0x85,
    0x18, 0xb9, 0x2a, 0xa3, 0xa0,

    /* U+622A "截" */
    0x0, 0xde, 0x1, 0x69, 0xc0, 0x80, 0x4f, 0x56,
    0x15, 0x45, 0x0, 0x6e, 0x10, 0x1, 0x67, 0xc2,
    0x64, 0x82, 0xb, 0x8, 0x5, 0x75, 0xa1, 0x54,
    0x82, 0x99, 0x67, 0x81, 0xe7, 0xb, 0xf6, 0x60,
    0x8f, 0x32, 0x1, 0x5d, 0xd6, 0x61, 0x56, 0xf5,
    0x7, 0x0, 0x1a, 0xc4, 0xa6, 0xd7, 0x70, 0x2c,
    0xc0, 0x74, 0xb7, 0xd3, 0x68, 0x88, 0x84, 0x20,
    0x8, 0x2b, 0x95, 0xb5, 0x77, 0x7c, 0x80, 0x5,
    0xc7, 0x70, 0xf5, 0x88, 0x8e, 0xa0, 0x1c, 0x42,
    0x22, 0x11, 0x90, 0x28, 0x80, 0x3, 0x14, 0x51,
    0xd, 0x46, 0x27, 0x20, 0x1, 0x6e, 0xbf, 0x45,
    0x2a, 0x75, 0xc0, 0x3, 0xa2, 0x3a, 0xe0, 0x1f,
    0xe8, 0x0,

    /* U+6234 "戴" */
    0x0, 0x87, 0x80, 0x28, 0x83, 0x88, 0x5, 0x39,
    0xa3, 0x98, 0x9f, 0x0, 0x60, 0x80, 0x23, 0xa0,
    0x3b, 0x90, 0x2, 0xf4, 0x61, 0x19, 0xf4, 0x1f,
    0xec, 0x96, 0xda, 0xf1, 0x89, 0xb8, 0x9b, 0xb4,
    0xda, 0x6e, 0xc2, 0x12, 0x44, 0xb5, 0x38, 0x67,
    0x9, 0x50, 0xb, 0x74, 0x75, 0xe0, 0x44, 0x4,
    0x60, 0x3, 0x19, 0xe0, 0x61, 0x11, 0x19, 0x80,
    0x1c, 0x6d, 0x68, 0x58, 0x7, 0x2e, 0x1, 0x30,
    0xb9, 0x1f, 0x10, 0x22, 0x28, 0x0, 0x7e, 0x8f,
    0x3, 0x50, 0x64, 0x26, 0x61, 0x3c, 0x79, 0xd0,
    0x8c, 0xa6, 0x36, 0xa5, 0xb, 0xe5, 0x1e, 0xe2,
    0x9e, 0xfc, 0x22, 0x2, 0xd4, 0x0, 0x54, 0xb4,
    0x25, 0xda, 0x0,

    /* U+6237 "户" */
    0x0, 0xff, 0xe3, 0xc4, 0x80, 0x7f, 0xd6, 0xc0,
    0x1f, 0x46, 0xed, 0xc1, 0xbb, 0x80, 0x22, 0x5f,
    0xfb, 0x7f, 0xe2, 0x0, 0xde, 0x45, 0xf0, 0x7,
    0xff, 0x1a, 0x3f, 0xfe, 0x0, 0xc3, 0x5f, 0xfe,
    0xe0, 0xc, 0xac, 0x1, 0xe1, 0xf0, 0x0, 0x88,
    0xc0, 0x3f, 0xce, 0x80, 0x1f, 0xf5, 0xf0, 0x7,
    0xf8, 0xd9, 0x40, 0x3f, 0xc7, 0x60, 0x1f, 0xf0,

    /* U+6240 "所" */
    0x0, 0xe3, 0x20, 0xc, 0x6c, 0x0, 0x48, 0xbe,
    0xe2, 0x1c, 0x5f, 0x73, 0xc4, 0x34, 0xa3, 0xf5,
    0x91, 0x1f, 0xed, 0x91, 0x0, 0x1b, 0xaa, 0x0,
    0x15, 0x4, 0x3, 0x93, 0xfd, 0x62, 0x1, 0xfd,
    0x57, 0x61, 0x0, 0x37, 0xfe, 0x80, 0xf, 0xcd,
    0xfa, 0x3f, 0x0, 0x8, 0xff, 0x8, 0x78, 0x7,
    0xc7, 0x3f, 0xf0, 0x8b, 0x80, 0x3c, 0x24, 0x1,
    0x94, 0xc0, 0x3c, 0xac, 0x1, 0x11, 0xa0, 0x7,
    0x10, 0x10, 0x5, 0x2c, 0x1, 0xe6, 0x60, 0x4,
    0x4f, 0x0, 0x1e, 0x48, 0x0, 0x8b, 0x4, 0x0,
    0x5c, 0x0,

    /* U+624B "手" */
    0x0, 0xf1, 0x1a, 0xc5, 0xd8, 0x3, 0x66, 0xff,
    0xb3, 0x1f, 0xf5, 0x0, 0x6e, 0xcf, 0xf5, 0x1d,
    0x3a, 0x8, 0x6, 0x21, 0x0, 0xff, 0x8b, 0xff,
    0x59, 0xff, 0xeb, 0x0, 0x17, 0xfe, 0xa3, 0xff,
    0xd6, 0x1, 0xf0, 0x80, 0x7e, 0x44, 0xec, 0x14,
    0x4e, 0x20, 0x88, 0xe5, 0x28, 0x8e, 0x40, 0xcc,
    0xe9, 0x3c, 0xce, 0x60, 0xf, 0xfe, 0x40, 0x80,
    0x7f, 0x87, 0xfd, 0x56, 0x1, 0xfc, 0x3f, 0xf3,
    0x80, 0x78,

    /* U+624D "才" */
    0x0, 0xfd, 0xc6, 0x1, 0xff, 0xd1, 0x3f, 0xff,
    0x87, 0x3f, 0xdc, 0x7b, 0xbd, 0x40, 0xb, 0xdd,
    0x78, 0x11, 0x63, 0x89, 0x17, 0x22, 0x8, 0x7,
    0x53, 0xb0, 0x7, 0xf5, 0x3d, 0x0, 0x7f, 0x53,
    0xe8, 0x7, 0xe2, 0xc6, 0xc1, 0x0, 0xf9, 0x75,
    0x70, 0x40, 0x3f, 0x2d, 0xc8, 0x6, 0x11, 0x0,
    0x72, 0x0, 0x4b, 0xfc, 0x66, 0x0, 0xfc, 0xbf,
    0xec, 0x0, 0xc0,

    /* U+6253 "打" */
    0x0, 0x17, 0x0, 0x7f, 0xf1, 0x26, 0x7e, 0x50,
    0xf, 0x77, 0x66, 0xee, 0x31, 0xfe, 0x8f, 0xeb,
    0xbc, 0xc0, 0xce, 0x66, 0xec, 0xe, 0xd0, 0xf,
    0xe1, 0x1c, 0x1, 0xff, 0xc0, 0x16, 0xa0, 0xf,
    0xc5, 0x3e, 0x19, 0xe0, 0x1f, 0x8c, 0x6c, 0x69,
    0x40, 0x3f, 0xc, 0x20, 0x7, 0xff, 0x58, 0xc0,
    0x40, 0x2a, 0xd4, 0x0, 0xa3, 0xf5, 0x0, 0x35,
    0x7d, 0x0, 0x51, 0xfe, 0xb0, 0x8,

    /* U+6258 "托" */
    0x0, 0x26, 0x0, 0x78, 0x58, 0x40, 0x3f, 0x24,
    0x67, 0x61, 0x0, 0x7d, 0x7c, 0x5, 0xf4, 0x60,
    0x5f, 0x67, 0xf1, 0x75, 0x40, 0xe, 0x2f, 0xb3,
    0xf8, 0x0, 0xff, 0xe3, 0x12, 0x3a, 0x80, 0x42,
    0xaa, 0x8b, 0xf1, 0xff, 0x84, 0x51, 0x2, 0xe1,
    0xfe, 0x81, 0xdb, 0x84, 0x1, 0x43, 0xb4, 0x75,
    0x70, 0xe, 0x19, 0xc0, 0xf, 0xfe, 0x59, 0xd0,
    0x7, 0xf0, 0x80, 0x14, 0x1, 0x94, 0x80, 0x18,
    0x8f, 0xfd, 0x3c,

    /* U+6263 "扣" */
    0x0, 0x17, 0x0, 0x7f, 0xf0, 0xda, 0xab, 0x98,
    0x0, 0x20, 0x17, 0x8e, 0xec, 0x3e, 0x5f, 0x83,
    0xf2, 0x18, 0xef, 0x60, 0x17, 0xe8, 0xfc, 0x80,
    0x7f, 0xf3, 0xd, 0x0, 0x3e, 0x16, 0x91, 0xf1,
    0x0, 0xf8, 0xff, 0x47, 0x14, 0x3, 0xe2, 0x94,
    0x0, 0xff, 0xe2, 0xce, 0xed, 0x20, 0x1f, 0x9b,
    0xfe, 0x70, 0x4, 0xeb, 0x80, 0x5e, 0x45, 0x5d,
    0x0,

    /* U+6267 "执" */
    0x0, 0xff, 0xe2, 0x61, 0x80, 0x5a, 0x40, 0x1f,
    0xfd, 0x58, 0xe3, 0xca, 0xee, 0x16, 0x77, 0xa0,
    0x2, 0x38, 0xee, 0xbf, 0xc3, 0xbe, 0x62, 0x1,
    0xce, 0x2, 0x31, 0x8b, 0x88, 0x7, 0x5c, 0x54,
    0x0, 0x7c, 0xb8, 0x66, 0xdb, 0x20, 0x50, 0x70,
    0x8, 0x60, 0xe1, 0x44, 0x92, 0x28, 0x3, 0x22,
    0x0, 0x33, 0x46, 0xfb, 0x80, 0x7e, 0x75, 0x30,
    0x52, 0x17, 0x10, 0xc, 0xf3, 0x20, 0xb, 0xb3,
    0x6, 0x5e, 0x21, 0x5a, 0x40, 0x13, 0x3b, 0x88,
    0x9f, 0xa7, 0xa6, 0x1, 0x87, 0xb0, 0x0,

    /* U+6269 "扩" */
    0x0, 0x61, 0x80, 0x66, 0x70, 0xf, 0xfe, 0x2,
    0x48, 0x7, 0xf1, 0xdd, 0xa4, 0x6e, 0xe1, 0x6f,
    0x3c, 0xb6, 0x67, 0x72, 0xbb, 0xa1, 0x6f, 0x3b,
    0xb0, 0x32, 0xaf, 0x80, 0x33, 0x80, 0x7f, 0xf0,
    0x51, 0x80, 0x3f, 0x92, 0xce, 0xcc, 0x4, 0x3,
    0xf6, 0x97, 0xa9, 0x18, 0x7, 0xc8, 0xc2, 0x0,
    0xdf, 0x0, 0xff, 0xe0, 0x22, 0x0, 0x3f, 0xe6,
    0x22, 0x0, 0x7c, 0x5e, 0x25, 0xb0, 0x1, 0xf8,
    0xbf, 0x46, 0xd0, 0x3, 0xf0,

    /* U+626B "扫" */
    0x0, 0x17, 0x0, 0x7f, 0xf0, 0xe6, 0x7c, 0xa0,
    0x1e, 0xee, 0xe2, 0xd2, 0xfd, 0x1f, 0xb7, 0x7e,
    0xc0, 0x2f, 0xd1, 0xfb, 0x0, 0xff, 0xe5, 0x8a,
    0xb7, 0x7f, 0xe8, 0x2, 0x9f, 0xe, 0x3e, 0xee,
    0x70, 0x3e, 0x81, 0xb5, 0x1, 0x1d, 0xe0, 0x2e,
    0xe0, 0xf, 0xfe, 0x81, 0x7f, 0xf4, 0x0, 0x27,
    0x10, 0xb, 0xff, 0x9c, 0x1, 0x3d, 0x40, 0x1f,
    0x44, 0x0,

    /* U+626C "扬" */
    0x0, 0x62, 0x0, 0x7f, 0xf0, 0xfb, 0xff, 0xa0,
    0x3, 0xee, 0xff, 0x71, 0xac, 0x0, 0x1b, 0xe,
    0x6c, 0x0, 0x7f, 0x74, 0x1, 0x24, 0x15, 0x40,
    0x46, 0xd3, 0x80, 0x4, 0x9, 0x4, 0xcd, 0x4e,
    0x37, 0xff, 0x70, 0x6, 0x15, 0xaf, 0x3b, 0xc3,
    0xf0, 0x1, 0x39, 0x5e, 0x2, 0xba, 0x55, 0x4,
    0x40, 0xbe, 0x75, 0x29, 0x14, 0x48, 0xc4, 0x60,
    0xf0, 0x20, 0x73, 0xe3, 0xd0, 0xc, 0xc0, 0xe,
    0x3d, 0x29, 0x55, 0x1, 0x10, 0x3, 0x38, 0x2,
    0x8e, 0x40, 0x17, 0xe0, 0x5e, 0x24, 0x15, 0xb4,
    0x15, 0xe0, 0xc0, 0x5f, 0xa2, 0x14, 0xe0, 0xa,
    0xfc, 0x0, 0x0,

    /* U+6270 "扰" */
    0x0, 0xff, 0xe2, 0x26, 0x0, 0x6f, 0x15, 0x30,
    0xf, 0xf8, 0x45, 0xa2, 0x1, 0xff, 0x24, 0xd8,
    0x16, 0x49, 0xe2, 0x9a, 0x1, 0x99, 0x3c, 0x4a,
    0x28, 0xa0, 0x3e, 0x43, 0xfe, 0x97, 0x4, 0x31,
    0x45, 0xce, 0x3c, 0xcc, 0xc0, 0x18, 0x8c, 0x15,
    0xad, 0x0, 0x32, 0xf1, 0xfa, 0x87, 0xe8, 0x7,
    0x14, 0x81, 0xeb, 0x2, 0x20, 0x3, 0x8b, 0x38,
    0x2, 0x40, 0x30, 0xf, 0xfa, 0x2c, 0x3, 0x1c,
    0x80, 0x74, 0x3, 0x0, 0x66, 0x0, 0x65, 0x20,
    0xa6, 0x80, 0x32, 0xfe, 0xb4,

    /* U+6273 "扳" */
    0x0, 0x69, 0x0, 0x70, 0xa4, 0x20, 0x7, 0x97,
    0x37, 0xbf, 0xc0, 0xe0, 0x24, 0x6c, 0x24, 0xd9,
    0xdc, 0xb8, 0x30, 0x7f, 0x1a, 0x90, 0x31, 0x0,
    0xf3, 0x69, 0x64, 0x3, 0xee, 0xf3, 0x0, 0x7c,
    0x87, 0xff, 0x9, 0x0, 0x6a, 0x60, 0x24, 0x12,
    0x33, 0x20, 0x36, 0x91, 0x17, 0xbf, 0xd2, 0xc,
    0xa0, 0x2, 0x91, 0x83, 0x22, 0x2b, 0x9c, 0xc8,
    0x0, 0x88, 0x30, 0x2, 0xb8, 0x5e, 0x39, 0x80,
    0x78, 0xcc, 0x41, 0x80, 0x60, 0x1f, 0x4a, 0x9e,
    0xf, 0x36, 0x18, 0x17, 0x80, 0x1e, 0xb6, 0xec,
    0x38, 0x9a, 0x25, 0xfa, 0x5a, 0x5c, 0xe0, 0x14,
    0x70, 0x80,

    /* U+6279 "批" */
    0x0, 0xff, 0xe2, 0x1e, 0x80, 0x3c, 0x0, 0x7a,
    0x1, 0xff, 0xd3, 0x2f, 0xc2, 0xf7, 0x0, 0xf1,
    0x1, 0x6d, 0x16, 0xb0, 0x7, 0x1e, 0x18, 0x13,
    0x1, 0x8, 0x77, 0x0, 0xb7, 0x46, 0x1, 0x8c,
    0xc1, 0xdc, 0x1, 0xc3, 0x1, 0x68, 0x2f, 0x60,
    0xc, 0x64, 0x1, 0x69, 0x13, 0x14, 0x3, 0xf0,
    0xdd, 0x0, 0x7f, 0xf1, 0xcc, 0x2, 0x38, 0x0,
    0x84, 0x8, 0x37, 0xc0, 0x26, 0x20, 0xbd, 0x40,
    0x64, 0xec, 0x33, 0x7d, 0x78,

    /* U+627E "找" */
    0x0, 0x17, 0x0, 0x49, 0x60, 0xe0, 0x1f, 0xe7,
    0x70, 0x64, 0x80, 0x7f, 0x9, 0x5, 0xa1, 0x81,
    0x7e, 0x8f, 0xc8, 0x18, 0x9a, 0x55, 0x99, 0x7e,
    0xf, 0xdf, 0x70, 0x3b, 0xfb, 0xc4, 0x0, 0x20,
    0x2, 0xff, 0x17, 0x5d, 0x94, 0x80, 0x33, 0x30,
    0x41, 0x94, 0x25, 0x40, 0x67, 0xc7, 0xc8, 0x0,
    0x7e, 0xac, 0xe0, 0x1, 0x81, 0x94, 0x0, 0x63,
    0xdf, 0x0, 0x6, 0x1c, 0x3, 0x9c, 0x60, 0xc0,
    0x40, 0x3e, 0x5d, 0x3c, 0x2, 0xd0, 0xe, 0x3c,
    0xbd, 0xd2, 0x3d, 0x20, 0x56, 0x38, 0x15, 0xf1,
    0x8e, 0xd3, 0xd0, 0x57, 0x48, 0xb, 0x80, 0x47,
    0xbe, 0x40,

    /* U+627F "承" */
    0x0, 0xff, 0xe2, 0x17, 0xff, 0xe2, 0x0, 0xc5,
    0xff, 0xd6, 0x32, 0x40, 0x1f, 0x86, 0xa2, 0x90,
    0x3, 0x7f, 0xda, 0x4, 0x98, 0x10, 0x38, 0x21,
    0xfe, 0x76, 0xcd, 0x1e, 0xc7, 0xab, 0x10, 0x9,
    0x33, 0x1a, 0x5d, 0x7, 0x8e, 0x1, 0x9, 0x9b,
    0xb0, 0xba, 0x9c, 0x40, 0x34, 0x22, 0x3b, 0xb,
    0xab, 0x6c, 0x2, 0x26, 0x8b, 0xec, 0x2e, 0xe0,
    0x1, 0x80, 0x7d, 0x8e, 0xfb, 0xb, 0xb8, 0x93,
    0x23, 0x33, 0xc8, 0x7, 0xe4, 0x93, 0x2a, 0x0,
    0x37, 0xe2, 0x80, 0x66, 0x0, 0xe6, 0xff, 0x40,
    0x7, 0x80,

    /* U+6284 "抄" */
    0x0, 0x16, 0x80, 0x77, 0x80, 0x7f, 0xf3, 0x50,
    0x2, 0x61, 0x2, 0xfd, 0x2f, 0x93, 0x80, 0xb,
    0xa0, 0xb, 0xf0, 0xbe, 0x55, 0x40, 0x14, 0xb8,
    0x4, 0x20, 0x16, 0xe0, 0x4, 0x28, 0xc0, 0x11,
    0xc4, 0x19, 0x40, 0x34, 0x21, 0x5e, 0x8f, 0xd6,
    0x80, 0x64, 0x92, 0x27, 0xe1, 0x39, 0x0, 0x4a,
    0x11, 0xc0, 0x4, 0x10, 0xf, 0x55, 0x1d, 0x40,
    0x3f, 0x86, 0xda, 0xc0, 0x3f, 0x24, 0xf9, 0xe0,
    0x6, 0xad, 0x40, 0x78, 0xef, 0x80, 0xc,

    /* U+628A "把" */
    0x0, 0x69, 0x80, 0x7f, 0xf0, 0xe3, 0xff, 0xd2,
    0x1, 0xf3, 0x7a, 0x5f, 0xb8, 0x1, 0xfc, 0xb2,
    0x80, 0x3f, 0x9f, 0xca, 0xe8, 0x3, 0xff, 0x80,
    0xe0, 0x1f, 0xfc, 0x15, 0x60, 0x58, 0x5e, 0x84,
    0x0, 0x25, 0x15, 0xf0, 0x3, 0xe7, 0x7d, 0xc0,
    0x3, 0x85, 0xd0, 0xa, 0xef, 0xa2, 0x81, 0x58,
    0x3, 0xf8, 0xcc, 0x1, 0xff, 0xc1, 0xb4, 0x0,
    0xef, 0x30, 0xe, 0x56, 0x1e, 0x2, 0x5, 0x7f,
    0xfe, 0x42,

    /* U+6295 "投" */
    0x0, 0x1e, 0x0, 0x7f, 0xf1, 0xb, 0xff, 0x20,
    0x7, 0xf1, 0x7f, 0x90, 0x2, 0x2f, 0xc3, 0xf8,
    0x77, 0x0, 0x78, 0xbe, 0xcf, 0xee, 0xdc, 0x0,
    0x1f, 0x83, 0x0, 0x38, 0x2, 0xad, 0x0, 0x17,
    0xf8, 0x40, 0x7, 0x2a, 0x9, 0xcc, 0xb6, 0x48,
    0x4b, 0x2c, 0x3e, 0xca, 0x3f, 0xe3, 0x50, 0x29,
    0xb2, 0x52, 0x9e, 0x33, 0x5a, 0x18, 0x1, 0x5c,
    0x2, 0x76, 0x86, 0x5b, 0x0, 0xfe, 0xe7, 0x9e,
    0x10, 0xf, 0x8a, 0x31, 0x99, 0xb0, 0x40, 0xb,
    0xd4, 0x7c, 0xc, 0x99, 0x69, 0x6a, 0x85, 0xf4,
    0x3f, 0x41, 0x0, 0xe, 0xbd, 0x40,

    /* U+6296 "抖" */
    0x0, 0x1e, 0x80, 0x78, 0xb8, 0x3, 0xfa, 0xd0,
    0x3, 0xff, 0x81, 0x15, 0x20, 0x18, 0x7f, 0xb,
    0xe4, 0xf, 0xfc, 0x1, 0x87, 0xf0, 0xbe, 0x44,
    0x5, 0x80, 0x3f, 0xcd, 0xaa, 0x1, 0xf8, 0xd9,
    0x8f, 0xd0, 0x80, 0x18, 0x67, 0x87, 0x8, 0xf,
    0x50, 0x2, 0x10, 0x1b, 0x2a, 0x40, 0x25, 0x78,
    0x1f, 0xd1, 0x85, 0x0, 0x2f, 0xfb, 0xbf, 0x47,
    0xb0, 0x3, 0x97, 0xf6, 0xe1, 0x40, 0x40, 0x3f,
    0xf8, 0x97, 0x88, 0x1, 0xfe,

    /* U+62A4 "护" */
    0x0, 0x17, 0x0, 0x63, 0xb0, 0xf, 0xfe, 0x1,
    0xbb, 0x0, 0x7f, 0x1b, 0x31, 0x71, 0x98, 0x21,
    0xfa, 0x3e, 0xf7, 0x6f, 0x3, 0xf9, 0x30, 0xec,
    0x1e, 0x70, 0x59, 0x9c, 0x20, 0x1, 0x10, 0x8,
    0x7, 0xfc, 0x22, 0x96, 0x7, 0xff, 0xc2, 0x3,
    0x78, 0x1e, 0xe0, 0xfd, 0xd8, 0x80, 0x7b, 0x5,
    0x84, 0xb8, 0x47, 0x69, 0x2, 0x88, 0x4, 0xea,
    0x1, 0xff, 0x11, 0xc, 0x3, 0xf8, 0xc2, 0x18,
    0x3, 0xf4, 0xea, 0x3, 0x40, 0x7, 0xe9, 0xf9,
    0xc, 0x10, 0xf, 0x80,

    /* U+62A5 "报" */
    0x0, 0x17, 0x0, 0x7f, 0xf1, 0x2f, 0xff, 0xac,
    0x3, 0xf5, 0x7f, 0xd2, 0x20, 0x3f, 0xa3, 0xf0,
    0x1, 0x21, 0xe1, 0x0, 0xf6, 0x7, 0x40, 0x5,
    0x97, 0xb2, 0x0, 0x11, 0xc0, 0x8, 0xb3, 0x36,
    0x50, 0x80, 0x4, 0x52, 0xe0, 0x8b, 0xfe, 0xd5,
    0x12, 0xcc, 0x7, 0x28, 0x61, 0x2, 0xa, 0x1,
    0xd6, 0xb, 0x90, 0x2, 0x20, 0x33, 0x20, 0x16,
    0x10, 0xe, 0x47, 0xc4, 0x30, 0xf, 0xf6, 0x16,
    0x80, 0x7f, 0x9e, 0x6a, 0x64, 0x21, 0xda, 0x80,
    0x16, 0x5e, 0x2f, 0x92, 0x7, 0x7d, 0x0, 0x2e,
    0x70, 0x80, 0x6d, 0x40,

    /* U+62AC "抬" */
    0x0, 0xff, 0xe2, 0x70, 0x80, 0x47, 0xa0, 0x1f,
    0xfc, 0x9, 0xa0, 0xf, 0xf8, 0xd1, 0xc2, 0x84,
    0x1, 0x3e, 0x3d, 0x41, 0xf6, 0x0, 0xca, 0x0,
    0x4f, 0x8e, 0xd4, 0x0, 0xab, 0xa, 0x38, 0x6,
    0x30, 0x71, 0x8f, 0xfa, 0x24, 0x40, 0x28, 0x87,
    0xee, 0x54, 0xc3, 0xe8, 0xbe, 0x88, 0x51, 0xe6,
    0x78, 0x80, 0xf8, 0x60, 0x9c, 0x3b, 0xb1, 0x80,
    0x10, 0xc0, 0x38, 0x8b, 0x0, 0x7f, 0xf2, 0xc4,
    0xcf, 0x0, 0x49, 0xe4, 0x20, 0x3, 0x88, 0xc0,
    0x10,

    /* U+62C6 "拆" */
    0x0, 0x26, 0x0, 0x70, 0xad, 0x30, 0x7, 0xc9,
    0x5b, 0xfd, 0xa8, 0x1, 0xf6, 0x7, 0xf5, 0xb9,
    0x0, 0xfd, 0x9f, 0xb8, 0x11, 0x0, 0x38, 0x7a,
    0x8f, 0x9c, 0x9, 0x57, 0x8c, 0x4, 0x40, 0x20,
    0x7, 0xff, 0x57, 0xf9, 0x80, 0x21, 0x73, 0xa,
    0xa8, 0x2a, 0x8a, 0x33, 0x45, 0xc2, 0x20, 0xb6,
    0x0, 0xe1, 0x93, 0x92, 0x2a, 0x34, 0x10, 0x0,
    0x30, 0x60, 0x12, 0xb9, 0xd8, 0x4d, 0x88, 0x7,
    0x18, 0x10, 0x5, 0xb8, 0x1, 0x9c, 0x29, 0x80,
    0x39, 0xc4, 0x2a, 0xf0, 0xa, 0x40, 0x3e,

    /* U+62C9 "拉" */
    0x0, 0xff, 0xe2, 0x26, 0x0, 0x66, 0x90, 0xf,
    0xfe, 0x2, 0xb8, 0x7, 0xf9, 0x10, 0xe8, 0x98,
    0x43, 0xec, 0xfd, 0x62, 0x26, 0x88, 0x88, 0x3e,
    0x8f, 0xd7, 0x3b, 0x32, 0x9d, 0x30, 0x0, 0x80,
    0x43, 0x80, 0x15, 0x98, 0x7, 0x21, 0x8, 0x8,
    0x8, 0x88, 0x0, 0xf0, 0x70, 0x0, 0x55, 0x1,
    0x18, 0x5, 0xaa, 0x78, 0x40, 0x44, 0x5, 0x50,
    0x5, 0x5a, 0x1, 0xbb, 0xc3, 0xf0, 0x3, 0xf8,
    0x80, 0x8, 0xe0, 0x1f, 0x1a, 0xe, 0xa1, 0xb2,
    0x10, 0x45, 0xa0, 0x4f, 0xfe, 0x5f, 0xf2, 0x80,

    /* U+62D2 "拒" */
    0x0, 0x1e, 0x80, 0x7f, 0xf1, 0x33, 0xff, 0xca,
    0x1, 0xf5, 0x7f, 0xf2, 0x97, 0x69, 0x73, 0x80,
    0x7e, 0x2e, 0xd2, 0xe7, 0xa, 0xff, 0xc8, 0x1,
    0xfa, 0xbf, 0xe4, 0x0, 0xe3, 0x87, 0x0, 0xfc,
    0x33, 0xa2, 0x24, 0x0, 0xfe, 0x18, 0x29, 0x30,
    0xaf, 0xf9, 0x0, 0x3, 0xa, 0x1, 0xab, 0xff,
    0x20, 0x7, 0xff, 0x28, 0x8c, 0xf8, 0x82, 0xf5,
    0x0, 0xb, 0x5d, 0xdd, 0x60,

    /* U+62D4 "拔" */
    0x0, 0xf, 0x0, 0x56, 0x81, 0x46, 0x1, 0xff,
    0xc0, 0xee, 0x38, 0x4, 0x60, 0x2, 0x36, 0x23,
    0x79, 0xe1, 0x2f, 0xd1, 0xff, 0x8a, 0xff, 0xd0,
    0xae, 0x5f, 0xc3, 0xfb, 0x85, 0xf9, 0x99, 0x80,
    0x3e, 0x26, 0x33, 0x84, 0x3, 0x8c, 0x84, 0x3e,
    0x21, 0xd2, 0x0, 0x5b, 0x1f, 0x15, 0xe, 0xbb,
    0x3e, 0x0, 0xc9, 0xe, 0x1e, 0x24, 0x1, 0x3a,
    0x0, 0xe4, 0x80, 0x4b, 0xb, 0x53, 0x60, 0x1f,
    0x28, 0x1c, 0x22, 0xb0, 0x7, 0x86, 0xe4, 0xb1,
    0x11, 0xa8, 0x0, 0x9f, 0x44, 0x32, 0xfd, 0x55,
    0x12, 0xa1, 0x3d, 0x4b, 0x3, 0xac, 0x0, 0x5d,
    0x50,

    /* U+62DF "拟" */
    0x0, 0x70, 0x80, 0x7f, 0xf0, 0xf1, 0x8, 0x2,
    0xf1, 0x0, 0xfd, 0xe4, 0x1, 0x8, 0x4f, 0x8f,
    0x30, 0x2, 0xe4, 0x4, 0x40, 0x9, 0xf1, 0xd6,
    0x0, 0x32, 0x91, 0xc, 0x3, 0x8c, 0x3, 0x3a,
    0x33, 0x0, 0x39, 0xd0, 0x2, 0x96, 0x23, 0x0,
    0x35, 0x8e, 0x38, 0x7, 0x60, 0x6, 0xe1, 0xb3,
    0x0, 0x26, 0xa, 0x30, 0x1, 0x94, 0x3, 0x7c,
    0xfc, 0xaa, 0x98, 0x3, 0xc4, 0x3a, 0x2f, 0x1f,
    0x60, 0x1e, 0x8a, 0x2f, 0x82, 0x43, 0x3b, 0xc8,
    0x41, 0x81, 0x54, 0xe0, 0xa, 0x20,

    /* U+62E5 "拥" */
    0x0, 0x71, 0x0, 0x7f, 0xf0, 0xa3, 0xff, 0xd2,
    0x22, 0x1, 0x10, 0x47, 0xda, 0x7d, 0x1c, 0xe0,
    0xec, 0x0, 0x7e, 0x8d, 0x1c, 0x90, 0x9c, 0x94,
    0xc8, 0x0, 0xf9, 0xba, 0xcf, 0xa8, 0x3, 0x22,
    0x87, 0x91, 0x1c, 0x88, 0x9, 0x43, 0x66, 0x20,
    0x22, 0x71, 0x20, 0xc3, 0x1f, 0x63, 0x9c, 0x83,
    0xc9, 0x8, 0x90, 0x9, 0xf3, 0x65, 0x36, 0xc0,
    0x38, 0x4c, 0x80, 0x3f, 0x8e, 0x58, 0x3, 0xe4,
    0xf3, 0x4, 0x90, 0xd, 0x54, 0xd4, 0xfd, 0x1c,
    0x10, 0x2, 0x5d, 0x7b, 0x80,

    /* U+62E6 "拦" */
    0x0, 0x61, 0x80, 0x20, 0x80, 0xa, 0xe0, 0x1f,
    0xba, 0x40, 0x10, 0x60, 0x1c, 0xe0, 0x6, 0x71,
    0x56, 0x40, 0x3, 0xf9, 0xdd, 0xa7, 0x47, 0x29,
    0x75, 0xc1, 0xfc, 0xf2, 0xed, 0xff, 0x6e, 0x7b,
    0x0, 0x78, 0x8b, 0xe1, 0x0, 0xd7, 0x0, 0x1f,
    0xcd, 0xa6, 0x6e, 0x2f, 0xfe, 0xc0, 0x1, 0x49,
    0xc3, 0x17, 0x77, 0x60, 0x1, 0x10, 0x1, 0x84,
    0x78, 0x3, 0xff, 0x92, 0x9b, 0xbf, 0x80, 0xfc,
    0x49, 0x3f, 0xff, 0x0,

    /* U+62E9 "择" */
    0x0, 0x5a, 0x0, 0x7f, 0xf0, 0xeb, 0xff, 0xc2,
    0x1, 0xea, 0x58, 0xff, 0x43, 0x88, 0x47, 0xa5,
    0xf0, 0x55, 0xbc, 0xf4, 0x0, 0x23, 0xd2, 0xf8,
    0x1, 0x70, 0xfa, 0x1, 0xf0, 0xcf, 0x75, 0x51,
    0xb0, 0x1, 0x3c, 0x43, 0x3e, 0x68, 0x33, 0xf0,
    0x1f, 0xcd, 0x20, 0xb7, 0x12, 0x72, 0x50, 0x13,
    0x93, 0x5, 0xbf, 0xc7, 0x5f, 0x0, 0x3, 0x10,
    0x8, 0x4c, 0xc0, 0x67, 0x0, 0x79, 0x3f, 0xe3,
    0xbf, 0xf7, 0x0, 0x72, 0x7f, 0xc7, 0x7f, 0xee,
    0x2, 0xf5, 0x50, 0x7, 0xf8, 0xbf, 0x84, 0x3,
    0x62, 0x0, 0x60,

    /* U+62EC "括" */
    0x0, 0x69, 0x80, 0x61, 0x47, 0xc4, 0x0, 0xf2,
    0x6f, 0x7d, 0x4, 0x20, 0x9, 0x3, 0x12, 0x67,
    0x51, 0x3a, 0x0, 0x1b, 0xca, 0xe4, 0x4, 0x3,
    0xe7, 0xd2, 0xdb, 0x7b, 0xb4, 0x1d, 0xdc, 0xa0,
    0x1c, 0xbf, 0xeb, 0x2f, 0xf9, 0x0, 0x24, 0x92,
    0x44, 0x18, 0xa2, 0x42, 0xb6, 0x54, 0x20, 0x1f,
    0xc7, 0x85, 0xd0, 0xdf, 0xeb, 0x3f, 0xf3, 0x83,
    0x38, 0x6, 0x5f, 0xfc, 0xc0, 0x1f, 0xfc, 0xa1,
    0x33, 0xe0, 0x2, 0x78, 0x10, 0x1, 0x7f, 0xf2,
    0x0, 0x13, 0xf4, 0x41, 0xbb, 0x33, 0x73, 0x80,

    /* U+62FC "拼" */
    0x0, 0x70, 0x80, 0x21, 0x0, 0x3, 0xa0, 0x1f,
    0xb2, 0x40, 0xc, 0xe0, 0x1, 0x21, 0x21, 0x4,
    0x62, 0x9, 0x90, 0x2, 0x7c, 0x39, 0xef, 0xd3,
    0x7c, 0x73, 0x1, 0x1a, 0x38, 0xd7, 0xe1, 0xfe,
    0xf, 0xc0, 0xf, 0xfe, 0x33, 0x18, 0x7, 0xf2,
    0xd8, 0xe2, 0xff, 0x83, 0xfc, 0x1f, 0xe1, 0x3e,
    0xa, 0x6f, 0xd1, 0xff, 0x7, 0x78, 0xb2, 0x88,
    0x4, 0xe8, 0x1, 0x8, 0x7, 0xe9, 0xf0, 0xf,
    0xf9, 0xc1, 0x40, 0x3c, 0x9e, 0x42, 0x75, 0xa0,
    0x1f, 0x27, 0xe0, 0x1e, 0x88, 0x5, 0xe0, 0x10,

    /* U+62FE "拾" */
    0x0, 0x1e, 0x80, 0x61, 0xd0, 0xf, 0xfe, 0x4,
    0x93, 0x0, 0x7f, 0x89, 0xee, 0x4, 0x2, 0xfc,
    0x2f, 0x60, 0xf8, 0x48, 0xa0, 0xb, 0x6c, 0xb5,
    0xed, 0x9c, 0x18, 0x2c, 0x0, 0x4e, 0x5, 0x62,
    0x1d, 0xd0, 0x83, 0x0, 0x66, 0xca, 0xbe, 0xea,
    0xad, 0x86, 0xb4, 0x85, 0x1b, 0x77, 0x8c, 0x7,
    0xe8, 0x9c, 0x85, 0xf3, 0x21, 0x70, 0x2, 0xb8,
    0x6, 0x31, 0x18, 0x3, 0xff, 0x98, 0xf9, 0x91,
    0x80, 0x53, 0xaa, 0x1, 0x27, 0xfc, 0x40, 0x14,
    0xf4, 0x0, 0x1e, 0x8c, 0xed, 0x40,

    /* U+62FF "拿" */
    0x0, 0xff, 0xe4, 0x27, 0x10, 0x7, 0xf1, 0x54,
    0x43, 0xe0, 0x40, 0x30, 0xb5, 0xe8, 0x49, 0xc2,
    0x7d, 0xb0, 0x85, 0xfc, 0x56, 0x19, 0xd5, 0xff,
    0x30, 0x54, 0x6f, 0x6e, 0xf6, 0x3c, 0xb8, 0x4,
    0x3f, 0xfe, 0x7, 0x0, 0xc3, 0x6, 0x7e, 0x47,
    0x0, 0xcf, 0x99, 0xab, 0x30, 0xc, 0x1, 0x8b,
    0xba, 0xc2, 0xee, 0x60, 0x20, 0x4, 0x67, 0x80,
    0x6, 0x78, 0x40, 0x13, 0x55, 0xac, 0x2a, 0xb4,
    0xb0, 0x4e, 0x66, 0xd1, 0xcc, 0xe6, 0x0, 0xc5,
    0xb8, 0x80, 0x1f, 0xe2, 0xdd, 0x50, 0x7, 0x80,

    /* U+6301 "持" */
    0x0, 0xff, 0xe2, 0x69, 0x0, 0x63, 0xc0, 0xf,
    0xf0, 0x89, 0xc0, 0x44, 0x1, 0xf1, 0xf7, 0x2c,
    0xfb, 0x98, 0x13, 0xe5, 0xb2, 0x7f, 0xec, 0x3f,
    0xf6, 0x4, 0xf9, 0x64, 0x99, 0xca, 0x26, 0x70,
    0x80, 0x42, 0x11, 0xfe, 0xa1, 0xed, 0xf4, 0x0,
    0xa9, 0xaf, 0x33, 0x5b, 0xe2, 0xbe, 0x90, 0xa5,
    0xf7, 0x69, 0x6e, 0x53, 0xf2, 0xb2, 0xaa, 0x6f,
    0xfa, 0x17, 0xd5, 0x8, 0x2, 0x11, 0x70, 0x8c,
    0x62, 0x1, 0xf2, 0xb3, 0x80, 0x7f, 0xf0, 0x25,
    0x40, 0x38, 0xfc, 0x8, 0x2, 0x21, 0xf9, 0xf0,
    0x1, 0xfe, 0x80, 0x71, 0xff, 0x98, 0x0,

    /* U+6302 "挂" */
    0x0, 0x26, 0x0, 0x61, 0xe0, 0xf, 0xfe, 0x8,
    0x80, 0x7f, 0xbf, 0xdc, 0x1f, 0xec, 0x0, 0x7d,
    0x9f, 0xa7, 0x73, 0x3, 0xb9, 0xa0, 0xf, 0xa3,
    0xf4, 0x11, 0x10, 0x8, 0xc0, 0x10, 0x80, 0x1b,
    0x75, 0x81, 0xbb, 0x30, 0x4, 0x2e, 0x7f, 0xee,
    0x5f, 0xf9, 0xc6, 0xec, 0x60, 0x84, 0x52, 0x91,
    0x42, 0x2f, 0xa2, 0x72, 0xee, 0x83, 0xba, 0x0,
    0x20, 0x80, 0xf, 0xfd, 0xa1, 0xff, 0x0, 0x7c,
    0x22, 0x30, 0x11, 0x80, 0x33, 0x8c, 0xcd, 0x61,
    0x33, 0x30, 0x65, 0x60, 0x7f, 0xd9, 0x3f, 0xf1,
    0x0,

    /* U+6307 "指" */
    0x0, 0xff, 0xe2, 0x1e, 0x80, 0x34, 0xc0, 0x3f,
    0xf8, 0x69, 0x3c, 0xc0, 0x1f, 0xbb, 0x9f, 0xd8,
    0xc0, 0x5f, 0x85, 0xee, 0x11, 0xd6, 0xe4, 0x8c,
    0x5b, 0x45, 0xac, 0x2, 0x1, 0xb7, 0x80, 0x98,
    0x8, 0x6e, 0xbf, 0xf2, 0x50, 0x6, 0x55, 0x37,
    0x7f, 0xed, 0x21, 0x8e, 0x2c, 0x6d, 0xee, 0xef,
    0x0, 0x7d, 0x94, 0x98, 0x67, 0x76, 0x0, 0xb,
    0xa8, 0x6, 0xcd, 0xdc, 0x1, 0xfd, 0x9b, 0xb8,
    0x3, 0xf9, 0xcc, 0xf0, 0x5, 0x3a, 0x80, 0x17,
    0x44, 0x60, 0xa, 0x7a, 0x40, 0x1b, 0x77, 0xde,
    0x0,

    /* U+6309 "按" */
    0x0, 0xff, 0xe2, 0x5a, 0x0, 0x6c, 0x50, 0xf,
    0xf0, 0x89, 0x7c, 0x46, 0x0, 0xf6, 0xf7, 0x19,
    0x7b, 0xa0, 0x9f, 0x4b, 0xb0, 0x6f, 0xcf, 0xfc,
    0x0, 0x9f, 0x3b, 0xb3, 0x9a, 0xd0, 0x4, 0x60,
    0x13, 0x80, 0xf2, 0xf2, 0xa2, 0x50, 0x1, 0xcb,
    0xf0, 0x85, 0xf3, 0x5e, 0x40, 0x8d, 0x53, 0x6a,
    0xd7, 0x64, 0x6b, 0x2a, 0x83, 0xbd, 0x26, 0xd0,
    0x3, 0xd0, 0x2, 0xb1, 0x44, 0xa, 0x6a, 0x92,
    0x84, 0x1, 0xf9, 0xb9, 0xd8, 0xc0, 0x3f, 0xb,
    0x6b, 0x61, 0x69, 0x81, 0xf3, 0x28, 0x66, 0x26,
    0xce, 0xed, 0x0, 0x7d, 0xa2, 0x1b, 0x48, 0x1,
    0x35, 0x80,

    /* U+6324 "挤" */
    0x0, 0xff, 0xe2, 0x70, 0x80, 0x6d, 0x0, 0xfe,
    0x14, 0x48, 0x61, 0x12, 0x0, 0xe5, 0x8b, 0x90,
    0x49, 0xb8, 0x17, 0xf1, 0xe3, 0xc7, 0x5c, 0xc3,
    0x4e, 0xb, 0xf8, 0xeb, 0x84, 0x2a, 0x9d, 0xcc,
    0x1, 0xc6, 0x1, 0x45, 0x44, 0x0, 0x3d, 0xd,
    0x3b, 0x32, 0x89, 0xd9, 0x24, 0xb1, 0x4, 0xfa,
    0x96, 0x7a, 0x9c, 0x20, 0xe0, 0x82, 0x6f, 0xd0,
    0x5, 0x3a, 0x82, 0x28, 0x80, 0x6f, 0x0, 0xff,
    0xe0, 0x29, 0x80, 0x7f, 0xd2, 0x28, 0x1, 0xe2,
    0xf2, 0x17, 0xc, 0x0, 0xf8,

    /* U+632F "振" */
    0x0, 0x69, 0x0, 0x7f, 0xf0, 0xe3, 0xff, 0xda,
    0x0, 0x13, 0x10, 0x4, 0x7f, 0xf6, 0x83, 0x78,
    0xec, 0x0, 0x3b, 0xb9, 0x81, 0xb8, 0xb2, 0x0,
    0x1d, 0xdc, 0xc0, 0x1f, 0x6b, 0x37, 0x28, 0x6,
    0x74, 0x6, 0x8c, 0x8f, 0xe2, 0x4, 0xa2, 0x81,
    0x15, 0x94, 0xb6, 0xe7, 0x80, 0xe0, 0xfa, 0x80,
    0x80, 0x32, 0x21, 0x20, 0xac, 0x60, 0x2, 0x20,
    0x1, 0x7, 0x44, 0x3, 0xca, 0xa0, 0xa, 0xec,
    0x1, 0xe3, 0x30, 0x8a, 0x35, 0x46, 0x40, 0x1c,
    0x4, 0xb4, 0x0, 0xdd, 0x1d, 0xf8, 0x3, 0xb4,
    0x19, 0xc3, 0x58, 0x2, 0x60,

    /* U+6362 "换" */
    0x0, 0xff, 0xe2, 0x70, 0x80, 0xb, 0x80, 0x3f,
    0xf8, 0x10, 0x19, 0x93, 0x0, 0x71, 0x82, 0xbe,
    0x74, 0x1a, 0x80, 0x23, 0xc7, 0x6a, 0x96, 0x22,
    0x96, 0x0, 0xa3, 0xc7, 0x78, 0x76, 0x71, 0x8f,
    0xc, 0x3, 0x1a, 0x17, 0xd0, 0xcd, 0x0, 0x79,
    0xc8, 0x3, 0xf9, 0x28, 0x68, 0x3, 0x9, 0x0,
    0x62, 0xc0, 0xd9, 0x2a, 0xf0, 0xfe, 0x1d, 0x46,
    0x60, 0x85, 0xf7, 0x10, 0xd3, 0xba, 0x40, 0xf,
    0x48, 0x60, 0x48, 0x7, 0xc5, 0x65, 0x61, 0x67,
    0xa8, 0x5, 0xe4, 0x1f, 0xb6, 0x1, 0x54, 0x49,
    0x97, 0xe0, 0xeb, 0x0, 0x72, 0xe9, 0x80,

    /* U+636E "据" */
    0x0, 0x70, 0x80, 0x7f, 0xf0, 0xe3, 0xfb, 0xbc,
    0x1, 0xf3, 0xf7, 0x6f, 0x0, 0x47, 0xf, 0xc8,
    0x1b, 0xbe, 0x60, 0x4, 0x70, 0xe4, 0x80, 0x68,
    0xf0, 0x90, 0xc, 0x60, 0xc, 0x77, 0x4, 0xbb,
    0x80, 0x33, 0xa8, 0x47, 0x70, 0x3b, 0xa2, 0x5b,
    0x1d, 0x11, 0x4f, 0x70, 0x3b, 0xa2, 0xe, 0x1a,
    0x42, 0x6, 0x60, 0x33, 0x40, 0xaa, 0x0, 0x94,
    0xe8, 0x60, 0x6, 0x40, 0x38, 0x8d, 0x98, 0xef,
    0x80, 0x3d, 0x54, 0x0, 0x8, 0xe0, 0x1, 0xf1,
    0x2, 0xb0, 0x26, 0xee, 0x0, 0x1f, 0x60, 0xe8,
    0x9f, 0x66, 0x6f, 0x0,

    /* U+6377 "捷" */
    0x0, 0x68, 0x80, 0x68, 0x70, 0xf, 0x18, 0x2,
    0xee, 0x5a, 0xbb, 0x84, 0x4, 0xc, 0x22, 0x27,
    0x48, 0x88, 0x67, 0xc7, 0x65, 0xbb, 0x88, 0xfd,
    0xc2, 0x9, 0xe1, 0xe9, 0x5d, 0xd3, 0x4e, 0x81,
    0x80, 0x71, 0x6e, 0xcf, 0x3a, 0x58, 0x20, 0x15,
    0xd6, 0xec, 0xf3, 0xa5, 0x83, 0x1e, 0x25, 0x6b,
    0xba, 0x69, 0xd2, 0x0, 0x5f, 0xc, 0x98, 0xd6,
    0xb4, 0xef, 0x90, 0x18, 0x80, 0x5b, 0xe0, 0x9,
    0xdd, 0x40, 0x7, 0x9d, 0x0, 0x13, 0xba, 0x80,
    0xe, 0x74, 0xab, 0x20, 0xe, 0x4f, 0x20, 0xbb,
    0x37, 0x8c, 0xf7, 0x44, 0x9f, 0x83, 0x82, 0x9,
    0x7d, 0xd8, 0x80,

    /* U+6388 "授" */
    0x0, 0x70, 0x80, 0x62, 0x46, 0x93, 0x0, 0xf5,
    0xee, 0xa7, 0x87, 0x8, 0x3, 0xd1, 0xd, 0x28,
    0x7d, 0x60, 0x9d, 0x1f, 0x72, 0x80, 0xe5, 0x16,
    0x60, 0x5f, 0x5, 0x29, 0x3a, 0x10, 0xc3, 0x90,
    0x11, 0x8a, 0x9e, 0x7, 0x7e, 0x19, 0xb0, 0x3,
    0x2a, 0xd, 0x57, 0x80, 0xb, 0x43, 0xcd, 0x3d,
    0xdf, 0x0, 0x38, 0x2c, 0xdd, 0x2f, 0xb9, 0x28,
    0x20, 0xa8, 0x20, 0x14, 0x59, 0x2d, 0x58, 0x7,
    0xe2, 0xbd, 0xbf, 0x10, 0xf, 0x92, 0x6d, 0x4f,
    0x94, 0x41, 0x3c, 0x85, 0xa3, 0xbe, 0xb6, 0x7b,
    0x0,

    /* U+6389 "掉" */
    0x0, 0x71, 0x0, 0x6e, 0x20, 0xf, 0xfe, 0xc,
    0xdd, 0xa8, 0x3, 0xfd, 0xbf, 0xee, 0x9, 0xf1,
    0xda, 0x66, 0x84, 0x44, 0x44, 0x9, 0xf1, 0xca,
    0x8e, 0x18, 0x1, 0x91, 0x0, 0xc2, 0x0, 0xa6,
    0x6c, 0x20, 0x1c, 0xc6, 0x1d, 0xbb, 0x84, 0x0,
    0x72, 0x30, 0xc1, 0x1f, 0xf8, 0x2, 0x6f, 0x1e,
    0x57, 0xe9, 0xc8, 0x95, 0x0, 0x2b, 0x0, 0x53,
    0x54, 0x19, 0xaa, 0x8, 0x7, 0x67, 0xfc, 0x3b,
    0xff, 0x8, 0x6, 0xcf, 0xf8, 0x77, 0xfe, 0x16,
    0xf3, 0x20, 0xf, 0xf3, 0x7e, 0x80, 0x77, 0x90,
    0x6,

    /* U+638C "掌" */
    0x0, 0x24, 0x80, 0x35, 0x0, 0x12, 0xa0, 0x19,
    0x10, 0x60, 0x19, 0x51, 0x40, 0x2c, 0xe2, 0xde,
    0x2a, 0xeb, 0x2e, 0xd0, 0x1, 0x7f, 0xbb, 0x9f,
    0xdd, 0x7e, 0x18, 0x0, 0xc3, 0xae, 0xfb, 0x3c,
    0xcc, 0x0, 0xd1, 0x9, 0xaa, 0xdc, 0x3, 0xa0,
    0x19, 0xe2, 0xef, 0x71, 0x0, 0x74, 0x90, 0x89,
    0xd8, 0x56, 0x88, 0x2, 0x2c, 0xee, 0x8d, 0x3b,
    0x9, 0xc8, 0x2, 0x33, 0xc0, 0x3, 0x3c, 0x0,
    0x2e, 0xaa, 0xc2, 0x95, 0x5b, 0x88, 0x99, 0x9c,
    0x7f, 0x99, 0xc4, 0x1, 0xaf, 0x4, 0x80, 0x3f,
    0xd7, 0x9a, 0x20, 0x1e,

    /* U+6392 "排" */
    0x0, 0x1e, 0x0, 0x6f, 0x8, 0x70, 0xf, 0xfe,
    0x53, 0xb8, 0x2, 0xc7, 0x50, 0xfc, 0x3f, 0x5e,
    0xe0, 0x4, 0xfc, 0x61, 0xf6, 0x7e, 0xb3, 0x20,
    0xa, 0xe5, 0x80, 0xe, 0x1, 0x19, 0x80, 0x2e,
    0x32, 0x0, 0xc4, 0x48, 0x80, 0x4, 0x90, 0x81,
    0x1e, 0x70, 0x37, 0x60, 0xa, 0xad, 0x83, 0x64,
    0xe9, 0xb3, 0x0, 0x15, 0x5d, 0x2, 0xb0, 0x1,
    0x3f, 0xc0, 0x12, 0x7c, 0x80, 0x70, 0x99, 0x80,
    0x2e, 0x43, 0x0, 0xff, 0xe1, 0xc6, 0xa0, 0x7,
    0xf8,

    /* U+63A2 "探" */
    0x0, 0x70, 0x80, 0x7f, 0xf0, 0xff, 0xbb, 0xe0,
    0xf, 0xf, 0x7f, 0x7f, 0x70, 0x0, 0xfe, 0x3c,
    0xf2, 0xb8, 0xd, 0x83, 0x0, 0xfe, 0x3a, 0xe7,
    0x7c, 0xe, 0x98, 0xe0, 0x18, 0xca, 0xec, 0x6e,
    0x11, 0x50, 0x1, 0xa5, 0xf9, 0x42, 0x44, 0x1e,
    0x41, 0x30, 0x45, 0xbd, 0xfe, 0x1e, 0xff, 0x50,
    0x2, 0x46, 0x21, 0xfe, 0x30, 0x2e, 0xfa, 0x4,
    0x50, 0xd, 0x8, 0x31, 0xa0, 0x1f, 0xa0, 0xe0,
    0x12, 0xac, 0x40, 0x3a, 0xca, 0xc0, 0x26, 0xec,
    0x2, 0xe3, 0x1a, 0xa0, 0x7, 0x2e, 0x81, 0x76,
    0x80, 0x80, 0x5c, 0x20, 0x18,

    /* U+63A5 "接" */
    0x0, 0x70, 0x80, 0x45, 0x40, 0x1f, 0xe1, 0x11,
    0xa2, 0x4, 0x40, 0x1f, 0x66, 0x47, 0x39, 0x88,
    0x6, 0xc1, 0xd5, 0xd7, 0xed, 0xd0, 0xfc, 0x3,
    0xf0, 0xfa, 0x4, 0xd0, 0x3a, 0x90, 0x0, 0x48,
    0x9, 0xbb, 0x5f, 0xa5, 0xfb, 0x80, 0x19, 0xd3,
    0xb8, 0xd3, 0xdd, 0x81, 0xb0, 0x7e, 0x73, 0xf,
    0x59, 0x98, 0x57, 0x86, 0x2f, 0x82, 0x7f, 0x82,
    0xb8, 0x4c, 0x80, 0x2, 0xa4, 0x50, 0x93, 0x10,
    0x7, 0x9e, 0xff, 0xb6, 0xc0, 0x3f, 0x8, 0x9,
    0xa5, 0xb8, 0x0, 0xbc, 0x85, 0xf3, 0x1d, 0xb5,
    0x98, 0x70, 0x2f, 0xc0, 0x7d, 0x94, 0x0, 0x15,
    0xb8, 0x0,

    /* U+63A7 "控" */
    0x0, 0x70, 0x80, 0x6d, 0x10, 0xf, 0xe2, 0x28,
    0x64, 0x8a, 0x0, 0xc6, 0x3b, 0xfe, 0x15, 0xff,
    0x68, 0xcf, 0x8e, 0xc0, 0xef, 0xee, 0xe1, 0x9,
    0xf1, 0xe9, 0xb3, 0xf1, 0x5c, 0x1d, 0x10, 0xe,
    0x6e, 0xe0, 0xad, 0x61, 0x0, 0x62, 0x1f, 0x93,
    0x0, 0x35, 0xb0, 0xb, 0xe, 0x25, 0x6c, 0xce,
    0xf7, 0x8, 0xc0, 0xe5, 0x57, 0xf9, 0xc7, 0xfc,
    0x0, 0x9a, 0x10, 0x1, 0xb3, 0xe, 0xd9, 0x80,
    0x1f, 0xfc, 0x86, 0x77, 0x8e, 0x9d, 0xe0, 0x4f,
    0x21, 0x30, 0xa, 0x78, 0x3, 0x0,

    /* U+63A8 "推" */
    0x0, 0x69, 0x0, 0x16, 0xa, 0x80, 0x3f, 0xdf,
    0xc4, 0xe8, 0x1, 0xf8, 0x54, 0xd1, 0xf1, 0xc,
    0x2b, 0xcb, 0x6e, 0x43, 0xbd, 0x4f, 0xec, 0x2b,
    0xcb, 0x65, 0xca, 0xec, 0x35, 0x70, 0x1, 0xdc,
    0xa0, 0x66, 0x15, 0x32, 0x0, 0xcc, 0xb2, 0x51,
    0x0, 0xf8, 0x40, 0x4a, 0x2f, 0xc0, 0x2b, 0xb0,
    0xd5, 0xb0, 0x2, 0x46, 0x54, 0xb, 0xb8, 0x3f,
    0xce, 0x8, 0x66, 0x0, 0x8b, 0xb8, 0x39, 0xce,
    0x1, 0xff, 0x18, 0x7, 0xf1, 0x6e, 0x87, 0x37,
    0x40, 0x7e, 0x4, 0x0, 0x2f, 0xf6, 0xff, 0xc0,
    0x7f, 0xa0, 0x3, 0xd2, 0x2f, 0x0,

    /* U+63A9 "掩" */
    0x0, 0xff, 0xe2, 0x70, 0x80, 0x6d, 0x20, 0xf,
    0xe2, 0x22, 0x98, 0x11, 0x40, 0x1c, 0x59, 0x8a,
    0xc, 0xdc, 0xc1, 0x47, 0x8f, 0x2f, 0x41, 0x77,
    0xb, 0x78, 0xa3, 0xc7, 0x5d, 0x63, 0xdd, 0xdd,
    0xc1, 0x0, 0xc6, 0xf4, 0x3f, 0x32, 0xe2, 0xf2,
    0x0, 0x98, 0x69, 0x36, 0x65, 0xac, 0xe4, 0xda,
    0x3c, 0x8c, 0xb9, 0x32, 0xc7, 0xf0, 0x2e, 0x18,
    0x20, 0x5c, 0x99, 0x63, 0x80, 0x10, 0xc0, 0x32,
    0xdd, 0x52, 0xdc, 0x3, 0xe1, 0x6a, 0x55, 0x57,
    0x90, 0x80, 0x71, 0x40, 0xff, 0x84, 0x5a, 0x49,
    0xe4, 0x20, 0x18, 0xe7, 0xb8, 0x86,

    /* U+63CF "描" */
    0x0, 0x70, 0x80, 0xb, 0x80, 0x12, 0x80, 0x1f,
    0xfc, 0x9c, 0xf1, 0xdd, 0x3c, 0xea, 0x47, 0x8f,
    0x47, 0xc0, 0x77, 0x16, 0xf9, 0x63, 0xc7, 0x60,
    0xdc, 0x4c, 0xc4, 0x43, 0x10, 0x8, 0xc0, 0x9e,
    0xd5, 0x58, 0x24, 0x1, 0x91, 0x15, 0x39, 0xd7,
    0x93, 0x40, 0x72, 0x30, 0x21, 0x73, 0xeb, 0x36,
    0x0, 0xb0, 0x6, 0x28, 0x71, 0x99, 0xcf, 0x80,
    0x11, 0x22, 0x1, 0x24, 0x59, 0x42, 0x0, 0x7e,
    0xab, 0x85, 0xba, 0x0, 0xfd, 0x75, 0xeb, 0x54,
    0x0, 0x27, 0x90, 0x80, 0x17, 0xbe, 0xb9, 0xc0,
    0x9, 0xf8, 0x0, 0x89, 0x44, 0xd5, 0x0,

    /* U+63D0 "提" */
    0x0, 0x70, 0x80, 0x7f, 0xf0, 0xd3, 0xf3, 0x37,
    0x88, 0x7, 0xc7, 0x11, 0x80, 0x28, 0xd1, 0xc8,
    0x0, 0x8, 0xe0, 0xa, 0x34, 0x72, 0x0, 0xa6,
    0x70, 0x7, 0xe4, 0xfd, 0xdd, 0xc2, 0x1, 0xa5,
    0xfb, 0xff, 0xda, 0xb, 0x62, 0x49, 0xdf, 0xc9,
    0x7d, 0xcd, 0x2, 0xc1, 0xb3, 0x2c, 0x0, 0xf9,
    0xdc, 0x1, 0x23, 0x0, 0x2f, 0x74, 0x60, 0x1e,
    0xa5, 0x20, 0xbd, 0xd1, 0x80, 0x72, 0x86, 0x7b,
    0x80, 0x72, 0x79, 0x4, 0x71, 0x73, 0xdf, 0xfc,
    0x69, 0xf8, 0x3a, 0x40, 0x75, 0xdf, 0xf1, 0x80,

    /* U+63D2 "插" */
    0x0, 0x70, 0x80, 0x61, 0x36, 0x91, 0x0, 0xf1,
    0xf7, 0x33, 0x7b, 0x0, 0x3e, 0x3e, 0xe8, 0xa1,
    0x44, 0x17, 0x7, 0x14, 0xce, 0x51, 0x33, 0x85,
    0x20, 0x21, 0x2a, 0x21, 0x45, 0x11, 0x28, 0xa0,
    0xa0, 0xcd, 0xff, 0x8e, 0xee, 0x40, 0x8, 0x8d,
    0xbb, 0x80, 0xa, 0xea, 0x2, 0x81, 0xc4, 0x19,
    0xa0, 0x5, 0x50, 0x0, 0x84, 0x1a, 0xe1, 0xe4,
    0x0, 0x23, 0x0, 0x35, 0x9, 0x80, 0x16, 0x5c,
    0x2a, 0xc0, 0x3f, 0x55, 0xb8, 0x44, 0x0, 0x3f,
    0x5c, 0x49, 0x47, 0x0, 0x5c, 0x42, 0x0, 0x7e,
    0xc8, 0xe3, 0x0, 0xbb, 0x0, 0xf, 0x6c, 0xda,
    0x68, 0x0,

    /* U+63E1 "握" */
    0x0, 0x70, 0x80, 0x7f, 0xf0, 0xff, 0xb7, 0x77,
    0x70, 0x3, 0xef, 0xdd, 0xd8, 0x0, 0x6e, 0x1e,
    0x80, 0xcd, 0xdd, 0xe4, 0xd, 0xe1, 0xb0, 0x19,
    0xbb, 0xd8, 0x0, 0x11, 0x18, 0x3, 0x37, 0xfb,
    0x75, 0x80, 0x19, 0x4c, 0x36, 0xd3, 0xbd, 0xf0,
    0x12, 0x87, 0x9c, 0x1a, 0x46, 0xa5, 0x64, 0x1f,
    0x82, 0xd4, 0x92, 0xe5, 0x6b, 0xf4, 0xd, 0x4,
    0x15, 0x97, 0xa4, 0x2e, 0xb4, 0x3, 0xb3, 0xb,
    0x32, 0x9, 0x95, 0x80, 0x72, 0xa8, 0x8c, 0xc0,
    0x66, 0x20, 0x4f, 0x25, 0x6b, 0xff, 0x83, 0xfe,
    0x64, 0xfc, 0x4b, 0x9f, 0xff, 0x98,

    /* U+641C "搜" */
    0x0, 0xff, 0xe2, 0x70, 0x80, 0x4, 0xf4, 0x80,
    0x3f, 0xa7, 0x10, 0x1, 0x7b, 0x40, 0x24, 0xa,
    0x2f, 0xae, 0x0, 0xbb, 0x38, 0x37, 0x8c, 0xb0,
    0x52, 0x80, 0x22, 0x80, 0xf, 0xa3, 0x8e, 0x10,
    0x80, 0xa, 0xb0, 0xf, 0xc6, 0x0, 0x13, 0x10,
    0xe, 0x74, 0x2d, 0xd1, 0x76, 0xd3, 0x81, 0xc8,
    0xeb, 0xe6, 0x45, 0xf9, 0x8a, 0x6, 0xf1, 0xa2,
    0xff, 0x71, 0xe7, 0x7c, 0x2, 0xb0, 0x0, 0x70,
    0xb3, 0xb9, 0x3, 0x20, 0x1e, 0x3e, 0xf7, 0x9b,
    0xc1, 0x0, 0xf9, 0xda, 0x19, 0x4, 0x0, 0x5e,
    0x43, 0x5d, 0xcd, 0xfe, 0xf8, 0xe2, 0x27, 0xe0,
    0x57, 0x53, 0x0, 0xb5, 0xf1, 0x0,

    /* U+642C "搬" */
    0x0, 0x70, 0x5, 0xa0, 0x1f, 0xfc, 0x2, 0x60,
    0x6, 0xeb, 0xd0, 0x3, 0x9b, 0x1f, 0x90, 0x35,
    0x80, 0xb, 0xe3, 0xe2, 0xf0, 0x80, 0x1e, 0x5f,
    0x1f, 0x1, 0xf0, 0x31, 0x0, 0x61, 0x0, 0x7b,
    0xc3, 0xbc, 0x23, 0x80, 0x30, 0xcb, 0x4a, 0xf6,
    0xf7, 0xd1, 0x1, 0x8f, 0xcb, 0x7a, 0x91, 0x3a,
    0x98, 0x1f, 0x83, 0x83, 0xe0, 0x5, 0xcf, 0x7c,
    0x1f, 0x44, 0x38, 0x80, 0x2f, 0xf2, 0x28, 0x7,
    0x13, 0xd0, 0x1, 0x9, 0x40, 0x3c, 0xa4, 0x0,
    0x1a, 0x46, 0x50, 0x2e, 0x54, 0x70, 0xc4, 0xe3,
    0xac, 0x82, 0x27, 0x5a, 0x48, 0x67, 0x5c, 0x81,
    0x69, 0x0,

    /* U+642D "搭" */
    0x0, 0x69, 0x0, 0x29, 0x0, 0x1c, 0x20, 0x1e,
    0x27, 0x77, 0x3b, 0x86, 0x5c, 0x3, 0x87, 0xc0,
    0x7f, 0xc0, 0x3e, 0x11, 0xe5, 0xab, 0xf, 0xfe,
    0xa1, 0x88, 0x4, 0x79, 0x63, 0x5, 0x64, 0xdf,
    0x8, 0x7, 0x8, 0xd, 0x9f, 0x73, 0xc, 0x3,
    0x1f, 0xe7, 0xb1, 0x4f, 0x3f, 0x50, 0x2f, 0x8d,
    0xfe, 0xfe, 0xed, 0xfb, 0xc0, 0xfa, 0x48, 0x61,
    0x1d, 0xda, 0x98, 0x8, 0x80, 0x13, 0xc, 0xcd,
    0xca, 0x20, 0x1f, 0x9, 0x9c, 0xc0, 0x1f, 0xc2,
    0x3c, 0x1, 0x1f, 0x81, 0x0, 0x13, 0x32, 0xe0,
    0x8, 0xff, 0x40, 0xb, 0xfb, 0xbb, 0x8c, 0x0,

    /* U+6444 "摄" */
    0x0, 0x70, 0x80, 0x7f, 0xf0, 0x9b, 0x75, 0x55,
    0xbe, 0x88, 0x4c, 0x15, 0xd5, 0xf3, 0x30, 0x51,
    0x27, 0x8c, 0x28, 0x19, 0x16, 0x0, 0x97, 0x7,
    0x50, 0x13, 0xbb, 0x0, 0x7f, 0x55, 0xc4, 0x24,
    0x10, 0x40, 0x87, 0x61, 0x2e, 0xa2, 0x14, 0x6,
    0x67, 0xf0, 0xf0, 0x66, 0x1, 0x9, 0x13, 0x49,
    0xf4, 0x4b, 0x27, 0x97, 0x1a, 0x28, 0x40, 0x38,
    0xe3, 0x19, 0x19, 0xee, 0x0, 0x39, 0xcd, 0xf0,
    0x22, 0xd4, 0xc0, 0x39, 0x55, 0x5e, 0x5e, 0x68,
    0x60, 0x5e, 0x44, 0x9f, 0x59, 0xf9, 0xc9, 0xe2,
    0x27, 0xe1, 0xe1, 0x1, 0x6a, 0x82, 0x69, 0x0,

    /* U+6478 "摸" */
    0x0, 0x70, 0x80, 0x7, 0x80, 0x1e, 0x1, 0xf0,
    0xde, 0x8d, 0xd8, 0x2e, 0xc0, 0x1c, 0x31, 0x1,
    0x88, 0x7, 0xc0, 0x3f, 0x8f, 0x40, 0x12, 0xac,
    0x84, 0x40, 0x7f, 0x1d, 0x84, 0xcd, 0x0, 0x6d,
    0xa8, 0x6, 0x30, 0x2, 0x55, 0x62, 0x0, 0xe7,
    0x60, 0x9c, 0xcc, 0x60, 0x4, 0xb1, 0xb0, 0x5,
    0x66, 0xe6, 0x9, 0xc0, 0x1a, 0x38, 0xcf, 0xb8,
    0x3f, 0x9c, 0x60, 0x8c, 0x0, 0x8e, 0xe8, 0xf7,
    0xba, 0x0, 0xe8, 0xee, 0x3a, 0x9d, 0x77, 0x0,
    0x3c, 0x54, 0x97, 0xf4, 0xe0, 0x4, 0xf2, 0x18,
    0xcd, 0xd0, 0x96, 0x6e, 0x81, 0x3f, 0x2, 0x39,
    0xc0, 0x22, 0xad, 0x0,

    /* U+64A4 "撤" */
    0x0, 0xff, 0xe2, 0x70, 0x5, 0x80, 0x17, 0x0,
    0x7c, 0xac, 0x30, 0xc4, 0x40, 0xf, 0x8b, 0x40,
    0x1c, 0xe0, 0xcc, 0x25, 0xf1, 0xf4, 0xe, 0xa,
    0x20, 0xc8, 0x65, 0xf1, 0xf5, 0x54, 0xad, 0x65,
    0x4a, 0xa0, 0x6, 0x5b, 0x8d, 0xf5, 0xe6, 0x20,
    0xc, 0x4d, 0x7f, 0xdb, 0x7, 0xbe, 0x5, 0x3,
    0x84, 0xfb, 0x1a, 0xce, 0x8a, 0xe, 0x21, 0xc6,
    0xf7, 0x60, 0x2, 0x91, 0x82, 0xc8, 0x80, 0x12,
    0xa8, 0x0, 0x14, 0x0, 0xf9, 0x2a, 0x80, 0x2c,
    0xe2, 0x1, 0xe7, 0xbb, 0x7d, 0x4d, 0xd0, 0x3,
    0x48, 0x2, 0x6b, 0x22, 0x3b, 0x9, 0x6, 0xe0,
    0x24, 0xb6, 0xd4, 0x80, 0x28, 0x80,

    /* U+64AD "播" */
    0x0, 0x70, 0x80, 0x4, 0xd1, 0xa2, 0x84, 0x3,
    0x8b, 0x2a, 0x6c, 0x77, 0x4, 0x3, 0x8b, 0x5e,
    0x85, 0x87, 0x40, 0x13, 0xc3, 0xf0, 0x2c, 0x20,
    0x8, 0x80, 0x2, 0x30, 0x68, 0x39, 0x38, 0x78,
    0xb7, 0x0, 0x48, 0x16, 0x3a, 0x8c, 0x55, 0xfb,
    0x0, 0x34, 0xab, 0x46, 0x85, 0x8d, 0x88, 0x2e,
    0x8, 0xa7, 0x65, 0x54, 0x98, 0x58, 0x0, 0x81,
    0x8c, 0x3e, 0xc4, 0xdc, 0x48, 0x5, 0x40, 0xd,
    0x92, 0x33, 0x26, 0x0, 0xfd, 0x54, 0x1a, 0xa2,
    0x80, 0x7e, 0x63, 0x3, 0x38, 0x0, 0x9e, 0x42,
    0x0, 0x2c, 0xbc, 0xc0, 0x80, 0x13, 0xf0, 0x1,
    0x12, 0x89, 0xb1, 0x40,

    /* U+64CD "操" */
    0x0, 0x70, 0x80, 0x7f, 0xf1, 0x27, 0xb3, 0x1e,
    0x60, 0x1f, 0xd3, 0x98, 0x30, 0x9, 0xb4, 0x7d,
    0x43, 0xf2, 0xec, 0xe2, 0x0, 0x6d, 0x1f, 0x5b,
    0xd0, 0xc3, 0x9, 0xa0, 0xf, 0x35, 0x46, 0x95,
    0x4a, 0x80, 0x69, 0x40, 0x37, 0x0, 0x18, 0x80,
    0xe, 0x84, 0x99, 0xe3, 0x8c, 0xd1, 0x2c, 0xa,
    0x41, 0x65, 0x77, 0x77, 0xdd, 0xa0, 0x1a, 0x4,
    0xb, 0x31, 0xf1, 0x39, 0x92, 0x0, 0x62, 0xd9,
    0x34, 0x40, 0xfe, 0xa0, 0x6, 0x4b, 0x8f, 0xce,
    0x8c, 0x81, 0xe, 0x31, 0xde, 0xc2, 0x0, 0x27,
    0xf8, 0x40,

    /* U+64E6 "擦" */
    0x0, 0xff, 0xe2, 0x68, 0x80, 0x6c, 0x30, 0xf,
    0xea, 0xa8, 0x7a, 0xaa, 0x0, 0xe1, 0x4d, 0xc9,
    0x8e, 0xe3, 0x8a, 0xe9, 0x62, 0x45, 0x6f, 0xc7,
    0xf8, 0x44, 0xba, 0x58, 0xbc, 0x90, 0xb, 0xd9,
    0x40, 0x1c, 0x85, 0xf9, 0x13, 0x2b, 0x60, 0xc,
    0x8d, 0x94, 0xc4, 0x14, 0xe0, 0x2, 0x82, 0x86,
    0xe6, 0xd, 0xd7, 0x1d, 0x0, 0xf8, 0xe0, 0x17,
    0xe4, 0xcb, 0x74, 0x42, 0x6e, 0x60, 0x9d, 0xba,
    0x89, 0xdd, 0x60, 0x80, 0x72, 0xaa, 0x52, 0xec,
    0x88, 0x0, 0xe1, 0xc8, 0x10, 0x1, 0xdd, 0x0,
    0x30, 0x4, 0x21, 0x6d, 0xcc, 0x1f, 0xc0,

    /* U+652F "支" */
    0x0, 0xf6, 0x20, 0x7, 0xff, 0x20, 0x77, 0x78,
    0xeb, 0x77, 0x48, 0xf, 0x77, 0x14, 0xf7, 0x6b,
    0x0, 0x19, 0xf0, 0x99, 0xf1, 0x0, 0xd, 0xdf,
    0x17, 0x3b, 0xc2, 0x1, 0x3e, 0xc7, 0x71, 0xcf,
    0xb9, 0xa, 0x1, 0x25, 0x16, 0x4c, 0xe0, 0x44,
    0x0, 0x77, 0xd9, 0x80, 0x1d, 0xd4, 0x1, 0xe2,
    0xad, 0x69, 0xac, 0x10, 0xf, 0x91, 0xe5, 0xa0,
    0x80, 0x38, 0x9a, 0xbc, 0xb2, 0x2f, 0xa5, 0x44,
    0x1b, 0x37, 0x3a, 0xcd, 0xfa, 0x82, 0x70, 0x1b,
    0xad, 0x84, 0x3, 0x24, 0xe6, 0x80,

    /* U+6536 "收" */
    0x0, 0xfc, 0x20, 0x1f, 0xdc, 0x40, 0xd4, 0x1,
    0xe5, 0x10, 0xd, 0x86, 0x1, 0xeb, 0x30, 0xc,
    0x98, 0x1, 0xff, 0x18, 0xdf, 0xfe, 0x10, 0xf,
    0x50, 0xff, 0xb4, 0x7c, 0x40, 0x39, 0x98, 0x66,
    0x4, 0x50, 0xf, 0xb5, 0xa2, 0x83, 0x34, 0x3,
    0xeb, 0x95, 0x72, 0x57, 0x0, 0xc9, 0x22, 0x1,
    0x36, 0x28, 0x80, 0x8, 0x6b, 0xc4, 0x2, 0xb1,
    0xf0, 0x8, 0xaf, 0x18, 0x2, 0x2d, 0x6b, 0x20,
    0x9, 0x0, 0x32, 0xe4, 0x4c, 0x62, 0x80, 0x79,
    0xa7, 0x58, 0x1a, 0xf8, 0x0,

    /* U+6539 "改" */
    0x0, 0xfd, 0x0, 0x1e, 0xaa, 0xd2, 0x2, 0xc0,
    0x1e, 0xcc, 0xcc, 0x8, 0xa0, 0x1e, 0x66, 0x9c,
    0x1, 0xc9, 0xff, 0x84, 0x3, 0xc4, 0x97, 0xfe,
    0xe, 0x10, 0xff, 0xb8, 0x24, 0xb0, 0xc, 0x84,
    0x2, 0xce, 0xe8, 0xbd, 0x41, 0x10, 0x1, 0x88,
    0x46, 0x92, 0x13, 0xad, 0x0, 0xff, 0x56, 0x82,
    0x0, 0x79, 0x24, 0x0, 0xe3, 0x40, 0x1d, 0x7d,
    0x1e, 0x3, 0xa9, 0x26, 0x0, 0x20, 0x2c, 0xc3,
    0x2f, 0xad, 0xdb, 0x18, 0xb, 0xa0, 0x80, 0x66,
    0xe4, 0x17, 0x30, 0x0,

    /* U+653B "攻" */
    0x0, 0xf9, 0x58, 0x3, 0xff, 0x81, 0xe0, 0x1e,
    0x2f, 0xfe, 0x25, 0x41, 0x1c, 0x5, 0xd8, 0x1d,
    0xc7, 0xd, 0xee, 0xcc, 0x2, 0x42, 0x34, 0x9f,
    0xfc, 0x3a, 0xc0, 0x1c, 0xa2, 0x40, 0x2, 0x2,
    0x0, 0xf7, 0x4a, 0x28, 0x2b, 0x80, 0x7d, 0x69,
    0xf2, 0x13, 0x40, 0x1c, 0x2b, 0x26, 0xa3, 0x4a,
    0x60, 0x2, 0x9c, 0xf, 0xf1, 0x5, 0x2c, 0x0,
    0x46, 0x3d, 0xf4, 0xc2, 0x92, 0x7e, 0x1, 0xc,
    0x18, 0x0, 0xa6, 0xa9, 0x8f, 0xa6, 0x1, 0xc7,
    0xa1, 0xe8, 0x17, 0x58, 0x80, 0x18, 0xfa, 0x44,
    0x2, 0x7e, 0x40,

    /* U+653E "放" */
    0x0, 0xa0, 0x40, 0x25, 0x40, 0xf, 0x85, 0x80,
    0x2e, 0x10, 0xc, 0x2c, 0xc1, 0xe6, 0x50, 0x47,
    0x0, 0xc7, 0xf6, 0x81, 0xfa, 0x81, 0xbf, 0xf2,
    0x94, 0xbd, 0x4c, 0xa3, 0x8f, 0xfc, 0x78, 0xa0,
    0x14, 0xf7, 0x1d, 0x48, 0x0, 0x66, 0x0, 0xd1,
    0xe5, 0xb0, 0xa8, 0x83, 0x0, 0xe2, 0x17, 0xe7,
    0xdd, 0xac, 0x3, 0x30, 0x83, 0xb8, 0x1d, 0xe6,
    0x0, 0xc4, 0xa0, 0x18, 0x49, 0x44, 0x2, 0x43,
    0x10, 0x21, 0x6, 0x15, 0x40, 0xa, 0x2c, 0x0,
    0x27, 0x10, 0xfa, 0xb6, 0x4, 0x76, 0xaf, 0x58,
    0x3f, 0x24, 0xb8, 0x34, 0xb0, 0xaf, 0xa9, 0xb1,
    0x0, 0x27, 0x18,

    /* U+6545 "故" */
    0x0, 0xbc, 0x2, 0x2c, 0x0, 0xff, 0xe0, 0x3b,
    0x80, 0x3f, 0x84, 0x1, 0x84, 0x67, 0x82, 0x3f,
    0xc1, 0xdf, 0xe, 0x9d, 0xcc, 0xe1, 0x8f, 0xf0,
    0x7f, 0xb0, 0x7b, 0x70, 0x74, 0x40, 0x3d, 0x2,
    0xa0, 0x8a, 0x1, 0x3b, 0x82, 0x25, 0xeb, 0x43,
    0x30, 0x1, 0x40, 0x47, 0xb5, 0xa2, 0x8b, 0xa8,
    0x6, 0x77, 0x80, 0x27, 0xd5, 0x20, 0xf, 0xf5,
    0x1f, 0x0, 0x71, 0x9c, 0x1, 0x78, 0xf0, 0x7,
    0x7f, 0xc6, 0x6d, 0x6e, 0x7a, 0x0, 0x93, 0x32,
    0x9c, 0xaa, 0x6, 0x8e, 0x80, 0x2c, 0x2, 0x5e,
    0x70, 0x0, 0xdf, 0x80,

    /* U+6548 "效" */
    0x0, 0x9c, 0x3, 0x9c, 0x40, 0x3d, 0xae, 0x1,
    0xc, 0x8, 0x4, 0x31, 0x0, 0xb8, 0x80, 0xa9,
    0x80, 0x77, 0x6, 0x50, 0x70, 0x69, 0xff, 0xd0,
    0x2c, 0xc7, 0x72, 0xa0, 0xbe, 0xfd, 0x24, 0x4,
    0x30, 0x8a, 0x25, 0x84, 0x1, 0x98, 0x3, 0x5c,
    0x5, 0xcc, 0x41, 0xa8, 0x22, 0x0, 0xff, 0xa7,
    0xbd, 0xeb, 0xe8, 0x8c, 0xc0, 0x2, 0xa5, 0x46,
    0x4, 0x30, 0xe6, 0x0, 0xe7, 0x6, 0x0, 0xa8,
    0xe4, 0x3, 0x43, 0xe4, 0x10, 0xc, 0x8b, 0x0,
    0x50, 0xba, 0x70, 0x27, 0xf3, 0x92, 0xc0, 0x47,
    0x82, 0xc, 0x9b, 0x6e, 0x5b, 0xc, 0x56, 0x20,
    0x13, 0x7a, 0x80, 0xf, 0x98,

    /* U+654F "敏" */
    0x0, 0x30, 0x80, 0x73, 0x80, 0x70, 0xc8, 0x80,
    0x64, 0xc0, 0xe, 0x60, 0xff, 0xd4, 0x66, 0x0,
    0xe9, 0xbf, 0xfd, 0x56, 0xdb, 0xdc, 0x45, 0xb,
    0xee, 0xac, 0x8f, 0x36, 0x64, 0x8b, 0x6b, 0x35,
    0x40, 0x80, 0x70, 0xd2, 0x0, 0x19, 0x3f, 0x0,
    0x9c, 0x78, 0x3a, 0x3, 0x4b, 0xf2, 0x52, 0x9b,
    0x21, 0x88, 0x81, 0x9e, 0x9f, 0x21, 0xa8, 0x57,
    0xac, 0x2, 0x26, 0xb8, 0x11, 0x0, 0x38, 0x98,
    0x3, 0x6e, 0x24, 0x3e, 0x4, 0x8c, 0x80, 0x55,
    0xdd, 0x25, 0xee, 0x2f, 0xb3, 0x80, 0x67, 0xe6,
    0x4b, 0xb4, 0x8e, 0x51, 0x80, 0x4f, 0xda, 0x14,
    0xe0, 0x2, 0xd3,

    /* U+655B "敛" */
    0x0, 0xff, 0xe2, 0xa5, 0x0, 0x45, 0xa0, 0x1f,
    0x4a, 0x18, 0x1, 0xd8, 0x3, 0xd2, 0xdb, 0xa4,
    0xf, 0x6a, 0xa8, 0x42, 0x12, 0x8f, 0x28, 0xd6,
    0xf9, 0xf4, 0x4d, 0x5b, 0x37, 0xf5, 0x0, 0x90,
    0x14, 0xf, 0x6f, 0x76, 0x3a, 0x63, 0x3, 0x20,
    0x2, 0x93, 0xa8, 0x5e, 0x5d, 0x91, 0x40, 0x23,
    0xa3, 0xc4, 0x11, 0x10, 0xfe, 0x80, 0x4e, 0xac,
    0xbd, 0xc0, 0x5, 0x23, 0x80, 0x42, 0x85, 0xe,
    0xe0, 0x6, 0x80, 0x7a, 0xdb, 0xcb, 0xc1, 0xde,
    0xb0, 0xb, 0x7f, 0xdd, 0xcd, 0xaa, 0x64, 0x34,
    0x80, 0x33, 0x65, 0x45, 0xf, 0x44, 0x30, 0xc8,

    /* U+6563 "散" */
    0x0, 0xff, 0xe2, 0x69, 0x7, 0x80, 0x1a, 0x0,
    0x3f, 0xf8, 0x1f, 0xc0, 0x18, 0xf8, 0xb3, 0x83,
    0x95, 0x44, 0x23, 0x1, 0xf1, 0x67, 0x7, 0x29,
    0xce, 0x77, 0x99, 0xa4, 0xe2, 0x42, 0x60, 0x37,
    0x47, 0xa6, 0x39, 0x7f, 0x95, 0x8a, 0x26, 0x6,
    0x60, 0x20, 0xee, 0xc4, 0x12, 0x86, 0x60, 0x8,
    0x89, 0x32, 0xce, 0xd5, 0xbb, 0x20, 0x6, 0x7f,
    0xf4, 0x80, 0x8, 0x1e, 0x80, 0x33, 0x6e, 0xa0,
    0x2, 0x52, 0x20, 0x6, 0x6d, 0xd4, 0x0, 0x11,
    0xc1, 0x80, 0x33, 0x6e, 0xa0, 0x1a, 0xa9, 0xf2,
    0xe0, 0x1d, 0x50, 0x35, 0xa8, 0x59, 0x62, 0xf,
    0x1, 0x5d, 0x18, 0x60, 0x3, 0xc1,

    /* U+6570 "数" */
    0x3, 0x3b, 0x1, 0x84, 0x2c, 0x3, 0x87, 0xc0,
    0x5, 0x62, 0x25, 0x0, 0xf3, 0x30, 0x56, 0x5,
    0x14, 0x3, 0xa4, 0x6c, 0xaf, 0x9b, 0x13, 0xfe,
    0x90, 0xbf, 0x1, 0xe, 0x77, 0xbe, 0x1a, 0x42,
    0x21, 0x45, 0xbe, 0xe6, 0x81, 0xbe, 0x0, 0xec,
    0x1a, 0x1a, 0xbf, 0x21, 0x47, 0x0, 0x7d, 0xd5,
    0x2e, 0xd8, 0x4f, 0x4, 0x20, 0x8, 0x27, 0xee,
    0x38, 0x2, 0x9a, 0x80, 0x33, 0x88, 0x47, 0x80,
    0x1c, 0x3, 0x87, 0x87, 0x44, 0xc0, 0xea, 0x90,
    0x40, 0x3, 0x95, 0xa4, 0x56, 0xda, 0x5b, 0xc5,
    0x9, 0xcd, 0x58, 0x7d, 0xc4, 0x5, 0xa3,

    /* U+6574 "整" */
    0x0, 0xac, 0xc0, 0x24, 0x90, 0xc, 0xd9, 0x84,
    0xec, 0xb0, 0xec, 0x0, 0xcd, 0xde, 0x77, 0xf2,
    0x4b, 0x7d, 0xfc, 0x81, 0x8a, 0x3c, 0xb9, 0xc5,
    0x9c, 0x3e, 0x80, 0xd, 0x34, 0xd0, 0xe9, 0xe9,
    0x71, 0x0, 0x76, 0xa, 0x97, 0x92, 0x3, 0x58,
    0x0, 0x6b, 0x92, 0xb6, 0x5b, 0x52, 0x72, 0x4,
    0x3e, 0x34, 0x16, 0x7b, 0x92, 0xfa, 0x2, 0x20,
    0xda, 0xfd, 0xf5, 0xfd, 0xd7, 0xe8, 0x1, 0x77,
    0xf3, 0xd, 0xd9, 0x99, 0x40, 0x22, 0x90, 0xb,
    0xb7, 0x66, 0x0, 0xfe, 0xed, 0xd9, 0x80, 0xb,
    0xf8, 0xbf, 0xe7, 0xcf, 0xfe, 0x60,

    /* U+6587 "文" */
    0x0, 0xf2, 0xa0, 0x7, 0xff, 0x0, 0xe4, 0x3,
    0xe1, 0x1e, 0x70, 0x31, 0x1c, 0x3, 0xdd, 0xe2,
    0xce, 0xed, 0x3, 0xfe, 0x58, 0xff, 0xdc, 0x1b,
    0xf0, 0x1, 0x4c, 0x80, 0x33, 0x21, 0x0, 0x71,
    0xa4, 0x0, 0x6, 0x20, 0x1, 0xf5, 0xb2, 0x5,
    0x31, 0x80, 0x7c, 0x37, 0x54, 0x69, 0x0, 0xfe,
    0x52, 0x5b, 0x0, 0xfe, 0x3d, 0x9, 0x94, 0x0,
    0x79, 0x2f, 0x2b, 0x1b, 0x53, 0x9c, 0x40, 0x1d,
    0x59, 0xce, 0x0, 0x2c, 0xac, 0xe6, 0xc, 0xe7,
    0x10, 0xe, 0x4b, 0xe6,

    /* U+6599 "料" */
    0x0, 0xff, 0xe2, 0xf, 0x0, 0x78, 0x78, 0x0,
    0x36, 0x1, 0x68, 0xbc, 0x0, 0x70, 0xb9, 0x80,
    0x8c, 0xe5, 0x86, 0x1, 0x95, 0xc1, 0xe8, 0x1,
    0x54, 0x30, 0xd, 0x4c, 0x4, 0xe0, 0x20, 0xc0,
    0x19, 0x33, 0x3, 0x7c, 0xde, 0xc0, 0x1c, 0x9e,
    0xc1, 0x9e, 0xdf, 0x48, 0x1, 0xe4, 0xf, 0x10,
    0x1c, 0x40, 0x8, 0x41, 0xd4, 0x66, 0x80, 0x51,
    0xec, 0x7e, 0x6, 0x68, 0x17, 0xaf, 0x3f, 0xd8,
    0x1f, 0x29, 0x26, 0x0, 0x5b, 0xdb, 0x87, 0x10,
    0x2, 0xb8, 0x7, 0xff, 0x38,

    /* U+659C "斜" */
    0x0, 0xd6, 0x60, 0x1d, 0xc4, 0x1, 0xa1, 0x20,
    0x42, 0x50, 0x3, 0xce, 0xbc, 0x78, 0x57, 0x48,
    0x1, 0xaa, 0x98, 0x31, 0x11, 0x69, 0x80, 0x46,
    0x25, 0xdf, 0xf5, 0x9, 0xb8, 0x4, 0x77, 0xf8,
    0x5f, 0x45, 0x8c, 0x1, 0xd7, 0x6f, 0x2b, 0xb3,
    0x65, 0x10, 0x6, 0x88, 0x49, 0x44, 0x14, 0x70,
    0x81, 0xc8, 0xe, 0x18, 0x1, 0x62, 0x91, 0x63,
    0xe, 0xa, 0x20, 0x3, 0x67, 0x80, 0xf1, 0xf5,
    0x9, 0xe0, 0x9, 0x83, 0x21, 0x0, 0x21, 0x54,
    0x0, 0xa5, 0x80, 0x3c, 0x33, 0x2d, 0x40, 0x11,
    0x0, 0x7e, 0x9e, 0x90, 0xf, 0x71, 0x0,

    /* U+65A5 "斥" */
    0x0, 0xfe, 0x14, 0x20, 0xc, 0x4a, 0xd1, 0x59,
    0xdc, 0x8a, 0x0, 0xd7, 0x1f, 0xf4, 0x7f, 0xb2,
    0x0, 0x3a, 0xa5, 0xd5, 0x4, 0x3, 0xf6, 0xaa,
    0xff, 0x10, 0x4, 0xfd, 0xda, 0xbb, 0xb3, 0x0,
    0x55, 0x77, 0x50, 0x5d, 0xe4, 0x0, 0x18, 0xa4,
    0xa9, 0x80, 0x7e, 0x63, 0x5f, 0xed, 0x5, 0x0,
    0xf1, 0x38, 0xb5, 0xe8, 0x4f, 0x49, 0x0, 0x10,
    0x8, 0x2, 0x30, 0xcd, 0x36, 0x0, 0x7c, 0x80,
    0x7c, 0x74, 0x80, 0x2e, 0xe0, 0xf, 0xf8, 0x70,
    0x3, 0x87, 0xc0, 0x38,

    /* U+65AD "断" */
    0x0, 0xb4, 0x40, 0x38, 0x98, 0x3d, 0x44, 0x1,
    0x3, 0x15, 0xbc, 0x22, 0x0, 0x30, 0x29, 0x1b,
    0x4e, 0xe3, 0x88, 0x20, 0x0, 0xf8, 0xc, 0xc0,
    0x1c, 0xde, 0x7d, 0x82, 0x2, 0x38, 0x0, 0x5c,
    0x22, 0xe1, 0x2f, 0xee, 0x7a, 0x82, 0x88, 0x23,
    0x81, 0x77, 0x7, 0x94, 0x7, 0xa, 0x34, 0x4,
    0x3, 0xd5, 0x0, 0xbc, 0x2e, 0x1, 0xe9, 0x30,
    0x1, 0x31, 0x0, 0x78, 0x82, 0x44, 0x37, 0xc0,
    0x38, 0x7b, 0x95, 0xda, 0xa8, 0x1, 0xdd, 0xdd,
    0x8e, 0x40, 0x1f, 0xe1, 0xa0, 0x0, 0xf0, 0x0,

    /* U+65AF "斯" */
    0x1, 0xd0, 0x4, 0xb0, 0x4, 0x51, 0x82, 0x1,
    0xfa, 0x33, 0x3, 0xe2, 0x9c, 0x5f, 0xe6, 0x97,
    0x77, 0x72, 0x4c, 0x13, 0x8b, 0xfc, 0xd2, 0xc2,
    0x40, 0x1e, 0x2d, 0xd3, 0x0, 0x4, 0x78, 0x2,
    0x2d, 0xd3, 0x0, 0x55, 0x4e, 0xa5, 0x0, 0x15,
    0xd9, 0xc0, 0x3, 0x76, 0xb, 0x50, 0x0, 0xcc,
    0x90, 0x3, 0xf1, 0xb0, 0x22, 0x1b, 0x1c, 0xc0,
    0x39, 0xfd, 0xfb, 0x8a, 0x5e, 0xe0, 0x1c, 0x90,
    0x99, 0x85, 0x83, 0xc0, 0xf, 0x4b, 0xa2, 0x19,
    0xd1, 0xc0, 0x3c, 0x76, 0x0, 0xad, 0x81, 0x0,
    0xf5, 0x8, 0x5, 0x4c, 0x1, 0x78, 0x0,

    /* U+65B0 "新" */
    0x0, 0xa4, 0x80, 0x3c, 0x86, 0x0, 0x11, 0x5,
    0x88, 0x8a, 0x33, 0xe1, 0x0, 0x73, 0x8, 0x8c,
    0xc3, 0x2c, 0xf6, 0x38, 0xe, 0x6, 0xe8, 0xf0,
    0x19, 0x44, 0x3, 0x98, 0xd5, 0x40, 0x1f, 0x93,
    0x5f, 0x6d, 0xf4, 0xd3, 0xff, 0x32, 0x66, 0x26,
    0x59, 0x83, 0x4f, 0xe1, 0xf6, 0x4e, 0xe4, 0x43,
    0xb8, 0x40, 0x1e, 0x4f, 0xd8, 0x85, 0x71, 0x88,
    0x7, 0x99, 0x0, 0x1c, 0xa4, 0x40, 0xe, 0x19,
    0x60, 0x4, 0x4e, 0xe0, 0x7, 0xac, 0x40, 0x5,
    0xe8, 0x80, 0xe, 0x15, 0x79, 0x30, 0x76, 0x0,
    0xf0,

    /* U+65B9 "方" */
    0x0, 0xf3, 0xa8, 0x7, 0xff, 0x0, 0xa0, 0x3,
    0xe5, 0x5e, 0x0, 0x32, 0xae, 0x0, 0x77, 0x53,
    0x5c, 0xdb, 0xdd, 0x84, 0x2e, 0xe8, 0x2b, 0xbf,
    0x84, 0x3, 0x8, 0xfc, 0x1, 0xf1, 0x1f, 0x77,
    0x58, 0x7, 0xb2, 0x3f, 0xf4, 0x10, 0x7, 0x91,
    0x0, 0x1b, 0xc4, 0x3, 0x98, 0x8c, 0x3, 0x17,
    0x0, 0x62, 0x99, 0x0, 0x73, 0x90, 0x4, 0x5e,
    0xc8, 0x1, 0x88, 0x8a, 0x0, 0x1c, 0x59, 0x0,
    0xf, 0xfb, 0x5c, 0x40, 0x3, 0xd0, 0x1, 0xf,
    0xfd, 0x0, 0x10,

    /* U+65BD "施" */
    0x0, 0x13, 0x80, 0x48, 0xc0, 0x1f, 0x14, 0x88,
    0x3, 0x80, 0x3c, 0x6e, 0xe2, 0x87, 0x15, 0xbc,
    0xcc, 0xcc, 0xc8, 0x72, 0xc8, 0x49, 0x94, 0x44,
    0x8b, 0x61, 0x76, 0xa6, 0xf4, 0x96, 0x40, 0x20,
    0xa, 0x25, 0x36, 0x44, 0x2f, 0xac, 0x3, 0x79,
    0xe1, 0x4, 0x18, 0x78, 0x80, 0x4, 0x4f, 0x81,
    0x24, 0x25, 0x62, 0x1, 0x11, 0x0, 0x3, 0x83,
    0x22, 0x1, 0xca, 0xa0, 0x10, 0x53, 0x0, 0x35,
    0x90, 0x3, 0x70, 0x3f, 0xc0, 0x13, 0xb4, 0xe8,
    0xa, 0x20, 0x8, 0x80, 0x15, 0x91, 0x1e, 0x15,
    0xd7, 0x9d, 0x1, 0x7f, 0xba, 0x8b, 0x48, 0x4e,
    0xd1, 0x8, 0xee, 0xe3,

    /* U+65CB "旋" */
    0x0, 0x22, 0x80, 0x4a, 0xa0, 0xf, 0x9a, 0xc0,
    0x29, 0x10, 0xe, 0x37, 0x53, 0x97, 0x43, 0xbf,
    0xfc, 0xa1, 0xf0, 0xa3, 0xf3, 0x2f, 0xfe, 0x53,
    0x80, 0x88, 0x48, 0x89, 0xdf, 0x84, 0x2, 0xee,
    0x4e, 0xa2, 0x21, 0xa, 0x44, 0x2, 0xf9, 0x11,
    0x31, 0x81, 0x94, 0x80, 0x4, 0x78, 0x2c, 0x2,
    0x77, 0x0, 0xc, 0x80, 0x40, 0x4c, 0x1, 0xfe,
    0xc0, 0x3, 0xb0, 0x3, 0xc8, 0x80, 0xf, 0xf6,
    0x0, 0x33, 0x1, 0xe2, 0x82, 0xc0, 0x1c, 0x2e,
    0xe0, 0x33, 0x5d, 0x40, 0x7, 0x3b, 0x2f, 0xb0,
    0xb2, 0x62, 0x7f, 0xca, 0xd0, 0x9f, 0xa9, 0x40,
    0x57, 0xff, 0x28,

    /* U+65E0 "无" */
    0x0, 0xff, 0xe1, 0xb7, 0xff, 0xfa, 0x0, 0xd,
    0xff, 0x8e, 0xff, 0xf4, 0x0, 0x7c, 0x2e, 0x1,
    0xff, 0xc0, 0x31, 0x0, 0xf1, 0x55, 0x70, 0xcd,
    0x57, 0x19, 0xbf, 0xf1, 0x11, 0x77, 0xff, 0x10,
    0xaa, 0xe0, 0x53, 0x45, 0x5c, 0x20, 0x1c, 0xd6,
    0x1, 0xff, 0x4a, 0x98, 0x7, 0x8, 0x6, 0x67,
    0x90, 0xf, 0x69, 0x80, 0x26, 0x34, 0x80, 0xe,
    0x0, 0x12, 0x12, 0xe2, 0xc3, 0x0, 0x55, 0xff,
    0xb9, 0x48, 0x99, 0x64, 0x1, 0x3f, 0xfe, 0xb0,

    /* U+65E5 "日" */
    0x8f, 0xff, 0xd2, 0xd, 0xdd, 0xe7, 0x30, 0x11,
    0xfb, 0xc0, 0x3f, 0xf9, 0x4f, 0xff, 0xe8, 0x0,
    0x37, 0x77, 0x9c, 0x0, 0x23, 0xf7, 0x80, 0x7f,
    0xf2, 0x9f, 0xff, 0xd0, 0x0, 0x6e, 0xef, 0x38,
    0x44, 0x88, 0xfa, 0x28,

    /* U+65E7 "旧" */
    0x3e, 0x1, 0xff, 0xfa, 0x40, 0x3b, 0xff, 0xa0,
    0xc0, 0x3f, 0xfb, 0xbf, 0xfd, 0x0, 0x1e, 0xff,
    0xe8, 0x0, 0xff, 0xef, 0x7f, 0xf4, 0x0, 0x7b,
    0xff, 0x9c, 0xf, 0x80, 0x7c, 0x3, 0xa2, 0x80,

    /* U+65E9 "早" */
    0x0, 0x77, 0xff, 0xee, 0x0, 0xee, 0xff, 0xf6,
    0x80, 0x7b, 0xfb, 0xbd, 0x80, 0x1e, 0xce, 0xef,
    0x60, 0x7, 0x9d, 0x13, 0xce, 0x1, 0xc9, 0xdf,
    0xeb, 0x8f, 0xf7, 0x20, 0x6, 0xab, 0xb8, 0xbe,
    0xee, 0xa0, 0x8, 0x47, 0x8d, 0xc4, 0x78, 0x27,
    0xbb, 0x86, 0xfb, 0xb8, 0x67, 0xff, 0x8b, 0x3f,
    0xf8, 0x40, 0x3f, 0xfa, 0x0,

    /* U+65F6 "时" */
    0x0, 0xfe, 0x3d, 0x0, 0x66, 0x64, 0x0, 0xfc,
    0x71, 0x7, 0x20, 0xf, 0xe4, 0x41, 0x5, 0xff,
    0xd8, 0x5f, 0x0, 0x1d, 0x5d, 0xd5, 0x97, 0x40,
    0x66, 0x1c, 0x1, 0x42, 0x27, 0x1, 0x0, 0x77,
    0x10, 0x4, 0x50, 0x1, 0xe2, 0x21, 0x80, 0x21,
    0xc8, 0x3, 0xfc, 0x4f, 0x60, 0x1c, 0x66, 0x20,
    0xa, 0x24, 0x3, 0xa2, 0x0, 0x40, 0x1f, 0x86,
    0xee, 0x40, 0xc, 0xe0, 0x17, 0x0, 0x7b, 0x7e,
    0xd4, 0x3, 0xfb, 0x7f, 0xd0, 0x0,

    /* U+660E "明" */
    0xff, 0xd0, 0x3f, 0xfe, 0x0, 0x7f, 0xa0, 0x0,
    0x3f, 0xf8, 0x3, 0xff, 0x92, 0x33, 0x38, 0x2,
    0xee, 0x40, 0x5, 0xff, 0x80, 0x2e, 0xe4, 0x0,
    0x5, 0x9b, 0x0, 0x7c, 0x60, 0xcd, 0x80, 0x2c,
    0xc5, 0x3, 0x98, 0x7, 0xdf, 0xee, 0xac, 0xa6,
    0x6c, 0x0, 0x73, 0x3c, 0xca, 0x1, 0xe8, 0x0,
    0xa9, 0x88, 0x3, 0xf9, 0xc2, 0x40, 0x7, 0xfe,
    0x40, 0xc, 0xf6, 0x1, 0x1f, 0xfa, 0xc0,

    /* U+6613 "易" */
    0x0, 0x17, 0xf7, 0x7e, 0x0, 0xc5, 0xdd, 0xec,
    0x0, 0xe2, 0xdd, 0xf7, 0x80, 0x71, 0x6e, 0xfb,
    0xc0, 0x38, 0xae, 0xfd, 0x20, 0x18, 0xb5, 0x76,
    0x67, 0xbc, 0x2, 0x1e, 0x1a, 0xee, 0xed, 0xa0,
    0x2c, 0x5c, 0x41, 0xfa, 0x2f, 0xa6, 0xe, 0xb9,
    0x16, 0xe3, 0xd9, 0x30, 0x60, 0xc6, 0x3c, 0xb3,
    0x56, 0x70, 0xe2, 0x0, 0x36, 0xda, 0x9d, 0xf0,
    0x1, 0x34, 0x2, 0xd5, 0xf, 0xb3, 0xde, 0x15,
    0x0, 0x31, 0x80, 0x31, 0x43, 0x7b, 0x40,

    /* U+6620 "映" */
    0x0, 0xf8, 0x78, 0x3, 0x7f, 0xe0, 0xf, 0xf7,
    0xf8, 0x1, 0x57, 0xa3, 0x76, 0xa0, 0xf, 0x27,
    0xc0, 0xc7, 0xa0, 0x7, 0xc8, 0xa0, 0x6a, 0x1,
    0x66, 0x0, 0x3f, 0xef, 0xf0, 0x6, 0x33, 0x0,
    0x71, 0x98, 0x30, 0x7b, 0xb, 0xbc, 0x68, 0x3,
    0x6f, 0x7b, 0x4, 0xff, 0x50, 0x5d, 0x80, 0x46,
    0x69, 0xa1, 0x10, 0x2, 0x21, 0x80, 0xb, 0x66,
    0x3c, 0x80, 0x24, 0xce, 0x4d, 0x28, 0xb, 0x49,
    0x16, 0x0, 0xf, 0xcc, 0x80, 0x3, 0xa0, 0xe0,

    /* U+662F "是" */
    0x0, 0x76, 0xe6, 0x7b, 0xcc, 0x3, 0xb3, 0x3e,
    0x20, 0xf, 0x55, 0xdf, 0x88, 0x3, 0xd1, 0x33,
    0xe2, 0x0, 0xe7, 0x98, 0x8f, 0x38, 0x80, 0x5,
    0xbf, 0x33, 0xf2, 0x30, 0x87, 0x77, 0x55, 0xf7,
    0x70, 0xc, 0x41, 0xe2, 0x16, 0x91, 0x1c, 0x20,
    0x5, 0x20, 0x9, 0xbb, 0xb1, 0x80, 0x52, 0x4c,
    0x0, 0x6e, 0xec, 0x60, 0x7, 0x1d, 0x8a, 0xd3,
    0x0, 0xf2, 0x4f, 0x97, 0xeb, 0x27, 0xff, 0x1a,
    0x79, 0x0, 0xbe, 0x77, 0xff, 0x18,

    /* U+663E "显" */
    0x0, 0x6f, 0x6e, 0xfb, 0xcc, 0x3, 0xb7, 0x7e,
    0x20, 0xf, 0x76, 0xef, 0x88, 0x3, 0xdd, 0xbb,
    0xe2, 0x0, 0xf7, 0xe6, 0x78, 0x80, 0x3b, 0x37,
    0xab, 0x7a, 0xb7, 0x8c, 0x2, 0x37, 0x13, 0x81,
    0x38, 0x11, 0x48, 0x4, 0x50, 0x40, 0x1e, 0x81,
    0x0, 0x86, 0x64, 0x1, 0xc4, 0x90, 0x1, 0x9f,
    0x0, 0x39, 0xb8, 0x2, 0x38, 0x87, 0xc0, 0xc4,
    0x7, 0x2a, 0x20, 0x61, 0xff, 0x74, 0x7f, 0x47,
    0xfe, 0x10,

    /* U+6668 "晨" */
    0x0, 0x56, 0xe6, 0x7d, 0xc0, 0x1c, 0x97, 0x7e,
    0x40, 0xf, 0x7a, 0x27, 0xb4, 0x3, 0x8a, 0xbf,
    0xfd, 0x2a, 0x1, 0xf, 0xd5, 0x7e, 0xd6, 0x0,
    0x2c, 0x80, 0x7f, 0xf0, 0x48, 0xf7, 0x7e, 0xc6,
    0x0, 0x84, 0x3b, 0xbe, 0xf5, 0x0, 0x10, 0x15,
    0x69, 0x56, 0x91, 0x3f, 0x40, 0x1c, 0xae, 0x32,
    0xf6, 0xa5, 0x83, 0x40, 0x5, 0xc0, 0x15, 0x6d,
    0xe9, 0x7f, 0x30, 0x30, 0x45, 0xf, 0x1a, 0x3c,
    0x8e, 0xc1, 0x3d, 0x5, 0xfb, 0x73, 0x0, 0x25,
    0x68, 0x80,

    /* U+666E "普" */
    0x0, 0x95, 0x80, 0x32, 0xa8, 0x3, 0x85, 0xe0,
    0x46, 0x2b, 0x61, 0x0, 0x9b, 0x3c, 0xfb, 0x31,
    0xa7, 0xd9, 0x0, 0x6, 0x48, 0xd1, 0xcc, 0xe,
    0xc2, 0x40, 0x5, 0x76, 0x0, 0xf4, 0x58, 0x0,
    0x9d, 0x51, 0xc6, 0x64, 0x30, 0xca, 0xe4, 0x62,
    0x2c, 0x19, 0xee, 0x4f, 0x68, 0x88, 0x5, 0x8a,
    0xef, 0xf0, 0x31, 0x0, 0x5, 0xf7, 0x7c, 0xe2,
    0x1, 0xc9, 0x77, 0xe4, 0x0, 0xf2, 0xcc, 0xf9,
    0x40, 0x3c, 0x24, 0x5e, 0x10, 0xf, 0x2e, 0xef,
    0x94, 0x3, 0x97, 0xf7, 0x7d, 0xee, 0x0,

    /* U+666F "景" */
    0x0, 0x56, 0xdd, 0xfb, 0x68, 0x3, 0x9b, 0x33,
    0xcc, 0x1, 0xec, 0x55, 0xf1, 0x80, 0x76, 0xe4,
    0xcb, 0x3a, 0x64, 0x7a, 0x0, 0x16, 0x1d, 0xd8,
    0xdb, 0x76, 0x16, 0x10, 0x11, 0xea, 0xd1, 0x1e,
    0x1, 0x73, 0xab, 0xbf, 0x51, 0xb8, 0x80, 0x4d,
    0x99, 0xe6, 0x10, 0xe, 0x5c, 0xcf, 0x28, 0x7,
    0x25, 0x53, 0x11, 0x19, 0x78, 0xa0, 0x12, 0x5f,
    0xa0, 0x6, 0x2e, 0xb3, 0x1, 0xdf, 0xb0, 0xc6,
    0xd0, 0x5c, 0xfa, 0x1, 0x94, 0x2, 0xce, 0x50,
    0x9, 0x24, 0x0,

    /* U+6676 "晶" */
    0x0, 0x57, 0x77, 0xbc, 0x40, 0x3a, 0x3b, 0xb8,
    0x3, 0xe8, 0xdd, 0xe0, 0xf, 0xa3, 0x77, 0x80,
    0x3e, 0x9e, 0xee, 0x0, 0xf5, 0x7f, 0x77, 0x78,
    0x80, 0x23, 0xfb, 0x9f, 0x27, 0xfd, 0xd7, 0x88,
    0x47, 0x72, 0x0, 0x5, 0xdd, 0x0, 0x53, 0xba,
    0x90, 0x1, 0x6e, 0xc0, 0x14, 0xee, 0xa4, 0x0,
    0x5b, 0xb0, 0x5, 0xe2, 0x2f, 0x0, 0x84, 0x60,
    0x9, 0xb3, 0xc, 0x0, 0x2c, 0xc8, 0x1, 0x1d,
    0xba, 0xe9, 0x3e, 0xdd, 0xbc, 0x40,

    /* U+6682 "暂" */
    0x0, 0xa8, 0x40, 0x38, 0x95, 0x1, 0x77, 0x4b,
    0x9b, 0xa4, 0xec, 0x9d, 0x0, 0x2e, 0x7, 0x26,
    0xe8, 0x17, 0x2e, 0x10, 0x1, 0x87, 0x4d, 0x76,
    0x14, 0xdd, 0xc8, 0x13, 0x92, 0x13, 0x20, 0x5d,
    0xa4, 0xd4, 0x23, 0xb8, 0xf, 0xec, 0xd0, 0xf,
    0xe, 0xc8, 0x6e, 0x9d, 0x80, 0x38, 0x99, 0xe,
    0x80, 0x70, 0x41, 0x68, 0x3, 0x47, 0x46, 0xeb,
    0xf7, 0x59, 0x60, 0x1d, 0x1b, 0xbe, 0x70, 0xf,
    0x5e, 0x67, 0x9c, 0x3, 0xd7, 0x99, 0xe7, 0x0,
    0xf4, 0x6e, 0xf9, 0x80, 0x3a, 0x3b, 0x77, 0xdf,
    0x0, 0x0,

    /* U+66B4 "暴" */
    0x0, 0x76, 0x5d, 0xfb, 0x6c, 0x3, 0x9c, 0x3,
    0xc2, 0x1, 0xe9, 0xbb, 0xf4, 0x80, 0x72, 0x4f,
    0xdd, 0xd9, 0xdc, 0x30, 0x8, 0x62, 0x42, 0x26,
    0x54, 0x53, 0x42, 0x0, 0x69, 0x90, 0x44, 0xca,
    0x8a, 0x64, 0x80, 0x41, 0x98, 0x3, 0xcc, 0x31,
    0xe6, 0x8, 0x40, 0x45, 0x47, 0xda, 0x38, 0x34,
    0x22, 0x3, 0x1b, 0x74, 0x64, 0x76, 0x74, 0xbe,
    0x32, 0xc, 0xa1, 0x40, 0x36, 0xc9, 0xde, 0x23,
    0x67, 0xb5, 0x10, 0x6f, 0xa8, 0x36, 0x0, 0xba,
    0x7e, 0x4d, 0x27, 0x72, 0xc0, 0x21, 0x82, 0x3c,
    0xd0, 0x9, 0x20, 0x0,

    /* U+66F4 "更" */
    0x6f, 0xff, 0xfa, 0xc1, 0xbf, 0xf8, 0xef, 0xff,
    0x58, 0x5, 0x9d, 0xd1, 0xd7, 0x76, 0x10, 0x8,
    0xbf, 0xb8, 0x75, 0xdd, 0x8, 0x7, 0x66, 0xe8,
    0xe7, 0x76, 0x0, 0xf6, 0x6e, 0x8e, 0x37, 0x60,
    0xf, 0x18, 0x8c, 0x2, 0x30, 0x7, 0x2f, 0x6e,
    0x8a, 0x77, 0x63, 0x0, 0xd0, 0x3b, 0x45, 0x99,
    0xc2, 0x1, 0x1d, 0x7c, 0xc8, 0x3, 0xf0, 0xae,
    0x1, 0x4c, 0x29, 0x90, 0x80, 0x17, 0xbb, 0x6f,
    0xfe, 0xce, 0xe0, 0x2f, 0xda, 0x80, 0x9, 0xeb,
    0x3b, 0xf8, 0x0,

    /* U+66FE "曾" */
    0x0, 0x1c, 0x0, 0x6a, 0x30, 0xc, 0x68, 0x60,
    0x8, 0x13, 0x0, 0x17, 0xe8, 0xf7, 0x4c, 0xcd,
    0xe5, 0x1, 0xea, 0xd5, 0xae, 0x4f, 0x20, 0x8,
    0xf4, 0xc0, 0xe, 0x4, 0x1, 0xb, 0x6a, 0x36,
    0xf7, 0xb0, 0x81, 0xc0, 0x80, 0x2b, 0xb8, 0x22,
    0xa7, 0x14, 0xaa, 0xfc, 0x44, 0x7, 0x1d, 0xdf,
    0x39, 0x0, 0x47, 0x77, 0xe4, 0x0, 0xc5, 0x55,
    0xe5, 0x0, 0xc5, 0x77, 0xe5, 0x0, 0xc5, 0x33,
    0xe5, 0x0, 0x93, 0x4c, 0xfd, 0x6e, 0x0,

    /* U+66FF "替" */
    0x0, 0xa5, 0x80, 0x32, 0x58, 0x6, 0x8c, 0x7b,
    0xc3, 0x4c, 0x95, 0xcc, 0x0, 0x27, 0x52, 0xb4,
    0xd3, 0x60, 0xb7, 0x40, 0xb, 0xb2, 0x5d, 0x99,
    0xee, 0x4a, 0xec, 0x81, 0x3c, 0x2d, 0x2e, 0xb2,
    0x41, 0xb2, 0xa0, 0x7c, 0xc3, 0x0, 0x70, 0xb9,
    0x22, 0x35, 0x8c, 0xde, 0x6, 0x95, 0x95, 0x63,
    0xf, 0x76, 0x9f, 0x27, 0xee, 0xe, 0x38, 0x29,
    0xa7, 0x77, 0xa0, 0xc8, 0x40, 0x24, 0xcc, 0xf5,
    0x80, 0x79, 0x33, 0x3d, 0x60, 0x1e, 0x11, 0xfc,
    0x1, 0xe4, 0xcc, 0xf4, 0x80, 0x73, 0x7e, 0xef,
    0xb9, 0x80, 0x0,

    /* U+6700 "最" */
    0x0, 0x66, 0xe6, 0x7b, 0xc8, 0x3, 0x85, 0xdf,
    0xc0, 0x1f, 0x45, 0xdf, 0x84, 0x3, 0x9a, 0x2e,
    0xfc, 0x60, 0x11, 0x27, 0x47, 0xff, 0xa5, 0x90,
    0x1f, 0xeb, 0x75, 0x5f, 0xbb, 0xe0, 0x58, 0xe,
    0xe1, 0xf0, 0x80, 0x6d, 0x0, 0x8c, 0xe1, 0x1,
    0x3d, 0xd3, 0x80, 0x62, 0x88, 0x10, 0x43, 0xb1,
    0xaa, 0x0, 0x47, 0x98, 0x5d, 0x19, 0xca, 0xa0,
    0x1, 0x7c, 0xfb, 0x54, 0xcb, 0x48, 0xd8, 0x41,
    0x3b, 0xfb, 0x53, 0xb9, 0xf9, 0xfe, 0xd0,

    /* U+6709 "有" */
    0x0, 0xe7, 0x40, 0xf, 0xfe, 0x4, 0xb0, 0x7,
    0xc3, 0xff, 0x87, 0x7f, 0xfc, 0x43, 0xfe, 0xe2,
    0xaf, 0xff, 0x88, 0x2, 0x60, 0x72, 0x2e, 0x10,
    0xc, 0x70, 0x7f, 0xfd, 0x92, 0x1, 0x16, 0x9b,
    0xee, 0xf3, 0x0, 0x45, 0x91, 0x6d, 0xdd, 0xce,
    0x1, 0x16, 0xb0, 0x37, 0x77, 0x38, 0x6, 0x30,
    0x3, 0xe6, 0x73, 0x0, 0x7c, 0x9b, 0xbc, 0xe0,
    0x1f, 0x18, 0x8f, 0x80, 0x3f, 0xea, 0xf6, 0xc0,
    0x0,

    /* U+670D "服" */
    0x6, 0xff, 0x9c, 0x7f, 0xfa, 0xc0, 0x27, 0xf7,
    0x3, 0x1f, 0xfa, 0xc0, 0x3f, 0xe1, 0x33, 0x0,
    0x67, 0xf7, 0x0, 0xc3, 0x5d, 0x0, 0x13, 0xfb,
    0x80, 0x5, 0xdd, 0xdc, 0x40, 0xf, 0xea, 0xf1,
    0x9, 0x0, 0xb, 0x6b, 0x0, 0x6, 0xc1, 0x89,
    0x0, 0x1e, 0xde, 0x80, 0x13, 0x28, 0xcf, 0x0,
    0xb, 0x48, 0x80, 0x1a, 0xb4, 0x10, 0x0, 0xce,
    0x1, 0xe5, 0x3b, 0x0, 0x9, 0x10, 0x3, 0x8f,
    0x22, 0x58, 0x9, 0xc3, 0x5d, 0x0, 0x13, 0x4f,
    0x94, 0x66, 0x90, 0xdf, 0x32, 0xea, 0x40, 0x2c,
    0x30,

    /* U+671B "望" */
    0x0, 0x94, 0x3, 0xf8, 0x51, 0x13, 0x24, 0x42,
    0xf6, 0x63, 0xa1, 0x7a, 0xd8, 0xfb, 0x4c, 0xae,
    0xca, 0x9, 0x43, 0x75, 0x49, 0x6, 0x44, 0x10,
    0x7, 0xa, 0x9f, 0x27, 0xf9, 0xc0, 0x6, 0x3f,
    0xec, 0x5, 0xdc, 0xc4, 0x80, 0x1a, 0x33, 0xa6,
    0x4c, 0x63, 0x54, 0xf0, 0x73, 0x64, 0x46, 0xfa,
    0x29, 0x53, 0x83, 0xee, 0xe9, 0xfd, 0xd0, 0xf0,
    0x1, 0x66, 0x71, 0x7c, 0xce, 0x0, 0xb3, 0xba,
    0x3a, 0xee, 0x94, 0x2, 0xce, 0xe8, 0xeb, 0xba,
    0x50, 0x7f, 0xfe, 0x3b, 0xff, 0xe0,

    /* U+671D "朝" */
    0x0, 0xb8, 0x80, 0x3f, 0xf8, 0x85, 0xff, 0xc0,
    0xff, 0xe1, 0xdf, 0xc0, 0x2f, 0xf8, 0x0, 0xff,
    0xe1, 0xdf, 0xc0, 0xf, 0xdd, 0xa7, 0xfb, 0xc0,
    0x53, 0x30, 0x6, 0xcd, 0xd6, 0x0, 0x7, 0x32,
    0x0, 0xdb, 0x98, 0xd0, 0x13, 0x55, 0x80, 0x34,
    0x7f, 0xa0, 0x2, 0x66, 0x80, 0x26, 0xdc, 0x9d,
    0x66, 0x7, 0x74, 0x1, 0x44, 0x8c, 0x4c, 0x12,
    0xc4, 0x40, 0x9, 0xee, 0xe, 0x76, 0x5e, 0x0,
    0x74, 0xf7, 0x7, 0x3b, 0xc9, 0x0, 0x3f, 0xea,
    0xb0, 0x6, 0x7a, 0x0, 0x6e, 0x20, 0x95, 0x0,
    0x67, 0xd8, 0x0,

    /* U+671F "期" */
    0x1, 0xe0, 0x4, 0xb0, 0x7, 0xff, 0xf, 0xbf,
    0xf0, 0x27, 0xf, 0xf9, 0xa5, 0x83, 0xfe, 0x0,
    0x27, 0xf, 0xf9, 0xa5, 0x80, 0x3f, 0xe, 0xe9,
    0x80, 0x2f, 0xee, 0x0, 0x61, 0xdd, 0x30, 0x5,
    0xfd, 0xc0, 0xc, 0x37, 0x67, 0x0, 0xff, 0xc,
    0xc9, 0x0, 0x3, 0x99, 0x0, 0x9, 0xc5, 0x10,
    0x38, 0x61, 0xff, 0x0, 0x1b, 0xdb, 0xfc, 0x46,
    0xa4, 0x67, 0x0, 0x12, 0x53, 0x69, 0x64, 0xdc,
    0x3, 0xd0, 0xc8, 0x6c, 0xff, 0x80, 0x1c, 0x4b,
    0x40, 0xb, 0x37, 0x60, 0xcf, 0x40, 0x2d, 0x10,
    0x0, 0xa6, 0x80, 0x33, 0xec, 0x0,

    /* U+6728 "木" */
    0x0, 0xf6, 0x28, 0x7, 0xff, 0x5c, 0x47, 0x80,
    0xc4, 0x78, 0x13, 0xbb, 0x8e, 0x7b, 0xb6, 0x2,
    0x7f, 0xe6, 0x0, 0x6f, 0xfd, 0xa0, 0x1c, 0x8e,
    0x49, 0xc0, 0x1f, 0x86, 0xa8, 0x3c, 0xd2, 0x1,
    0xe1, 0xc9, 0x40, 0x5, 0x24, 0x0, 0x62, 0xc5,
    0x70, 0xd, 0x8b, 0x40, 0x6, 0xda, 0x80, 0xe,
    0x1c, 0x6d, 0x14, 0xc7, 0x0, 0xf8, 0x72, 0x44,
    0x8c, 0x3, 0xfc, 0x80,

    /* U+672A "未" */
    0x0, 0xf6, 0x28, 0x7, 0xff, 0x24, 0x51, 0x30,
    0x92, 0x26, 0x0, 0x96, 0x23, 0x15, 0x44, 0x60,
    0x9, 0x33, 0x31, 0xc6, 0x66, 0x0, 0xff, 0xe2,
    0x2f, 0xff, 0x1d, 0x7f, 0xf0, 0x2f, 0xfe, 0x30,
    0x5, 0x7f, 0xe0, 0xe, 0xa6, 0x38, 0xb4, 0x0,
    0xf0, 0xd8, 0xd0, 0x16, 0xd2, 0x80, 0x64, 0xf2,
    0xb0, 0x8, 0xf6, 0xe4, 0x41, 0xaa, 0xe4, 0x3,
    0x8f, 0xcf, 0xc5, 0xb9, 0x40, 0x3e, 0x1a, 0xf1,

    /* U+672B "末" */
    0x0, 0xf6, 0x28, 0x7, 0xff, 0x24, 0x8b, 0x84,
    0x8b, 0xc0, 0x9f, 0xfc, 0x53, 0xff, 0xc0, 0x9b,
    0xbc, 0x77, 0xbb, 0xc0, 0x1f, 0xfc, 0x49, 0xff,
    0xc7, 0x5f, 0xf8, 0xc0, 0x13, 0xdd, 0x18, 0x2,
    0x7b, 0xa3, 0x0, 0x84, 0x56, 0xc7, 0x10, 0x51,
    0x10, 0x6, 0x1b, 0x1a, 0x2, 0xda, 0x60, 0xc,
    0x9e, 0x56, 0x1, 0x1e, 0x5d, 0x88, 0x1a, 0xae,
    0x40, 0x38, 0xb4, 0xb0, 0x5b, 0x94, 0x3, 0xf4,
    0xf0, 0x80,

    /* U+672C "本" */
    0x0, 0xf6, 0x28, 0x7, 0xff, 0x59, 0x3f, 0xf8,
    0xeb, 0xff, 0x68, 0x26, 0xed, 0x24, 0x44, 0x2d,
    0xdb, 0x0, 0x4, 0x55, 0x58, 0xf0, 0x31, 0x10,
    0x40, 0x33, 0x3, 0x0, 0x26, 0x40, 0x1e, 0x38,
    0xe0, 0x9, 0x1e, 0x80, 0x31, 0x6c, 0x10, 0x6,
    0xa7, 0xa0, 0x2, 0x63, 0x56, 0x60, 0xe3, 0x30,
    0x8f, 0x82, 0xd7, 0x11, 0x89, 0x62, 0x17, 0x94,
    0x24, 0xa0, 0x89, 0xe, 0xa2, 0x8, 0x58, 0x3,
    0xff, 0x86,

    /* U+673A "机" */
    0x0, 0xbc, 0x40, 0x3f, 0xf8, 0x9f, 0xfa, 0x40,
    0x3f, 0xdf, 0xe8, 0x0, 0x93, 0xfc, 0x1d, 0xe4,
    0x1, 0xf2, 0x75, 0x86, 0xf1, 0x0, 0x7e, 0x1c,
    0x6, 0x10, 0xf, 0xf2, 0x85, 0x10, 0x7, 0xf2,
    0xa8, 0x2f, 0xc8, 0x40, 0x3e, 0x8a, 0x4, 0x96,
    0x20, 0xf, 0x3a, 0x10, 0x1, 0xd, 0x0, 0x30,
    0xa3, 0x48, 0x6, 0xab, 0x0, 0xc7, 0xc2, 0x1,
    0x94, 0x4c, 0x3, 0x8, 0x7, 0xbb, 0x80, 0x11,
    0xb6, 0x78, 0x5, 0xe3, 0x64, 0x1, 0x27, 0xf9,
    0x40,

    /* U+6740 "杀" */
    0x0, 0x8, 0x80, 0x3d, 0x8, 0x1, 0x93, 0x28,
    0xc0, 0x5, 0x86, 0xa0, 0x19, 0x77, 0xfd, 0x93,
    0x95, 0x62, 0x1, 0xe4, 0x41, 0xa0, 0x7, 0xe4,
    0xaf, 0x1d, 0xd5, 0x53, 0x50, 0x2, 0x89, 0xdf,
    0x91, 0x84, 0xc8, 0x91, 0x0, 0x46, 0xb8, 0x83,
    0xa0, 0x1, 0x74, 0x40, 0x1f, 0xfd, 0x67, 0xff,
    0xcc, 0x1f, 0xf7, 0x7d, 0x9f, 0xfb, 0xbf, 0xcc,
    0x1, 0x5c, 0x0, 0x63, 0xf4, 0x0, 0x86, 0xc6,
    0x40, 0x31, 0xe5, 0x30, 0x3, 0xa, 0x80, 0x3c,
    0x59, 0x6, 0x19, 0x20, 0xe, 0xb4, 0x0, 0x8b,
    0x8c, 0x4, 0x2, 0xef, 0x80, 0xf, 0x0,

    /* U+6743 "权" */
    0x0, 0xbc, 0x3, 0xff, 0x89, 0x55, 0xf0, 0x7,
    0xc2, 0x19, 0x96, 0xa0, 0x2f, 0xf8, 0x3f, 0x74,
    0x6c, 0xd1, 0xa8, 0x2f, 0xc0, 0x76, 0xa2, 0x0,
    0x2d, 0xc0, 0xb, 0x3, 0x40, 0x8c, 0x80, 0xe,
    0xa0, 0x2, 0x70, 0x4b, 0x6, 0xa0, 0x55, 0x10,
    0x2, 0xec, 0x10, 0xe5, 0x4c, 0x31, 0xe0, 0x2,
    0x76, 0x0, 0x61, 0x11, 0x31, 0x90, 0x1, 0x52,
    0x20, 0x1d, 0x85, 0xa0, 0x14, 0xb8, 0x7, 0x2c,
    0x42, 0x50, 0x0, 0x20, 0x18, 0x66, 0xf5, 0xee,
    0xce, 0x1, 0xe9, 0xf, 0x30, 0x4c, 0xa3, 0x0,
    0xbc, 0x22, 0x44, 0x2, 0x3d, 0x30,

    /* U+6750 "材" */
    0x0, 0xff, 0xe2, 0xf1, 0x0, 0x71, 0x70, 0x7,
    0xff, 0x48, 0xff, 0xc3, 0xbe, 0xdf, 0xf6, 0x8f,
    0xa9, 0xf5, 0x85, 0x73, 0x77, 0x46, 0x1c, 0xa0,
    0x38, 0x16, 0x60, 0x22, 0x43, 0x11, 0x0, 0x4a,
    0x13, 0xe2, 0x3, 0x70, 0x1, 0x9d, 0x45, 0x54,
    0x61, 0x4e, 0xa0, 0x10, 0xcc, 0x80, 0x10, 0x52,
    0xf2, 0x1, 0xa5, 0x84, 0x2, 0xa4, 0xd0, 0xe,
    0x98, 0x0, 0xc5, 0x82, 0x1, 0xc2, 0x1, 0xd0,
    0x20, 0x1, 0x0, 0xff, 0x9b, 0xf1, 0xc0, 0x3b,
    0x88, 0x2, 0x6f, 0xf4, 0x80, 0x0,

    /* U+6751 "村" */
    0x0, 0xff, 0xe2, 0xf0, 0x80, 0x71, 0x70, 0x7,
    0xff, 0x49, 0xbf, 0xc3, 0xdf, 0x1f, 0xf6, 0x8f,
    0xb3, 0x3a, 0xc3, 0x7a, 0x3b, 0xac, 0xe, 0x60,
    0x1c, 0x6, 0x10, 0x51, 0x1e, 0x0, 0x94, 0x28,
    0xc3, 0xa0, 0x3, 0xce, 0xa3, 0x5a, 0x36, 0xe2,
    0x1, 0x86, 0x64, 0xb, 0x42, 0x26, 0x90, 0xd,
    0x12, 0x20, 0x4, 0x0, 0x44, 0x80, 0x68, 0x70,
    0xf, 0x8, 0x80, 0x30, 0x80, 0x7e, 0x11, 0x0,
    0x7f, 0xcd, 0xd8, 0xe0, 0x1d, 0xc2, 0x1, 0x37,
    0xfa, 0x40, 0x0,

    /* U+675F "束" */
    0x0, 0xf6, 0x20, 0x7, 0xc2, 0x3c, 0x2, 0x3c,
    0x0, 0x2e, 0xee, 0x3a, 0xee, 0xd6, 0x5, 0xff,
    0xc7, 0x7f, 0xfa, 0xc0, 0x2e, 0xff, 0x8e, 0xff,
    0xf0, 0x6, 0x1f, 0xf8, 0xef, 0xfe, 0x0, 0xff,
    0xe4, 0x77, 0x47, 0x5d, 0xd0, 0x7, 0x77, 0xf8,
    0x80, 0x63, 0xfd, 0xc0, 0x18, 0x43, 0x54, 0xe2,
    0xd8, 0x44, 0x1, 0x9b, 0xd2, 0x40, 0xf2, 0xf0,
    0xc0, 0x9, 0xb7, 0xb0, 0x1, 0xe, 0x5e, 0x58,
    0xa4, 0x69, 0x80, 0x79, 0xfb, 0x82,

    /* U+6760 "杠" */
    0x0, 0xbc, 0x3, 0xff, 0x88, 0xce, 0xfe, 0x0,
    0xe1, 0xf, 0xed, 0x8e, 0xe8, 0x13, 0xfc, 0x1d,
    0xc9, 0x94, 0x4, 0xcc, 0x9, 0xf8, 0x19, 0xc0,
    0x1f, 0xeb, 0xe, 0x10, 0xf, 0xf2, 0x82, 0xd0,
    0x7, 0xf2, 0xb8, 0x49, 0x0, 0x7f, 0x44, 0x80,
    0xc8, 0x7, 0xe4, 0x63, 0x0, 0xff, 0x92, 0x80,
    0x3f, 0xf8, 0x22, 0x1, 0x46, 0xeb, 0x3, 0x76,
    0x50, 0xe, 0xae, 0xe6, 0xe7, 0x74, 0x80,

    /* U+6761 "条" */
    0x0, 0xc9, 0xa0, 0x1f, 0xf1, 0x50, 0x5d, 0xe5,
    0x0, 0xe3, 0xc0, 0xe8, 0x86, 0xa3, 0x0, 0x69,
    0xdb, 0x78, 0x20, 0x8a, 0x30, 0xd, 0xfe, 0x59,
    0x2f, 0xca, 0x50, 0xe, 0x61, 0x4a, 0x77, 0x25,
    0x41, 0x80, 0x4b, 0x9f, 0xec, 0xfc, 0x9c, 0xf,
    0xf6, 0x2, 0x7f, 0xad, 0x86, 0x58, 0xa3, 0x3f,
    0x80, 0x45, 0xff, 0x8e, 0xff, 0xea, 0x20, 0x1,
    0x7e, 0xdf, 0x9d, 0xf5, 0x7d, 0x0, 0x62, 0xf0,
    0xe, 0xe9, 0x0, 0xcd, 0x92, 0x80, 0x10, 0xd9,
    0x48, 0x4, 0xb8, 0x81, 0xa4, 0xc0, 0xb, 0xc0,
    0x8, 0xc8, 0x1, 0xbc, 0x40, 0x12, 0x80, 0x0,

    /* U+6765 "来" */
    0x0, 0xf6, 0x28, 0x7, 0xff, 0x26, 0xff, 0xf1,
    0xd7, 0xfe, 0x60, 0x5, 0xda, 0x7f, 0xc7, 0x5f,
    0xe6, 0xc6, 0x0, 0x96, 0x4, 0x3, 0x22, 0xc,
    0x3, 0xb, 0xb0, 0x6, 0x89, 0x0, 0x97, 0x30,
    0xb7, 0x87, 0x18, 0x11, 0x98, 0x4, 0x88, 0xc2,
    0x4, 0x91, 0x18, 0x5, 0x12, 0xd6, 0x37, 0x67,
    0x44, 0x80, 0x35, 0x2d, 0x86, 0xd6, 0xa0, 0x6,
    0x2c, 0x1c, 0x0, 0x92, 0xa9, 0x0, 0x6, 0xdb,
    0xb0, 0x7, 0x26, 0x26, 0x8b, 0x6b, 0x80, 0x7c,
    0x59, 0xc2,

    /* U+677E "松" */
    0x0, 0xf, 0x0, 0x44, 0x80, 0xe4, 0x1, 0xfd,
    0x5a, 0x1c, 0xa0, 0x1f, 0xcb, 0xa1, 0xb4, 0x0,
    0x3f, 0xe1, 0xfa, 0x33, 0x20, 0x21, 0xa0, 0x1f,
    0xd0, 0x75, 0x43, 0x9, 0x4, 0xc0, 0x5, 0x81,
    0x28, 0xb2, 0xd2, 0xe, 0x48, 0x0, 0x71, 0x40,
    0xd1, 0xbd, 0x0, 0x62, 0x3, 0x38, 0x47, 0x19,
    0x1b, 0x80, 0x8, 0x1, 0x74, 0x9, 0x41, 0x4a,
    0x2a, 0xe0, 0x4, 0x72, 0x0, 0xcd, 0x20, 0x92,
    0x20, 0x96, 0x1, 0x9d, 0x4c, 0xd, 0x64, 0x0,
    0x20, 0x10, 0xc2, 0xf7, 0xf8, 0x18, 0x3, 0xc3,
    0x15, 0x9f, 0xb7, 0x20,

    /* U+677F "板" */
    0x0, 0xf, 0x0, 0x78, 0x9a, 0x0, 0x3e, 0xbc,
    0xef, 0xec, 0xe0, 0x2, 0x20, 0x10, 0x93, 0xfe,
    0xca, 0x60, 0x7, 0xc8, 0xfa, 0x1, 0x8, 0x7,
    0xae, 0x42, 0x58, 0x33, 0x77, 0x60, 0x5, 0xe1,
    0x20, 0x5, 0x7f, 0xf5, 0x80, 0x42, 0xc2, 0x4a,
    0x12, 0x84, 0x4f, 0xb0, 0x3, 0x58, 0x43, 0x80,
    0xaa, 0x85, 0xd4, 0x6, 0x94, 0x4, 0x44, 0x1f,
    0x10, 0x42, 0x3, 0xa3, 0x0, 0x2b, 0x82, 0xb,
    0x58, 0x0, 0x9c, 0x2, 0xcc, 0x2, 0x18, 0x20,
    0x7, 0x85, 0x52, 0x2e, 0xd9, 0x72, 0x20, 0x19,
    0x59, 0x4f, 0x50, 0xf0, 0x98, 0x0, 0x3c, 0x92,
    0xf6, 0x40, 0x2, 0xb7,

    /* U+6781 "极" */
    0x0, 0xf, 0x0, 0x7f, 0xf0, 0xdb, 0xff, 0xa8,
    0x3, 0x18, 0x1, 0xbc, 0xb3, 0xd7, 0x0, 0x2e,
    0xd1, 0xf6, 0x3, 0x20, 0x74, 0x0, 0xba, 0x83,
    0x98, 0x4, 0x63, 0x20, 0xd, 0xe1, 0x60, 0x20,
    0x4e, 0x3d, 0xe2, 0x0, 0x71, 0x4, 0x20, 0x56,
    0xfd, 0x21, 0x6, 0x40, 0x85, 0x52, 0x48, 0x2,
    0x94, 0x1, 0x76, 0x2, 0x1f, 0xd7, 0x81, 0x79,
    0x3, 0x43, 0x0, 0x9d, 0xd0, 0xdb, 0x22, 0x7,
    0x20, 0x12, 0xa8, 0x44, 0x86, 0x80, 0x1e, 0x1b,
    0x81, 0xb6, 0x9d, 0x70, 0xe, 0x76, 0x3b, 0x3c,
    0x6c, 0xc2, 0x80, 0x7, 0x9a, 0x2, 0xa0, 0x0,
    0x56, 0xa0,

    /* U+6784 "构" */
    0x0, 0xf, 0x0, 0x56, 0x60, 0x1f, 0xf0, 0xa1,
    0x80, 0x7c, 0x60, 0x13, 0x8b, 0xbf, 0x9, 0x7e,
    0x8f, 0xc5, 0xbf, 0xfe, 0x92, 0x27, 0xd0, 0x7f,
    0xc, 0x6c, 0x44, 0x60, 0x17, 0x84, 0x87, 0xbf,
    0x80, 0x46, 0x20, 0x7, 0x12, 0x21, 0xef, 0x30,
    0x4, 0x60, 0xea, 0x10, 0x4, 0xc9, 0x88, 0x2,
    0x3, 0x34, 0x6, 0x90, 0xee, 0x6e, 0x0, 0x9,
    0x31, 0x80, 0x48, 0x63, 0xee, 0x40, 0x3, 0x80,
    0xd, 0xd2, 0xc7, 0xa2, 0x40, 0x1f, 0xfc, 0xb,
    0x70, 0xf, 0xf5, 0x7b, 0x48, 0x4, 0x3c, 0x1,
    0xd5, 0xfc, 0x60,

    /* U+6790 "析" */
    0x0, 0xf, 0x80, 0x79, 0x60, 0x3, 0xf0, 0xbd,
    0xf7, 0x42, 0x1, 0xf2, 0xd4, 0x75, 0xb0, 0x81,
    0x7f, 0x7, 0xf8, 0x18, 0xc0, 0x38, 0xba, 0x83,
    0xb8, 0x1, 0xfc, 0x38, 0xe, 0x20, 0x9f, 0xfc,
    0x40, 0x4, 0xb, 0x20, 0x4f, 0xf0, 0xef, 0x90,
    0x32, 0x4, 0xc8, 0x3, 0xfa, 0xec, 0x9, 0x44,
    0x40, 0xf, 0x32, 0x18, 0x0, 0x7b, 0x80, 0x1e,
    0x69, 0x0, 0xc8, 0x60, 0x1f, 0xf1, 0x11, 0x0,
    0x3f, 0xe7, 0x90, 0xf, 0x80,

    /* U+679A "枚" */
    0x0, 0xff, 0xe2, 0xf, 0x0, 0x4b, 0x40, 0x1f,
    0xfc, 0xc, 0xd0, 0xf, 0xfe, 0x3, 0x8a, 0x26,
    0x4, 0xfe, 0x1f, 0xc4, 0xa, 0x88, 0x5c, 0xa,
    0x74, 0x87, 0x6c, 0x2e, 0x63, 0x83, 0x4, 0x7,
    0x0, 0xc, 0x2a, 0x0, 0x44, 0x0, 0x67, 0xa,
    0x4e, 0x54, 0xc, 0xd0, 0x9, 0x90, 0x4e, 0xcf,
    0xbc, 0x55, 0xc0, 0x2b, 0xa0, 0x84, 0x5, 0x56,
    0xb0, 0x80, 0x19, 0xc8, 0x1, 0x80, 0x9, 0x3b,
    0x0, 0x92, 0xc0, 0x39, 0x24, 0xf8, 0x40, 0x4,
    0x20, 0x1a, 0x2e, 0xd8, 0xde, 0xa0, 0x1e, 0x83,
    0xd5, 0xa, 0x88, 0x8, 0x0, 0x78, 0x22, 0xc8,
    0x2, 0x6d, 0x10,

    /* U+679C "果" */
    0x0, 0x76, 0xed, 0xfb, 0xbb, 0x80, 0x3b, 0xf7,
    0x43, 0xdb, 0xae, 0x0, 0xf6, 0x77, 0x7, 0x7b,
    0x9a, 0x1, 0xec, 0xee, 0xe, 0xf7, 0x34, 0x3,
    0xce, 0x66, 0x6, 0x33, 0x28, 0x7, 0x27, 0x44,
    0x6, 0x62, 0x1a, 0x80, 0x10, 0xdd, 0x54, 0x31,
    0x55, 0x58, 0x83, 0x66, 0x6e, 0x1b, 0xfc, 0xca,
    0xc1, 0xb7, 0x65, 0x30, 0x52, 0xcd, 0xd5, 0x0,
    0x47, 0x85, 0x83, 0x31, 0x8e, 0x1, 0x26, 0x74,
    0xd0, 0x4, 0x99, 0xdc, 0x80, 0x79, 0xd5, 0x0,
    0xe1, 0x9f, 0xc0,

    /* U+67B6 "架" */
    0x0, 0xbc, 0x3, 0xfe, 0x12, 0x1, 0x18, 0x22,
    0x33, 0x80, 0x33, 0x1, 0x98, 0xe1, 0x70, 0x0,
    0xc8, 0x3, 0x65, 0xb7, 0x4, 0x6, 0x21, 0x60,
    0x1a, 0x74, 0x14, 0x80, 0x3f, 0x59, 0x35, 0xca,
    0x0, 0x3b, 0x98, 0x60, 0x7, 0xd2, 0x8f, 0xa2,
    0xee, 0xda, 0x0, 0xc1, 0x3, 0x27, 0x90, 0xf,
    0x17, 0xff, 0x52, 0xff, 0xee, 0x2, 0xff, 0xc8,
    0x64, 0x4d, 0xff, 0x70, 0x6, 0x4d, 0xd4, 0xbc,
    0xfb, 0x0, 0x65, 0xcf, 0xf3, 0x0, 0x13, 0x3f,
    0x5c, 0x43, 0x3e, 0xc8, 0x3, 0xc, 0xf8, 0x8,

    /* U+67C4 "柄" */
    0x0, 0x16, 0x80, 0x7f, 0xf0, 0xd3, 0xff, 0xe7,
    0x1, 0x10, 0xa, 0x7f, 0xc5, 0xbf, 0xe7, 0xc,
    0xc1, 0x7a, 0x11, 0x46, 0xc4, 0x60, 0xd, 0xa1,
    0xe4, 0xdf, 0xf0, 0xcf, 0xe2, 0x80, 0x30, 0x60,
    0x1, 0xba, 0x2c, 0xd4, 0x0, 0x9c, 0x8c, 0xc0,
    0x11, 0x38, 0x6, 0x54, 0x9, 0x50, 0x2, 0xa5,
    0x88, 0x5, 0x3c, 0x4, 0xc0, 0x31, 0x15, 0x80,
    0x5, 0x98, 0x1, 0xa1, 0x4d, 0x44, 0x0, 0x34,
    0x1, 0xd3, 0x0, 0xb, 0x0, 0xff, 0xe7, 0x37,
    0x2b, 0x80, 0xb, 0x40, 0x1e, 0x1, 0x37, 0x70,
    0x80,

    /* U+67D0 "某" */
    0x0, 0xa2, 0x0, 0x1a, 0x24, 0x3, 0x8, 0x80,
    0x47, 0xc0, 0x22, 0x0, 0x66, 0x19, 0xf3, 0x33,
    0xbb, 0x30, 0x41, 0xba, 0x66, 0x6e, 0xe6, 0x7d,
    0xd1, 0x0, 0x67, 0xdd, 0xcc, 0x1, 0xf9, 0xb3,
    0x33, 0x80, 0x7d, 0xc9, 0x98, 0xec, 0x4e, 0x0,
    0xf3, 0x6e, 0xb8, 0xb7, 0x4e, 0x1, 0xf, 0xff,
    0x61, 0x7f, 0xf1, 0x8f, 0xfd, 0xc8, 0x81, 0x2a,
    0xff, 0x8c, 0x2, 0x6f, 0xd8, 0x3c, 0x99, 0x8,
    0x4, 0xdb, 0xac, 0x60, 0x0, 0xe0, 0xfc, 0x8,
    0x77, 0x2c, 0x80, 0x3a, 0x30, 0x4,

    /* U+67D3 "染" */
    0x0, 0xff, 0xe1, 0xac, 0x90, 0x5, 0xe0, 0x1f,
    0x2f, 0x61, 0x80, 0x88, 0x3, 0xc4, 0x8f, 0xe1,
    0xfc, 0x3f, 0xe8, 0x0, 0xdb, 0xa3, 0x37, 0xbb,
    0xbd, 0xc0, 0x31, 0x4e, 0x50, 0x1, 0xa8, 0x3,
    0x38, 0x0, 0x77, 0xc6, 0xd8, 0x80, 0x2, 0x54,
    0x21, 0x96, 0xf8, 0x7c, 0x41, 0x65, 0xc8, 0x21,
    0xee, 0x1b, 0x14, 0xe0, 0x77, 0x92, 0xd, 0xbf,
    0xf8, 0xeb, 0xff, 0x81, 0xbf, 0xea, 0x22, 0x1a,
    0x77, 0xfc, 0x1, 0xa6, 0x58, 0x33, 0xb8, 0xa0,
    0x10, 0xc7, 0xe, 0x8, 0x1, 0xba, 0x75, 0x80,
    0x87, 0x20, 0x3, 0x8f, 0x27, 0x80,

    /* U+67E5 "查" */
    0x0, 0xf4, 0xb8, 0x7, 0xff, 0x20, 0xfb, 0xb7,
    0xb4, 0x7f, 0x76, 0x33, 0x77, 0x54, 0x4a, 0xc5,
    0x5d, 0xd1, 0x80, 0x51, 0x3e, 0x7d, 0xf3, 0x0,
    0x19, 0xb4, 0x74, 0xb8, 0x4b, 0x47, 0x9c, 0x4b,
    0x38, 0xb3, 0x17, 0x59, 0x83, 0xcf, 0x2, 0xa3,
    0x5e, 0xcc, 0xde, 0x85, 0x2, 0x1, 0xba, 0xef,
    0x78, 0x7, 0xee, 0xbb, 0xde, 0x1, 0xf1, 0x76,
    0x66, 0xf2, 0x0, 0xc2, 0x2d, 0xdf, 0xc2, 0x20,
    0x6, 0x7f, 0xff, 0xc0,

    /* U+6805 "栅" */
    0x0, 0x70, 0x80, 0x7f, 0xf0, 0xf7, 0xbd, 0x3b,
    0x9e, 0xc0, 0x1f, 0x7b, 0x0, 0x39, 0xc0, 0xd,
    0xe3, 0xca, 0x1, 0xfc, 0xdc, 0x1a, 0xa0, 0x1f,
    0xe2, 0x5, 0x0, 0xc2, 0x2, 0x2, 0x0, 0x40,
    0xba, 0x2e, 0x6a, 0x1e, 0x78, 0x40, 0xb1, 0xa9,
    0x2f, 0x6b, 0x1f, 0x79, 0x42, 0x70, 0x73, 0x0,
    0xfe, 0xbe, 0x0, 0xff, 0xe0, 0x5a, 0x80, 0xd,
    0x0, 0x2, 0x60, 0x18, 0x80, 0x2b, 0xc0, 0x6,
    0xb8, 0x7, 0x8c, 0x9, 0x65, 0xc7, 0xe1, 0x88,
    0x2, 0xd1, 0xa0, 0x9e, 0x95, 0x8e, 0x40,

    /* U+6807 "标" */
    0x0, 0x17, 0x0, 0x7f, 0xf1, 0xf, 0xbb, 0xb4,
    0x3, 0xe3, 0xff, 0xec, 0x3, 0xed, 0x1e, 0xb0,
    0x11, 0xf0, 0x1e, 0x30, 0x6c, 0xaa, 0xfc, 0x40,
    0x4a, 0x12, 0x7f, 0xf5, 0x77, 0xf9, 0x80, 0x84,
    0x46, 0xd5, 0x51, 0x45, 0x51, 0x2, 0x28, 0x24,
    0x82, 0xc0, 0x28, 0x30, 0x47, 0x50, 0x2, 0xa8,
    0x3, 0x6d, 0x0, 0x24, 0x3, 0x4f, 0x80, 0x4a,
    0x80, 0x88, 0x0, 0x94, 0x10, 0x3, 0x39, 0x80,
    0x7b, 0x80, 0x3b, 0x84, 0x3, 0x94, 0x9f, 0xcc,
    0x81, 0x8, 0x0, 0x5e, 0x1, 0x3f, 0xf0, 0x80,
    0x40,

    /* U+6808 "栈" */
    0x0, 0xff, 0xe2, 0xf, 0x0, 0x6f, 0x15, 0x0,
    0xff, 0xe0, 0xf4, 0x0, 0x63, 0x0, 0xe1, 0x3b,
    0x12, 0x0, 0x6e, 0x87, 0xdd, 0x5c, 0x3f, 0x9e,
    0xc0, 0x1b, 0x41, 0xef, 0xde, 0x75, 0xfd, 0x20,
    0x16, 0x4, 0x85, 0xc2, 0x0, 0x11, 0xc4, 0x0,
    0x82, 0x48, 0xb0, 0x91, 0xff, 0x0, 0x19, 0x2,
    0x5b, 0xfd, 0x45, 0xd6, 0x64, 0x31, 0x40, 0x44,
    0xa7, 0x71, 0xd, 0x9, 0x8c, 0x90, 0x7, 0x93,
    0xc2, 0x80, 0xe, 0x1, 0xe7, 0x40, 0xa3, 0x80,
    0xe, 0x39, 0xed, 0xd1, 0xba, 0x78, 0x7, 0x38,
    0xe5, 0x17, 0xd4, 0xa8,

    /* U+6811 "树" */
    0x0, 0xff, 0xe2, 0x70, 0x80, 0x7d, 0xc2, 0x1,
    0xe4, 0x48, 0x3, 0xfc, 0x3d, 0xca, 0x10, 0xe,
    0x6f, 0x1e, 0x4a, 0xa1, 0xc7, 0x70, 0x7c, 0x9b,
    0xc3, 0x5e, 0x80, 0x13, 0xdc, 0x1c, 0x20, 0x40,
    0x82, 0x66, 0x85, 0x0, 0x6, 0x0, 0xc0, 0x63,
    0xf9, 0xc1, 0x91, 0x0, 0xc8, 0x30, 0x86, 0x61,
    0xa, 0x90, 0x8, 0xd8, 0x15, 0xc0, 0xac, 0x18,
    0x40, 0x2a, 0xe0, 0x9, 0x9d, 0xca, 0x32, 0x1,
    0x42, 0x0, 0x51, 0x70, 0x80, 0x1c, 0x20, 0x14,
    0x39, 0x10, 0x40, 0x3f, 0xa6, 0x40, 0x15, 0x79,
    0x8, 0x5, 0xc2, 0x20, 0xd, 0x5f, 0x80, 0x0,

    /* U+6821 "校" */
    0x0, 0xff, 0xe2, 0xf, 0x0, 0x65, 0xb0, 0xf,
    0xfe, 0x2, 0xb1, 0x80, 0x7e, 0x1e, 0xe8, 0xf7,
    0xb9, 0x1, 0xbc, 0x3e, 0xd9, 0x54, 0xca, 0xbc,
    0x90, 0xd9, 0xe, 0x72, 0x92, 0x23, 0x58, 0x88,
    0x1, 0x80, 0xc1, 0x4e, 0xc0, 0x55, 0xa2, 0x0,
    0x71, 0xb6, 0x16, 0x20, 0x38, 0x95, 0x5, 0x40,
    0xa0, 0xbb, 0x82, 0x91, 0xd0, 0x22, 0x81, 0x98,
    0xe, 0xe6, 0x79, 0x0, 0x1b, 0x90, 0x7, 0x5c,
    0xc8, 0x40, 0x7, 0x60, 0x1c, 0x32, 0x72, 0x60,
    0x10, 0x80, 0x65, 0xf4, 0xc8, 0xc9, 0x20, 0xe,
    0x49, 0xd8, 0x6, 0xd3, 0x40, 0x0, 0xf0, 0x26,
    0x18, 0x4, 0x54, 0xc0,

    /* U+6837 "样" */
    0x0, 0x1e, 0x0, 0x16, 0x0, 0x27, 0x80, 0xf,
    0x91, 0xc8, 0x1, 0x36, 0x1, 0x38, 0x4, 0x2c,
    0xe0, 0xc4, 0x60, 0xf, 0xb3, 0xf6, 0xe7, 0xbf,
    0x82, 0xe3, 0xf, 0x92, 0xf6, 0xee, 0x83, 0xba,
    0x30, 0x6, 0x13, 0x0, 0x42, 0x1, 0xf2, 0x15,
    0x8d, 0xf7, 0x87, 0x72, 0xc0, 0xa, 0xa1, 0xb3,
    0xbe, 0xe0, 0x77, 0x2c, 0x1, 0x1c, 0xc, 0x40,
    0x1, 0x0, 0xe3, 0x66, 0x0, 0x2f, 0xfd, 0xc1,
    0xff, 0x39, 0xd0, 0x5, 0x7f, 0xf0, 0x7f, 0xce,
    0x2, 0x1, 0xff, 0xce,

    /* U+6838 "核" */
    0x0, 0xff, 0xe2, 0xf, 0x0, 0x76, 0x90, 0x7,
    0xff, 0x1, 0x28, 0x3, 0x8c, 0x0, 0x3b, 0xb3,
    0xbb, 0x75, 0x21, 0xda, 0x3e, 0xdf, 0xe6, 0x66,
    0xff, 0xa0, 0x3a, 0xc3, 0xdc, 0x85, 0xa0, 0x90,
    0xc4, 0x1, 0xa1, 0x0, 0x5d, 0x22, 0xf4, 0x20,
    0x12, 0x9, 0x94, 0x94, 0xfc, 0xf0, 0x4, 0xae,
    0x1e, 0xd7, 0xf0, 0x1a, 0x7a, 0x41, 0x1c, 0x8,
    0x81, 0xa8, 0xc3, 0xa4, 0x22, 0x32, 0x80, 0x5b,
    0xb1, 0xd8, 0x48, 0x15, 0x80, 0x6c, 0x74, 0xc6,
    0x1, 0x0, 0xf9, 0x2e, 0x65, 0xb9, 0x82, 0x0,
    0xe9, 0x8e, 0xd4, 0x7, 0xb4, 0x0, 0xf, 0x4,
    0xe2, 0x80, 0x66, 0x60,

    /* U+6839 "根" */
    0x0, 0xf, 0x0, 0x7f, 0xf1, 0x3f, 0xbb, 0x7a,
    0x80, 0x9, 0x40, 0x88, 0x1d, 0xd9, 0x40, 0x5,
    0x30, 0x32, 0x81, 0x99, 0x90, 0x0, 0x57, 0x21,
    0x6c, 0x1d, 0xd9, 0x40, 0x37, 0x84, 0x80, 0x8,
    0xb0, 0x80, 0x42, 0xe2, 0x46, 0x1d, 0xd9, 0x40,
    0x26, 0x50, 0x87, 0xe, 0x96, 0xef, 0x0, 0xc,
    0xd0, 0x1a, 0x0, 0x15, 0x8f, 0x3c, 0x9, 0x8c,
    0x3, 0x89, 0x36, 0x68, 0xe, 0x0, 0x3e, 0xb0,
    0xf, 0xe1, 0x8, 0xb9, 0xdb, 0x81, 0x0, 0xe3,
    0x37, 0xc4, 0xf, 0xc, 0x80, 0x3, 0xc0, 0x58,
    0xe6, 0x0, 0x2b, 0x30,

    /* U+683C "格" */
    0x0, 0xff, 0xe2, 0xf, 0x0, 0x6d, 0x10, 0xf,
    0xf9, 0xcd, 0x9d, 0xc4, 0x1, 0xf1, 0x43, 0x0,
    0x21, 0x80, 0xbf, 0x87, 0xf3, 0xcb, 0xdc, 0x8d,
    0x0, 0xbe, 0x83, 0xd1, 0x19, 0x2b, 0x7e, 0x1,
    0xb0, 0x22, 0x12, 0x31, 0x4c, 0x60, 0x19, 0x5,
    0x14, 0x16, 0x1d, 0x9c, 0x2, 0x54, 0xe, 0xcb,
    0x9d, 0x8c, 0xc7, 0x28, 0x4d, 0x1, 0x8, 0x8f,
    0x7b, 0x11, 0xe, 0xac, 0x40, 0x8, 0xc6, 0xee,
    0x9f, 0x49, 0x20, 0x3, 0xff, 0x80, 0x24, 0x1,
    0xc6, 0x78, 0x80, 0x3f, 0x92, 0x22, 0x40, 0xc,
    0x3c, 0x0, 0x6e, 0xbb, 0xb9, 0xc0,

    /* U+6848 "案" */
    0x0, 0xff, 0xe4, 0x52, 0x0, 0x7d, 0x9d, 0xd9,
    0x6f, 0xbb, 0x68, 0x0, 0xbf, 0xb9, 0x71, 0xfd,
    0xd7, 0x90, 0x3, 0x4c, 0x8e, 0xcc, 0x8b, 0x1e,
    0x0, 0xc4, 0xf6, 0x17, 0xcc, 0xb7, 0xe6, 0x4,
    0x57, 0x66, 0x5d, 0xbb, 0x61, 0x6d, 0xd8, 0x40,
    0x3, 0x85, 0x9d, 0xb1, 0x0, 0xe, 0x8b, 0xa5,
    0x67, 0x8a, 0xcd, 0xc5, 0x0, 0x64, 0xee, 0xac,
    0x9, 0x67, 0x7d, 0x0, 0xeb, 0x7f, 0xbd, 0xa3,
    0xfb, 0x9b, 0xe8, 0x7d, 0xd4, 0x1a, 0x29, 0x47,
    0x74, 0x80, 0x71, 0xbd, 0x85, 0xba, 0xed, 0x83,
    0x2, 0x8e, 0xc8, 0x0, 0xd1, 0xbd, 0x6,

    /* U+684C "桌" */
    0x0, 0xf7, 0x80, 0x7f, 0xf0, 0xbb, 0xb9, 0x0,
    0x3f, 0x77, 0x72, 0x0, 0x5d, 0xbb, 0x16, 0xed,
    0xc8, 0x1, 0xd9, 0xbb, 0xe2, 0x10, 0xe, 0xdc,
    0xcf, 0x18, 0x7, 0xa3, 0xff, 0xc4, 0x1, 0xcd,
    0xb5, 0x4c, 0x9a, 0xa2, 0x30, 0x0, 0x8e, 0xea,
    0xa0, 0xfa, 0xa8, 0xc, 0x12, 0x23, 0x60, 0x57,
    0xc4, 0x52, 0xd, 0x76, 0x87, 0x91, 0xa1, 0xdb,
    0xb5, 0x0, 0x16, 0xe3, 0x98, 0x1f, 0x3f, 0x5c,
    0x81, 0xbe, 0x2c, 0x80, 0x21, 0x9f, 0xf5, 0x80,

    /* U+6863 "档" */
    0x0, 0xf, 0x0, 0x61, 0xe0, 0xf, 0xe1, 0xd0,
    0x0, 0x80, 0xf0, 0x7, 0x85, 0x90, 0x2, 0x74,
    0x1, 0xfe, 0x1f, 0xae, 0xf0, 0xa, 0xa4, 0x7,
    0xe4, 0x3e, 0x97, 0x80, 0x3, 0x66, 0x1, 0x60,
    0x41, 0x4e, 0x58, 0x47, 0x48, 0x4, 0xe2, 0x69,
    0xfe, 0xc9, 0xff, 0x30, 0x1, 0x50, 0x24, 0x19,
    0xbc, 0x1, 0x45, 0x1, 0x3f, 0xff, 0x80, 0x8,
    0xe4, 0x0, 0x1f, 0xff, 0x0, 0x12, 0xc0, 0x3f,
    0xf8, 0x22, 0x1, 0x4f, 0xff, 0x80, 0x3e, 0x9f,
    0xff, 0x0, 0x0,

    /* U+6865 "桥" */
    0x0, 0xf, 0x0, 0x71, 0x23, 0xb0, 0x7, 0xcf,
    0xfe, 0xdf, 0xf1, 0x0, 0x7c, 0xff, 0x87, 0x70,
    0x80, 0x3f, 0xc3, 0xf0, 0x0, 0xb4, 0x0, 0xc3,
    0xf4, 0x1d, 0x3f, 0xe7, 0x77, 0xfd, 0x40, 0xc,
    0x8, 0x1f, 0x75, 0xfc, 0x2f, 0xa0, 0x2, 0x9,
    0x23, 0x32, 0xc0, 0xea, 0xc0, 0xa, 0x81, 0x23,
    0x12, 0xc0, 0x38, 0x72, 0x11, 0x40, 0x4b, 0xc3,
    0xc0, 0x4, 0x89, 0x24, 0x20, 0xd, 0xdc, 0x0,
    0xe2, 0x90, 0xe, 0x54, 0x0, 0xff, 0xa0, 0x4c,
    0x3, 0xfc, 0x8b, 0xa0, 0x1f, 0x87, 0x81, 0x34,
    0x40, 0x3, 0xe0, 0x0,

    /* U+68C0 "检" */
    0x0, 0xff, 0xe2, 0x5a, 0x0, 0x6c, 0x40, 0xf,
    0xf9, 0x4f, 0x80, 0x38, 0x40, 0x31, 0x5e, 0xb,
    0x80, 0x51, 0xc9, 0x76, 0x1f, 0x83, 0xaa, 0x38,
    0x2, 0x3c, 0x6e, 0x71, 0x14, 0xca, 0x6a, 0x80,
    0x3, 0x18, 0xbb, 0x74, 0x45, 0xf8, 0x60, 0xb,
    0x7, 0xe6, 0x7b, 0x8b, 0xb1, 0xc0, 0x1, 0x53,
    0xc5, 0xd4, 0x3c, 0x42, 0x54, 0x1d, 0x40, 0xc,
    0x9c, 0x8, 0xa4, 0xe8, 0x3, 0x20, 0x11, 0xa8,
    0x68, 0xdc, 0x80, 0x18, 0x40, 0x36, 0x2, 0xba,
    0xa8, 0x3, 0xc9, 0x73, 0x76, 0xf1, 0xba, 0x0,
    0xe5, 0x88, 0xdd, 0xc8, 0x90,

    /* U+690D "植" */
    0x0, 0xff, 0xe2, 0x62, 0x0, 0x6a, 0x60, 0xf,
    0xfe, 0x3, 0x28, 0x7, 0xf7, 0x74, 0x7b, 0xdc,
    0xa0, 0x7e, 0x3a, 0x9e, 0xe7, 0x97, 0x75, 0x40,
    0xfe, 0x37, 0x25, 0xf8, 0x1b, 0xaf, 0x20, 0x1,
    0x8c, 0x80, 0xf, 0x77, 0x10, 0x4, 0xa0, 0xcc,
    0x3, 0xcc, 0xc4, 0x1, 0x51, 0xf0, 0x81, 0xe6,
    0x62, 0x0, 0x2b, 0x80, 0x1c, 0xf, 0x33, 0x10,
    0x3, 0xa4, 0x3, 0x1e, 0x66, 0x20, 0x5, 0x18,
    0x6, 0x3c, 0xcc, 0x40, 0x1, 0x0, 0x85, 0xca,
    0x23, 0xb, 0x88, 0x6, 0x6a, 0x2b, 0xbc, 0x34,
    0xe0,

    /* U+6982 "概" */
    0x0, 0x68, 0x80, 0x7f, 0xf0, 0x97, 0xfb, 0xe3,
    0xbf, 0xdc, 0x20, 0x1c, 0xfc, 0x71, 0xb8, 0xbc,
    0x29, 0xc5, 0xf8, 0xb4, 0x43, 0xce, 0x60, 0x4,
    0xe0, 0xcc, 0x24, 0x12, 0xb8, 0x88, 0x2, 0x30,
    0xb0, 0x12, 0x3, 0x2d, 0x2, 0x0, 0x20, 0x26,
    0xbf, 0x17, 0x23, 0xaf, 0x8, 0x58, 0xc0, 0x3f,
    0x7c, 0xe0, 0xce, 0x9, 0x39, 0xa6, 0x81, 0xd8,
    0x18, 0x98, 0x2, 0xb8, 0x3, 0x32, 0x8c, 0xa0,
    0x5, 0x2a, 0x0, 0x27, 0xc9, 0x77, 0x68, 0x10,
    0x88, 0x2, 0xfc, 0x96, 0xae, 0x0, 0x30, 0x7,
    0x41, 0x83, 0xd9, 0x94, 0xc0, 0x80, 0x34, 0x40,
    0x27, 0x70, 0x27, 0x60, 0x0,

    /* U+6A21 "模" */
    0x0, 0x61, 0x80, 0x5e, 0x0, 0xe1, 0x0, 0xfa,
    0xec, 0x17, 0x61, 0xdb, 0x0, 0xce, 0x11, 0xe1,
    0xfe, 0x19, 0xf0, 0x7f, 0x3b, 0xa1, 0x24, 0x22,
    0x21, 0xa8, 0x3f, 0x8c, 0xd2, 0x6e, 0x80, 0x19,
    0x48, 0x0, 0x21, 0x81, 0x5, 0xaa, 0xc4, 0x1,
    0x28, 0x25, 0x83, 0xe6, 0x65, 0x0, 0xa8, 0xf8,
    0x0, 0xf9, 0xb9, 0x85, 0x10, 0x57, 0x7, 0xa6,
    0xec, 0x68, 0xce, 0x40, 0xc9, 0x0, 0x37, 0x74,
    0x95, 0xdd, 0x4, 0x98, 0x1, 0xbb, 0x8c, 0x85,
    0x7d, 0xc0, 0xf, 0x15, 0x2d, 0x74, 0x40, 0x40,
    0x39, 0xff, 0x74, 0x25, 0x83, 0x82, 0x0, 0xc3,
    0x7d, 0x70, 0x8, 0x67, 0x44,

    /* U+6A59 "橙" */
    0x0, 0x25, 0x80, 0x73, 0x10, 0x7, 0xea, 0xef,
    0x90, 0x8b, 0x20, 0xf, 0x67, 0xae, 0xb2, 0xfa,
    0x8, 0x7d, 0xa7, 0x86, 0x3a, 0x3, 0xce, 0x0,
    0x3e, 0x13, 0xdc, 0x1, 0xba, 0x30, 0xf1, 0x0,
    0x62, 0x23, 0x23, 0x73, 0x17, 0xf6, 0xa0, 0x2a,
    0x7f, 0xeb, 0xdc, 0xc6, 0xec, 0xa0, 0xce, 0xed,
    0x30, 0xcd, 0xd8, 0x48, 0x1, 0x5a, 0xc, 0x21,
    0x9b, 0xb0, 0x80, 0xe, 0x80, 0x36, 0x56, 0xea,
    0xa8, 0x20, 0x6e, 0x1, 0x8a, 0x40, 0x12, 0xe0,
    0x1f, 0xca, 0x4a, 0xa2, 0x0, 0xf1, 0x77, 0x17,
    0x2d, 0x7b, 0x8a,

    /* U+6B21 "次" */
    0x0, 0xf2, 0x90, 0x7, 0xcc, 0x1, 0xad, 0x80,
    0x3e, 0xfe, 0x40, 0x21, 0x72, 0x2e, 0x0, 0x4d,
    0x48, 0x50, 0x6e, 0x66, 0xd0, 0x9, 0x34, 0x1a,
    0xfa, 0x7b, 0x90, 0x80, 0x1c, 0xe6, 0x81, 0x2,
    0x15, 0xc0, 0x1e, 0x90, 0x10, 0x31, 0x5, 0x0,
    0xd8, 0xc8, 0x4, 0x8, 0x38, 0x1, 0x9c, 0x4,
    0x1, 0x63, 0xa0, 0x1c, 0x71, 0xc0, 0x1, 0x6a,
    0x54, 0x0, 0xdc, 0xe4, 0x0, 0xa4, 0x45, 0xc8,
    0x80, 0x9, 0xe0, 0x7, 0x1e, 0x81, 0x53, 0xc,
    0xa, 0x81, 0x39, 0x70, 0x2, 0x9a, 0xc3, 0x0,
    0x93, 0x64, 0x3, 0x9f, 0x8c,

    /* U+6B3E "款" */
    0x0, 0xff, 0xe2, 0xd2, 0x80, 0x5a, 0x40, 0x18,
    0xee, 0xc9, 0x37, 0x62, 0x28, 0x3, 0x14, 0x41,
    0x6e, 0x20, 0x20, 0xef, 0x84, 0x57, 0x66, 0xcb,
    0x45, 0x3f, 0xfa, 0x0, 0x1b, 0xa8, 0xed, 0x3c,
    0xac, 0x9a, 0x21, 0x7, 0x7f, 0x2b, 0xc1, 0x22,
    0x0, 0x11, 0x33, 0xa9, 0xc4, 0x0, 0x34, 0x5,
    0xfd, 0xdb, 0x24, 0x9, 0x5c, 0xc0, 0x77, 0x51,
    0xdb, 0xa3, 0x11, 0x60, 0x4, 0x61, 0x8f, 0xc3,
    0x84, 0xe8, 0x81, 0x0, 0x95, 0x0, 0x15, 0x21,
    0x7e, 0xd6, 0x0, 0x5a, 0x0, 0x8e, 0x60, 0x52,
    0x1e, 0x1, 0x5f, 0x11, 0x81, 0x53, 0x80, 0x1e,
    0x84, 0x0, 0xce, 0x30, 0x1c, 0x20, 0x1, 0x61,
    0x0,

    /* U+6B47 "歇" */
    0x0, 0xfe, 0x80, 0xe, 0xbc, 0xcd, 0xc0, 0x4c,
    0x1, 0xe6, 0x55, 0x80, 0x8, 0x17, 0x71, 0x0,
    0x3e, 0xed, 0x40, 0xa, 0x88, 0x94, 0x80, 0x13,
    0xdc, 0xf0, 0x31, 0x58, 0x22, 0x0, 0x28, 0xb7,
    0x31, 0xd7, 0x20, 0xea, 0x80, 0x9, 0x1c, 0xdd,
    0x76, 0x23, 0x8a, 0x40, 0x2a, 0xbf, 0xa7, 0x54,
    0x0, 0x24, 0x1, 0x10, 0x94, 0x70, 0x1, 0xc3,
    0x40, 0xc0, 0xe, 0xd4, 0x7c, 0xce, 0x20, 0xaf,
    0x60, 0x18, 0xcb, 0x8c, 0x8d, 0x46, 0x14, 0x2,
    0xb9, 0x88, 0x38, 0x85, 0xf8, 0x2d, 0x0, 0x4,
    0x89, 0x7e, 0xd3, 0x23, 0x8, 0x10, 0xe, 0x9d,
    0x98, 0x70, 0xa, 0xc0,

    /* U+6B62 "止" */
    0x0, 0xfa, 0x60, 0x3, 0xff, 0xae, 0x36, 0x1,
    0xff, 0xc0, 0x35, 0x0, 0xe1, 0x1c, 0x1, 0xfc,
    0xfd, 0xd8, 0x40, 0x3f, 0x3f, 0xfe, 0x10, 0xf,
    0xff, 0x6c, 0xc0, 0xcc, 0xc8, 0xb3, 0x39, 0xc3,
    0xf2, 0x7f, 0xeb, 0xb7, 0xfe, 0x30,

    /* U+6B63 "正" */
    0x9, 0xff, 0xff, 0x70, 0x2, 0x7b, 0xb6, 0x7,
    0x76, 0xf0, 0x8, 0x47, 0x10, 0x8, 0xf0, 0x6,
    0x30, 0xf, 0xfe, 0x1, 0x68, 0x7, 0xff, 0x1b,
    0xff, 0x30, 0x7, 0xf7, 0x76, 0x60, 0xf, 0xe1,
    0x1c, 0x1, 0xff, 0xd3, 0x8b, 0x18, 0x88, 0x22,
    0x38, 0xc3, 0xfa, 0x3f, 0xdd, 0x1f, 0xfc, 0x0,

    /* U+6B64 "此" */
    0x0, 0xcd, 0x60, 0xe, 0x20, 0xf, 0xfe, 0xa8,
    0xe0, 0x7, 0xf2, 0x0, 0x44, 0x0, 0x73, 0x20,
    0x1, 0xec, 0x88, 0x7, 0x1f, 0xd0, 0x4e, 0xd6,
    0x88, 0x7, 0x26, 0x40, 0x1f, 0xb8, 0x7, 0xfd,
    0x42, 0x1, 0xff, 0xd1, 0x23, 0x0, 0xff, 0xe0,
    0x34, 0x1, 0xb, 0x6a, 0x75, 0x83, 0x91, 0x30,
    0x89, 0x85, 0x98, 0xac, 0xb9, 0x8c, 0xc2, 0x59,
    0x7e, 0xd3, 0xa9, 0x3, 0xef, 0x73, 0x8,

    /* U+6B65 "步" */
    0x0, 0xf3, 0x70, 0x7, 0xf5, 0x0, 0x7f, 0xf0,
    0x5, 0x40, 0x21, 0xff, 0xb0, 0x3, 0xf8, 0x7f,
    0xec, 0x0, 0xb, 0x30, 0x19, 0x98, 0x2c, 0xdc,
    0x0, 0xef, 0x7e, 0xe0, 0xf, 0x77, 0x8, 0xa2,
    0x14, 0x71, 0xc7, 0x10, 0xa0, 0x81, 0x0, 0xf,
    0xe0, 0x7, 0x48, 0x80, 0x45, 0x88, 0xe0, 0x1a,
    0x5a, 0x40, 0x27, 0x59, 0x0, 0xd6, 0x98, 0x1,
    0x96, 0x0, 0x3, 0x84, 0x4d, 0x10, 0xc, 0x28,
    0xf9, 0xc5, 0x92, 0x1, 0xc3, 0xf3, 0xd3, 0xf4,
    0x60, 0x1e, 0x1e, 0xd9, 0x50, 0xf, 0xe0,

    /* U+6B67 "歧" */
    0x0, 0xbc, 0x3, 0xf, 0x0, 0x7f, 0xf1, 0xc8,
    0x2, 0x4d, 0xd6, 0xe, 0xec, 0x21, 0xe2, 0x0,
    0x4c, 0xc7, 0x6, 0x64, 0x20, 0x1a, 0x58, 0x44,
    0x42, 0x38, 0x3, 0xbc, 0xa6, 0x50, 0x33, 0x25,
    0x0, 0xe6, 0x40, 0x5f, 0x9f, 0x52, 0x0, 0xfa,
    0x9, 0xd9, 0xc9, 0x80, 0x3e, 0x16, 0x80, 0x87,
    0x10, 0xe, 0x37, 0x8, 0x4a, 0x49, 0x0, 0x9,
    0xd8, 0x78, 0x4, 0xeb, 0x40, 0x14, 0x26, 0x76,
    0x3a, 0xe8, 0xdd, 0x50, 0xc2, 0x69, 0x84, 0x2b,
    0xa6, 0xd3, 0x4b, 0x84, 0x3, 0xaa, 0xd0, 0x2,
    0x8d, 0x10,

    /* U+6B7B "死" */
    0x4f, 0xff, 0xfe, 0x1, 0xa6, 0xe9, 0x1b, 0x76,
    0xb, 0xdd, 0x8c, 0x8, 0x89, 0x64, 0x50, 0xb1,
    0x14, 0x1, 0x38, 0x76, 0x60, 0x80, 0x2a, 0x80,
    0x1, 0x45, 0xff, 0x8c, 0xc0, 0x36, 0xd2, 0x0,
    0xe7, 0x53, 0x73, 0x10, 0xd3, 0xc1, 0x3, 0x6e,
    0xc2, 0xeb, 0x0, 0x54, 0x0, 0x47, 0x4d, 0x58,
    0x8c, 0x0, 0x60, 0xf, 0x9c, 0x20, 0x40, 0x38,
    0x40, 0x35, 0xab, 0x0, 0x7a, 0x8c, 0xf, 0x42,
    0xc0, 0x33, 0x9, 0x29, 0x13, 0x6a, 0xc0, 0x34,
    0xcb, 0x3d, 0xc4, 0xb9, 0xc0, 0x39, 0xf7, 0x69,
    0x0,

    /* U+6B8B "残" */
    0x0, 0xfd, 0xa4, 0xc0, 0x12, 0x7f, 0xf0, 0x80,
    0x4, 0x5a, 0x40, 0x9e, 0xd3, 0xfe, 0x10, 0x10,
    0x79, 0x0, 0xc8, 0x80, 0x2, 0x39, 0x77, 0x2e,
    0x0, 0x4, 0x4d, 0xf9, 0xde, 0x3a, 0xff, 0x50,
    0x1, 0x5b, 0xe3, 0xa6, 0x48, 0x20, 0x8e, 0x21,
    0x36, 0x18, 0x6b, 0x9, 0x39, 0xc0, 0x5, 0x48,
    0x82, 0xab, 0x3a, 0x93, 0x6b, 0x85, 0x6e, 0x8d,
    0x6, 0x59, 0x8a, 0x14, 0x1, 0x8, 0x34, 0x80,
    0x42, 0x7a, 0x72, 0x1, 0x43, 0x98, 0x4, 0xc4,
    0xd2, 0x40, 0x6, 0x5b, 0x2, 0x8e, 0xcb, 0x53,
    0xa5, 0x1a, 0xf1, 0x4, 0xc, 0xa4, 0xbd, 0x64,
    0x1c, 0x20, 0x3, 0x41, 0x0, 0x17, 0xb8, 0x20,

    /* U+6BB5 "段" */
    0x0, 0xc6, 0xc0, 0x1f, 0xc3, 0x1b, 0xc2, 0xf,
    0xfd, 0xee, 0x1, 0x22, 0x3f, 0x5c, 0x0, 0xfc,
    0xe0, 0x1c, 0xe0, 0x42, 0x1f, 0xe0, 0xf, 0x93,
    0xfd, 0x60, 0xa8, 0x1, 0xf2, 0xee, 0xaa, 0x58,
    0xc3, 0x2f, 0x50, 0x0, 0xc8, 0x83, 0xc8, 0x33,
    0x3f, 0xea, 0x0, 0xb, 0xfd, 0x61, 0x91, 0x16,
    0x20, 0x4, 0x97, 0x68, 0x54, 0xfb, 0x91, 0x40,
    0x1, 0x33, 0xcd, 0x84, 0xc8, 0x7a, 0x0, 0xd,
    0x22, 0x1b, 0x20, 0x55, 0xce, 0xc0, 0x6, 0xb7,
    0x72, 0x10, 0x2d, 0x22, 0xb0, 0x7, 0xc7, 0xdc,
    0x9b, 0xcc, 0x71, 0x2, 0xd0, 0x0, 0xfe, 0xd0,
    0xa, 0xb8, 0x80,

    /* U+6BC1 "毁" */
    0x0, 0x22, 0x80, 0x7f, 0xd5, 0xcd, 0xbd, 0x21,
    0xff, 0x80, 0x24, 0xa3, 0xdb, 0x0, 0xbf, 0xc0,
    0x1d, 0xad, 0x96, 0x1, 0xfe, 0xd6, 0xcb, 0x6,
    0x40, 0xa, 0x8, 0x6, 0x22, 0xe3, 0xb8, 0x0,
    0x6e, 0x18, 0x5e, 0xed, 0xd2, 0x9f, 0x98, 0xed,
    0x10, 0x76, 0x6c, 0x38, 0x31, 0x7, 0x10, 0x28,
    0x86, 0x44, 0x11, 0x41, 0xd5, 0x52, 0x5, 0x76,
    0x1a, 0xb6, 0x8, 0xfd, 0x91, 0x0, 0xe5, 0x46,
    0x4, 0x22, 0x38, 0x1, 0xb3, 0x82, 0x38, 0x5b,
    0xdd, 0x70, 0xc1, 0x3f, 0xdd, 0x95, 0xb5, 0xb3,
    0x76, 0xd3, 0x23, 0x10, 0xa, 0xb0, 0xc0, 0xf,
    0xc6,

    /* U+6BCF "每" */
    0x0, 0x8d, 0x40, 0x3f, 0xf8, 0x1f, 0xa4, 0x5f,
    0x8, 0x4, 0xc6, 0xbf, 0xff, 0x68, 0x0, 0xa3,
    0x37, 0x7f, 0x60, 0x16, 0x46, 0xff, 0xfd, 0x0,
    0x2, 0xa7, 0x1f, 0xc3, 0xbf, 0xf3, 0x80, 0x64,
    0x22, 0x1, 0xef, 0xa8, 0xf, 0x80, 0x17, 0xf0,
    0xbb, 0x9e, 0xb7, 0xcd, 0x1e, 0xcb, 0xf0, 0xfc,
    0xc9, 0xfd, 0xc5, 0x9f, 0x60, 0x6, 0xf0, 0x47,
    0xe1, 0x0, 0x98, 0x6, 0x78, 0xee, 0x59, 0x67,
    0x25, 0xe8, 0x5, 0x9f, 0xfb, 0xbf, 0xc1, 0x9a,
    0x1, 0x8, 0xf1, 0xe6, 0x14, 0x80, 0x3f, 0x8b,
    0x75, 0x40, 0x10,

    /* U+6BD4 "比" */
    0x2d, 0x0, 0xcb, 0x80, 0x1c, 0x26, 0x1, 0xff,
    0xd6, 0x6a, 0x0, 0x8c, 0xe1, 0x0, 0xa2, 0x78,
    0x0, 0x3d, 0xd2, 0x0, 0xda, 0x6a, 0x0, 0x7,
    0x76, 0x50, 0x2c, 0xc1, 0x0, 0x7f, 0x1b, 0x80,
    0x7f, 0xf4, 0x34, 0x80, 0x32, 0x10, 0x7, 0x19,
    0x80, 0x6b, 0xa5, 0x84, 0x40, 0x1, 0x1a, 0x84,
    0xb3, 0x51, 0x43, 0xfd, 0xce, 0x11, 0xd0, 0x40,
    0x1, 0xdf, 0xfa, 0x0,

    /* U+6C14 "气" */
    0x0, 0x90, 0xc0, 0x3f, 0xf8, 0x10, 0xc0, 0x1f,
    0xf2, 0x1d, 0xf7, 0x7e, 0x0, 0xa6, 0x5d, 0xdf,
    0xc0, 0x9, 0x60, 0xdd, 0xfb, 0x0, 0x8, 0xf2,
    0xdb, 0xbf, 0x60, 0x1, 0x3f, 0xbb, 0xf6, 0x80,
    0x61, 0xce, 0xef, 0x69, 0x80, 0x7f, 0xf0, 0x8,
    0x40, 0x3f, 0xf8, 0x2, 0x2, 0x1, 0xff, 0xc0,
    0x34, 0x33, 0x0, 0x7f, 0xaf, 0x95, 0x40, 0x1f,
    0xe7, 0x74, 0xa0,

    /* U+6C34 "水" */
    0x0, 0xf2, 0xe8, 0x7, 0xff, 0x5c, 0x46, 0x20,
    0xf, 0x62, 0x80, 0x3b, 0xad, 0xb0, 0x22, 0x5,
    0x3a, 0x80, 0x3f, 0xe4, 0xc0, 0x4, 0xc8, 0x6c,
    0x3, 0x85, 0x14, 0x9, 0xd6, 0xc0, 0x3d, 0x28,
    0x40, 0xf, 0x22, 0x0, 0x71, 0x3c, 0x0, 0x47,
    0x1e, 0x20, 0x10, 0xfb, 0x98, 0x6, 0x65, 0xf3,
    0x2, 0xc7, 0x80, 0xf, 0x44, 0xe3, 0x95, 0xd0,
    0x9, 0x18, 0x80, 0x4f, 0x8a, 0xc, 0x0, 0x4d,
    0x8b, 0x0, 0xc6, 0x40,

    /* U+6C38 "永" */
    0x0, 0xd5, 0x6, 0x1, 0xff, 0x48, 0x6f, 0x38,
    0x80, 0x7e, 0x38, 0xea, 0xc2, 0x0, 0xf3, 0xff,
    0xe3, 0xb3, 0x0, 0xf3, 0xff, 0xcb, 0xa0, 0x13,
    0x38, 0x7, 0x8, 0x1a, 0x80, 0x1a, 0x10, 0xf,
    0xfe, 0xe4, 0x0, 0x3b, 0xaf, 0xc, 0xf, 0xfd,
    0xc0, 0x80, 0xb1, 0x98, 0x20, 0xe, 0x86, 0x0,
    0x13, 0x80, 0x80, 0x72, 0xbc, 0x0, 0x50, 0xf4,
    0x1, 0x92, 0xe8, 0x40, 0x36, 0xb6, 0x18, 0x1d,
    0x51, 0x0, 0x38, 0x71, 0x34, 0x8f, 0x90, 0x23,
    0xdf, 0x0, 0x28, 0xe2, 0x0, 0xd1, 0xfc, 0x80,
    0x1e,

    /* U+6C42 "求" */
    0x0, 0xf6, 0x21, 0x59, 0x0, 0x7f, 0xc4, 0x78,
    0x80, 0x11, 0x9f, 0x9, 0x9a, 0xe7, 0x48, 0x13,
    0xbb, 0x8a, 0x7b, 0x94, 0x9c, 0x9, 0xbf, 0xbb,
    0x1b, 0x6e, 0xd1, 0x80, 0x3, 0xc3, 0x0, 0x98,
    0x1, 0x10, 0x10, 0x1, 0xee, 0x88, 0x0, 0x6e,
    0xe5, 0xc1, 0x0, 0x8e, 0xc4, 0x68, 0x9b, 0xc1,
    0x0, 0xe5, 0x4f, 0x21, 0xb1, 0x0, 0xf3, 0x76,
    0xf9, 0x82, 0xab, 0x8, 0x0, 0x9b, 0x5b, 0x42,
    0x1, 0x42, 0xe3, 0x2, 0xc6, 0x18, 0x0, 0x40,
    0x28, 0xac, 0x1, 0x50, 0x1f, 0xf0, 0x28, 0x4,
    0x94, 0x1, 0x87, 0xfd, 0xa2, 0x1, 0xe0,

    /* U+6C60 "池" */
    0x3, 0xb3, 0x0, 0xc3, 0xc0, 0x1c, 0x7b, 0xa6,
    0x28, 0x0, 0xfe, 0x6f, 0x71, 0x40, 0xc, 0x2e,
    0x1, 0x84, 0x40, 0x11, 0x8d, 0xfc, 0x8, 0x6b,
    0x80, 0x43, 0x18, 0x1d, 0xc0, 0xb, 0xf2, 0x97,
    0xc8, 0x28, 0x54, 0x0, 0x20, 0x57, 0x62, 0x43,
    0x85, 0x0, 0xfc, 0x6d, 0x60, 0x1f, 0xf4, 0xb8,
    0x7, 0x2e, 0x18, 0x4, 0x6a, 0xc0, 0x19, 0x11,
    0xfa, 0x1, 0x44, 0x80, 0x61, 0xa1, 0x34, 0xa0,
    0x55, 0x38, 0x0, 0x80, 0x3b, 0x8, 0xe, 0x0,
    0x6, 0xbf, 0xfc, 0x94,

    /* U+6CA1 "没" */
    0x1, 0x0, 0xff, 0xe0, 0xb7, 0x28, 0x3, 0xff,
    0x80, 0x33, 0xe7, 0x8, 0x3, 0xfe, 0x0, 0xf1,
    0x58, 0x90, 0x80, 0x7c, 0x72, 0x40, 0x9, 0x60,
    0x8, 0x6e, 0x8c, 0xdf, 0xe6, 0x92, 0x80, 0xb,
    0xfd, 0xc4, 0xd, 0xad, 0x6b, 0x99, 0xb6, 0x5c,
    0x40, 0x23, 0x25, 0x6f, 0xfa, 0x8c, 0xc0, 0x10,
    0xe8, 0x42, 0x39, 0x95, 0xc0, 0x6, 0x86, 0x1,
    0xaa, 0x2e, 0xa3, 0x0, 0x44, 0xf2, 0x0, 0x44,
    0x50, 0xc0, 0x6, 0xe9, 0x14, 0x8e, 0x6a, 0x7e,
    0x94, 0x10, 0xa7, 0xf, 0xd, 0xc5, 0xad, 0x18,
    0x30,

    /* U+6CBB "治" */
    0x3, 0x30, 0x6, 0x64, 0x0, 0xf3, 0xed, 0x8,
    0xc, 0xb8, 0x7, 0x93, 0x88, 0xc2, 0x18, 0xd9,
    0xc0, 0x3d, 0x4, 0x6f, 0x0, 0xf4, 0xa0, 0x3,
    0x70, 0x0, 0xf5, 0x8, 0xc, 0xd9, 0x1, 0x76,
    0x9d, 0x15, 0x7f, 0xba, 0x4e, 0x40, 0x67, 0x8a,
    0x77, 0xfe, 0xed, 0xd7, 0x0, 0x46, 0x44, 0x9a,
    0xbb, 0xe4, 0x0, 0x8b, 0x41, 0x3f, 0xf9, 0x0,
    0x34, 0x30, 0x1, 0x13, 0x80, 0x31, 0xa4, 0x0,
    0x7f, 0xdd, 0x0, 0x12, 0x27, 0x0, 0x42, 0xec,
    0x1, 0x7f, 0xf0, 0x4, 0x34, 0x1, 0x7d, 0xdf,
    0x78, 0x80,

    /* U+6CBF "沿" */
    0x1, 0x10, 0x7, 0xff, 0x1, 0x3d, 0x80, 0x17,
    0xff, 0x98, 0x2, 0x5c, 0xa2, 0x0, 0x57, 0xf9,
    0x40, 0x38, 0xb0, 0x81, 0xd8, 0x3, 0xc2, 0xc0,
    0x11, 0x10, 0xc0, 0x3e, 0xfd, 0x42, 0xf8, 0x0,
    0x8a, 0xa8, 0x43, 0x3c, 0xe9, 0x4c, 0x1, 0x47,
    0xc9, 0x0, 0xc, 0xcc, 0x3d, 0xdd, 0xae, 0x1,
    0xb0, 0xc5, 0xfb, 0xb1, 0x8, 0x4, 0xc0, 0x60,
    0x20, 0x1f, 0x86, 0x3c, 0x3, 0xfe, 0xa7, 0x30,
    0x3, 0xf7, 0x63, 0x0, 0x8e, 0x40, 0x26, 0xff,
    0xc6, 0x1, 0x40, 0x4, 0xf2, 0x23, 0xb1, 0x40,

    /* U+6CC4 "泄" */
    0x3, 0x10, 0xc, 0x3c, 0x1, 0xe4, 0xf6, 0xe,
    0x10, 0x8, 0x78, 0x2, 0x7c, 0xf0, 0xf, 0xfe,
    0x1, 0x48, 0x7, 0xf9, 0x24, 0x53, 0xc7, 0xb8,
    0x3f, 0xc3, 0xee, 0x9d, 0xef, 0xe3, 0xba, 0x1f,
    0xd1, 0xf7, 0x7, 0xf3, 0x0, 0x19, 0x80, 0x6,
    0x1, 0xc2, 0x80, 0x1f, 0xfc, 0x5, 0x90, 0xc,
    0x3d, 0xe0, 0x1d, 0x10, 0x0, 0x87, 0xfb, 0xa0,
    0x9, 0x41, 0x40, 0x3f, 0xeb, 0x80, 0xb, 0xfb,
    0xbc, 0x61, 0x6a, 0x0, 0xfc, 0xcf, 0x8c,

    /* U+6CD5 "法" */
    0x7, 0x60, 0xe, 0xd3, 0x0, 0xc7, 0x18, 0x20,
    0x1f, 0xc9, 0xcc, 0x2, 0x44, 0x36, 0x22, 0x0,
    0x6a, 0x1a, 0xff, 0xd, 0xff, 0x90, 0xd8, 0x2,
    0xbd, 0xd1, 0x6e, 0xc8, 0x3f, 0xc8, 0x1, 0xfc,
    0x53, 0x88, 0xdb, 0xb1, 0x76, 0xeb, 0x0, 0x4,
    0x2f, 0xfe, 0x73, 0xff, 0xb8, 0x2, 0xc0, 0x23,
    0x4f, 0x20, 0x22, 0x0, 0x1d, 0x84, 0x25, 0xc,
    0x70, 0x80, 0x3, 0x32, 0x3, 0x6b, 0x1, 0x9e,
    0x0, 0x5b, 0x90, 0x71, 0xef, 0x7d, 0x13, 0x0,
    0x20, 0x0, 0xb1, 0xff, 0x6e, 0xc1, 0x42, 0x0,
    0x85, 0x31, 0x0, 0x1d, 0x80,

    /* U+6CDB "泛" */
    0x2, 0x40, 0xf, 0x89, 0x8c, 0x0, 0x33, 0x42,
    0x8d, 0x17, 0xd9, 0x86, 0x0, 0x1e, 0x91, 0xe7,
    0x7e, 0x7f, 0x52, 0x80, 0x68, 0x28, 0x83, 0x48,
    0x7, 0xc, 0x8, 0x6, 0x19, 0x50, 0xc, 0x21,
    0xec, 0x5f, 0xf4, 0x5f, 0xfa, 0x40, 0x11, 0x88,
    0x5f, 0xfd, 0x81, 0x40, 0x11, 0x18, 0x7, 0xf,
    0x51, 0x80, 0x6a, 0x40, 0x8, 0xb2, 0xd4, 0x3,
    0x1a, 0xa0, 0x1, 0x32, 0x18, 0x3, 0xbe, 0x1,
    0x76, 0x71, 0x40, 0x39, 0x85, 0x8a, 0x38, 0x5c,
    0x40, 0x21, 0xd, 0x80, 0x4b, 0x3d, 0xfe, 0xff,
    0x90, 0x2d, 0x41, 0x98, 0x3, 0x5f, 0xf9, 0x40,

    /* U+6CE1 "泡" */
    0x2, 0x60, 0x9, 0x94, 0x3, 0xf6, 0xe8, 0x82,
    0xc0, 0x3f, 0x15, 0xd8, 0xcc, 0x55, 0xdd, 0xbc,
    0x40, 0x26, 0x18, 0x87, 0xf7, 0x60, 0xa, 0x48,
    0x15, 0xc, 0xf0, 0x4, 0x21, 0xd8, 0xda, 0x95,
    0x10, 0xc1, 0x0, 0xcf, 0xe9, 0x18, 0xd7, 0x61,
    0x1, 0x0, 0xc2, 0x40, 0x2, 0x33, 0x8, 0x18,
    0x80, 0x6c, 0x10, 0x79, 0x92, 0x2, 0x10, 0x4,
    0xa0, 0x20, 0xb5, 0x48, 0xe8, 0x90, 0xa, 0xe0,
    0x3, 0x8f, 0xf9, 0x94, 0x1c, 0x90, 0x0, 0x40,
    0x1c, 0x98, 0x1f, 0xe0, 0x2, 0xbf, 0xff, 0x4d,
    0x0,

    /* U+6CE2 "波" */
    0x5, 0x80, 0xe, 0xd2, 0x0, 0xe4, 0x2e, 0x10,
    0xf, 0xf0, 0xd5, 0x7, 0xfe, 0x2d, 0xff, 0x8c,
    0x2, 0x40, 0x7, 0xf8, 0xb3, 0xf0, 0x4c, 0xda,
    0xa0, 0x1e, 0x10, 0x49, 0x3, 0xe8, 0x60, 0x4,
    0x40, 0xee, 0x1, 0x40, 0x7, 0xac, 0x20, 0x85,
    0x3d, 0xf0, 0x1, 0xc4, 0x3, 0xc, 0xee, 0x23,
    0x20, 0x9, 0x3c, 0x88, 0x8e, 0xc1, 0x10, 0x0,
    0xd1, 0x68, 0xa1, 0x31, 0x88, 0x80, 0x9, 0x9,
    0xb3, 0x0, 0x64, 0x7c, 0x1, 0xa2, 0x4d, 0x5d,
    0xde, 0x9b, 0x58, 0xa0, 0xb, 0x76, 0x85, 0xdc,
    0x82, 0xd9, 0x91, 0x0,

    /* U+6CE8 "注" */
    0x4, 0x30, 0xc, 0x70, 0x1, 0xe1, 0xda, 0x10,
    0x1, 0xb1, 0x80, 0x72, 0xf6, 0x80, 0x8c, 0xca,
    0x23, 0x0, 0x67, 0x6f, 0xf9, 0xe3, 0xfd, 0x80,
    0x8e, 0x0, 0x7e, 0xe8, 0xb7, 0xb9, 0xa0, 0xbb,
    0xc6, 0x1, 0xfe, 0x1a, 0xa1, 0x0, 0x7f, 0xf0,
    0x10, 0x1, 0xff, 0x16, 0x7f, 0x98, 0x3, 0x78,
    0x7f, 0xc5, 0x7f, 0xe6, 0x0, 0xa1, 0xc0, 0x39,
    0xc0, 0x38, 0x9a, 0x0, 0x3f, 0xee, 0x91, 0x78,
    0x88, 0xea, 0x22, 0x20, 0x47, 0xf, 0x0, 0x98,
    0x40, 0x30,

    /* U+6D3B "活" */
    0x3, 0x91, 0x0, 0xc2, 0x91, 0x8e, 0x0, 0x31,
    0xf5, 0x7d, 0xff, 0x50, 0x43, 0x80, 0x51, 0x8e,
    0xd9, 0xf4, 0xb0, 0x80, 0x1c, 0x44, 0x11, 0x0,
    0x7e, 0xc6, 0x4, 0xee, 0xa9, 0x3b, 0xa8, 0xe,
    0xab, 0x4c, 0xca, 0xcf, 0x32, 0x90, 0x2c, 0xa0,
    0x22, 0x85, 0xc8, 0xa1, 0x0, 0x8c, 0x12, 0x21,
    0xcb, 0x10, 0x40, 0xd, 0x2d, 0x87, 0xd9, 0x1c,
    0x66, 0x0, 0x91, 0x58, 0x31, 0x9b, 0x18, 0x6,
    0x98, 0x0, 0xff, 0x98, 0x18, 0x1, 0xc8, 0x98,
    0x80, 0x21, 0x90, 0x9, 0x3f, 0xf3, 0x80, 0x4e,
    0x80, 0x8, 0xdb, 0xbd, 0xae, 0x0,

    /* U+6D3E "派" */
    0x3, 0x30, 0x7, 0x85, 0x64, 0x40, 0xf, 0xb2,
    0xd, 0x17, 0xdf, 0xf0, 0x4, 0x9c, 0x21, 0x7f,
    0xf7, 0x53, 0x8, 0x6, 0x80, 0x3, 0x2a, 0xa3,
    0x34, 0x0, 0x52, 0x20, 0x1b, 0x7d, 0xa7, 0x40,
    0x4, 0x3e, 0x60, 0x1a, 0x10, 0x40, 0x34, 0x61,
    0x81, 0x80, 0x5a, 0x69, 0xa0, 0x11, 0x8, 0x8,
    0x80, 0x7, 0x53, 0xe0, 0x11, 0xd8, 0x88, 0x2,
    0x42, 0xc2, 0x0, 0xa3, 0xd5, 0x40, 0x19, 0x5c,
    0x2, 0x36, 0x5c, 0x30, 0x8, 0xb2, 0x4, 0x1,
    0xf6, 0xb, 0x40, 0x3d, 0xc5, 0x4a, 0x0, 0x23,
    0x23, 0x10, 0x34, 0xe1, 0xd0, 0x88, 0x20, 0x12,
    0xc0, 0x16, 0x80, 0x15, 0x8,

    /* U+6D41 "流" */
    0x5, 0x20, 0xc, 0x52, 0x1, 0xe3, 0xc5, 0x0,
    0x89, 0xcc, 0x3, 0x9b, 0x3e, 0xbf, 0xe1, 0xcf,
    0xf8, 0x40, 0x5, 0x54, 0xfa, 0x2f, 0xf3, 0x77,
    0x89, 0xc0, 0x80, 0xe, 0xfc, 0x1, 0xd4, 0x0,
    0x21, 0xf3, 0x5c, 0xf, 0xee, 0x4a, 0xc0, 0xc,
    0xe9, 0x3d, 0x6e, 0x7f, 0x73, 0xc4, 0x2, 0x31,
    0x2c, 0x50, 0xc0, 0x97, 0x90, 0xd, 0xa0, 0x1f,
    0xfc, 0x8, 0x70, 0x33, 0x0, 0x7e, 0x27, 0x80,
    0x47, 0x0, 0xe3, 0x20, 0x97, 0x27, 0x22, 0x0,
    0x72, 0x30, 0xbc, 0x94, 0xf0, 0xd, 0x7, 0xc5,
    0x28, 0xe0, 0x97, 0x10, 0x1, 0xc1, 0xbb, 0x44,

    /* U+6D45 "浅" */
    0x6, 0x80, 0xd, 0xe3, 0x6, 0x1, 0x98, 0x74,
    0x40, 0x2, 0x77, 0xca, 0x1, 0xa7, 0x84, 0x0,
    0x62, 0x50, 0x48, 0x1, 0x8d, 0x2b, 0xb, 0x3e,
    0x74, 0x80, 0xf5, 0x41, 0xff, 0xc9, 0x5d, 0x94,
    0xc0, 0x7d, 0xa, 0x6a, 0x65, 0xa6, 0xaf, 0x24,
    0x7, 0xaa, 0xd7, 0xac, 0xff, 0xf7, 0x18, 0x4,
    0x65, 0xdc, 0xc1, 0xca, 0xca, 0x10, 0x2, 0x7a,
    0x29, 0x98, 0x9, 0x6b, 0x80, 0x28, 0xa0, 0xc,
    0xff, 0x1a, 0x1, 0x19, 0x30, 0x4, 0xee, 0x2f,
    0x3a, 0x50, 0xf9, 0x4, 0xaf, 0xdd, 0x2c, 0x92,
    0xb8, 0x23, 0x80, 0x37, 0xa8, 0xe8, 0xb5, 0xc8,

    /* U+6D4B "测" */
    0x0, 0xff, 0xe1, 0x5a, 0x80, 0x7f, 0x68, 0x45,
    0xc6, 0xee, 0xe0, 0x40, 0x8, 0xff, 0x3, 0x7f,
    0x4c, 0x24, 0x3, 0xa, 0x0, 0x3c, 0x3, 0xcb,
    0x0, 0x1f, 0xf2, 0x17, 0x8, 0x7, 0xf0, 0xd6,
    0x88, 0x7, 0xfc, 0x60, 0x1f, 0xfc, 0x9, 0x20,
    0x0, 0x80, 0x7c, 0x2c, 0x40, 0x4e, 0x1, 0xf3,
    0x30, 0x36, 0xb1, 0x74, 0x34, 0x2, 0x9a, 0x5,
    0x47, 0xf6, 0x0, 0xc4, 0xe6, 0x9d, 0xa1, 0x58,
    0x15, 0xa8, 0x52, 0x9, 0x62, 0x0, 0xa0, 0xad,
    0x90,

    /* U+6D4F "浏" */
    0x3, 0x10, 0x2, 0xa8, 0x3, 0xf, 0x2, 0xe0,
    0x83, 0x58, 0x0, 0x48, 0x2, 0x65, 0x66, 0x29,
    0x33, 0x1e, 0x80, 0x34, 0x3f, 0xf9, 0x67, 0xc0,
    0x30, 0xb0, 0x2, 0x26, 0x41, 0x20, 0x18, 0x76,
    0x82, 0x60, 0xcc, 0x1, 0xeb, 0xd0, 0x85, 0x84,
    0x0, 0xf9, 0xc0, 0x1c, 0x98, 0x1, 0xf3, 0xa8,
    0x8, 0x60, 0x7, 0xd2, 0xe1, 0xe, 0xc2, 0x1,
    0xca, 0xa2, 0x47, 0x86, 0x96, 0x80, 0xa, 0x3c,
    0xeb, 0x82, 0x64, 0x1, 0xd0, 0x83, 0x66, 0x2,
    0x20, 0x8f, 0x40,

    /* U+6D53 "浓" */
    0x7, 0x30, 0xe, 0x93, 0x0, 0xe2, 0xd7, 0x0,
    0xcc, 0x20, 0x1c, 0xbe, 0x77, 0xbb, 0x7, 0xee,
    0xb0, 0x2, 0x14, 0x6e, 0xc7, 0xb, 0xcf, 0x20,
    0x69, 0x10, 0xa3, 0x5, 0x61, 0x11, 0x30, 0x30,
    0x60, 0x38, 0x5b, 0x6e, 0x0, 0x24, 0x1, 0x38,
    0x0, 0x65, 0x94, 0x51, 0xb8, 0x0, 0x84, 0x22,
    0x44, 0x0, 0xbf, 0x92, 0x1, 0x64, 0xa6, 0x0,
    0x5c, 0x4e, 0x1, 0x18, 0xce, 0x8, 0x4, 0xa2,
    0x80, 0x14, 0x50, 0x7, 0x21, 0xcd, 0x10, 0x12,
    0x30, 0x1, 0xc7, 0xbc, 0x12, 0x34, 0xca, 0xc4,
    0x0, 0x73, 0xf6, 0x60, 0xd8, 0x60,

    /* U+6D88 "消" */
    0x6, 0x60, 0x1, 0x0, 0x18, 0x80, 0x6, 0x0,
    0x25, 0x60, 0x7b, 0x0, 0x67, 0xa0, 0x1, 0x65,
    0x84, 0xc0, 0x4, 0x33, 0xe0, 0x19, 0xc0, 0xa4,
    0x2, 0x38, 0x30, 0x2b, 0x20, 0x4, 0x5e, 0x1c,
    0xf5, 0x30, 0x16, 0x6a, 0x81, 0x27, 0xe7, 0x7a,
    0xf0, 0x1, 0xed, 0x80, 0x1c, 0x45, 0x84, 0x3,
    0x21, 0x80, 0x23, 0x33, 0x30, 0x7, 0x60, 0x2,
    0xf7, 0x74, 0x80, 0x66, 0x60, 0x2, 0xbb, 0xb4,
    0x0, 0x68, 0x90, 0x5, 0x77, 0x68, 0x0, 0xa1,
    0xc, 0x3, 0xfe, 0x28, 0x0, 0xf4, 0x7c, 0xe8,
    0x2, 0x88, 0x1, 0x4a, 0x0, 0x8f, 0xe5, 0x0,

    /* U+6D89 "涉" */
    0x5, 0x60, 0xe, 0x79, 0x0, 0xe7, 0xab, 0x0,
    0x30, 0x7, 0xe2, 0xc3, 0x1, 0x90, 0x3, 0x77,
    0x28, 0x3, 0x40, 0x7, 0x37, 0x72, 0x80, 0xa8,
    0x80, 0xe4, 0x1f, 0x15, 0xde, 0x32, 0xcc, 0x28,
    0x7c, 0x3, 0xb8, 0x3, 0x9b, 0xd0, 0xdf, 0x95,
    0x46, 0xea, 0x66, 0x0, 0x8, 0x80, 0x9c, 0x80,
    0x2b, 0xc0, 0x8, 0xf0, 0x22, 0x40, 0x22, 0x6a,
    0x0, 0xa6, 0xc0, 0x9c, 0x33, 0x7d, 0xc8, 0x0,
    0x4a, 0xc1, 0x0, 0x6, 0x87, 0x80, 0xa, 0x5c,
    0x40, 0x9, 0x59, 0x54, 0x0, 0xc3, 0x20, 0x7f,
    0x1b, 0xce, 0x1, 0xd4, 0x20, 0x7f, 0x8e, 0x20,
    0x1c,

    /* U+6DC6 "淆" */
    0x2, 0x10, 0xf, 0xc8, 0x1, 0x27, 0xb0, 0x2e,
    0xd2, 0xab, 0x70, 0x2, 0x6f, 0xc1, 0x59, 0x6a,
    0xa3, 0xd0, 0x6, 0x1a, 0x4e, 0xf4, 0xde, 0xdc,
    0x30, 0x16, 0x0, 0x3e, 0x4a, 0x29, 0xae, 0x8,
    0x83, 0xf8, 0xe6, 0x5e, 0x59, 0x33, 0x94, 0x66,
    0x8a, 0xe8, 0xee, 0x67, 0x5a, 0x0, 0x10, 0x45,
    0xa3, 0xd3, 0x36, 0x90, 0x4, 0x35, 0x8c, 0x3b,
    0xb8, 0x40, 0x34, 0x6f, 0xc0, 0x19, 0xe0, 0xc,
    0x4e, 0xc4, 0x3, 0x33, 0x84, 0x2, 0x89, 0x10,
    0x1, 0x66, 0x62, 0x0, 0x8d, 0xc0, 0x3c, 0xd8,
    0x4, 0x0, 0x90, 0x8, 0xb4, 0x0, 0xd9, 0xa0,
    0x0,

    /* U+6DF1 "深" */
    0x4, 0x30, 0xf, 0xfe, 0x0, 0xec, 0x9f, 0xf7,
    0x7b, 0xc0, 0xb, 0xd8, 0x7, 0xdd, 0xe1, 0x0,
    0xca, 0x54, 0xba, 0xb, 0xa3, 0x0, 0x52, 0x20,
    0x25, 0x7c, 0xb, 0x18, 0xe0, 0x43, 0xe8, 0x77,
    0x46, 0xe2, 0xb5, 0x60, 0x8, 0xc5, 0x3e, 0x40,
    0xa2, 0x7, 0xa0, 0x8, 0x81, 0xfb, 0xfc, 0x59,
    0xff, 0x8, 0x1, 0x2d, 0xff, 0xc4, 0x3, 0x7f,
    0xe1, 0x0, 0x47, 0x80, 0x25, 0x4a, 0x28, 0x80,
    0x24, 0x15, 0xa, 0x28, 0x5, 0xbc, 0x30, 0x4,
    0x40, 0x34, 0x2c, 0x2, 0x5b, 0xd3, 0x4, 0x50,
    0xca, 0x0, 0xe5, 0xf3,

    /* U+6DF7 "混" */
    0x1, 0x10, 0x7, 0xff, 0x1, 0x32, 0x7, 0xfb,
    0xbb, 0xc8, 0x0, 0xb8, 0x24, 0x1d, 0xdc, 0x20,
    0x18, 0x64, 0x83, 0x77, 0x84, 0x0, 0x30, 0x20,
    0x16, 0xef, 0x8, 0x0, 0x7f, 0x10, 0x1, 0xdd,
    0xc2, 0x1, 0x3e, 0x28, 0xb7, 0x74, 0xdd, 0xe4,
    0x1, 0x9, 0x3, 0x8, 0x1, 0xc0, 0xa0, 0x3,
    0x71, 0x87, 0x7b, 0x84, 0xe7, 0x80, 0x4c, 0xc3,
    0xe, 0xf7, 0x1, 0xf7, 0x0, 0xa2, 0x0, 0x1e,
    0x81, 0x52, 0x9, 0x53, 0x0, 0x24, 0x30, 0x8,
    0x7b, 0x1, 0x48, 0x28, 0x77, 0xa2, 0x3b, 0xd1,
    0x42, 0xc8, 0x17, 0xed, 0xca, 0xff, 0xdc, 0x20,

    /* U+6DF9 "淹" */
    0x2, 0x10, 0xc, 0xc8, 0x1, 0xe5, 0xf4, 0x0,
    0xa1, 0x80, 0x3c, 0xfb, 0xdc, 0xff, 0xe, 0xff,
    0xe4, 0x0, 0x1d, 0x77, 0x95, 0xfe, 0x17, 0xf9,
    0x9, 0xc0, 0x2a, 0x44, 0x59, 0xa5, 0x0, 0xb,
    0xf4, 0xe9, 0x4a, 0xd2, 0xc9, 0x6c, 0x42, 0x3c,
    0xc, 0xa2, 0x82, 0x68, 0x48, 0xc0, 0x4, 0x32,
    0x1f, 0xa1, 0xda, 0x30, 0x40, 0x4, 0xe0, 0x7,
    0x60, 0x6e, 0x8, 0x6, 0x8a, 0x0, 0x4d, 0x5,
    0x50, 0x40, 0x24, 0x26, 0x7, 0xf9, 0xf, 0x9c,
    0x52, 0x9, 0x90, 0x2, 0x90, 0xc5, 0x4c, 0xda,
    0xc0, 0x8e, 0x1, 0xc9, 0xfd, 0xc4, 0x40,

    /* U+6DFB "添" */
    0x4, 0x40, 0x7, 0xff, 0x6, 0x69, 0xbf, 0xfe,
    0xe0, 0x2, 0x6f, 0xb7, 0xfa, 0x17, 0xfe, 0xe0,
    0xc, 0xa0, 0x15, 0x78, 0x7, 0x15, 0x10, 0x7f,
    0xc5, 0x5f, 0xf9, 0x4b, 0x30, 0x7f, 0xc3, 0x5f,
    0xa3, 0xbe, 0xa0, 0xde, 0x63, 0xac, 0x8, 0x57,
    0x88, 0x1, 0x9, 0x7a, 0x46, 0x98, 0x2c, 0xc9,
    0x0, 0xc, 0x98, 0xa, 0x0, 0xa1, 0xa9, 0x40,
    0x5, 0x91, 0xb2, 0x0, 0x9, 0xe6, 0x40, 0x4,
    0x4, 0xa9, 0x10, 0x5, 0xe2, 0x32, 0x84, 0x58,
    0x43, 0x80, 0x47, 0x1, 0x28, 0xa, 0xc0, 0x63,
    0xcc, 0x60, 0x40, 0x42, 0x12, 0x1, 0xf, 0x71,
    0x0, 0x38,

    /* U+6E05 "清" */
    0x6, 0x40, 0xe, 0xf1, 0x0, 0xe5, 0x99, 0x3e,
    0xec, 0x19, 0xba, 0x90, 0x1, 0xee, 0x9f, 0x32,
    0xf, 0xcc, 0x48, 0x6, 0x42, 0xaa, 0x83, 0xaa,
    0x88, 0x7, 0x42, 0xd, 0xff, 0x4, 0x7f, 0x80,
    0x4f, 0x30, 0x7b, 0xb9, 0xb7, 0x71, 0x83, 0x61,
    0xca, 0xa2, 0x7a, 0x48, 0x0, 0x22, 0x3, 0xdd,
    0xe3, 0x10, 0x9, 0x74, 0x1, 0x99, 0xc2, 0x1,
    0xa6, 0x80, 0x19, 0x9c, 0x20, 0x11, 0x93, 0x0,
    0x33, 0x38, 0x40, 0x28, 0x90, 0xb, 0x33, 0x84,
    0x2, 0x36, 0x0, 0xf4, 0x69, 0x8, 0x0,

    /* U+6E29 "温" */
    0x0, 0x20, 0x7, 0xff, 0x0, 0xa3, 0xe, 0x7b,
    0xbb, 0xd8, 0x0, 0x59, 0x20, 0xb, 0xee, 0xc6,
    0x1, 0xca, 0x61, 0x7b, 0xb8, 0xc0, 0x3, 0x46,
    0x1, 0x5e, 0xee, 0x30, 0x0, 0xf7, 0x20, 0x1,
    0x19, 0x98, 0xc0, 0x24, 0xd9, 0x9, 0xcd, 0xdd,
    0xcc, 0x1, 0x88, 0x77, 0x33, 0xd6, 0x1, 0xb4,
    0x8f, 0x3, 0x7, 0xf9, 0x40, 0x26, 0x52, 0x1,
    0x1, 0x3, 0x10, 0xd, 0x7e, 0x1, 0xff, 0x30,
    0xa0, 0x7, 0xfd, 0xb0, 0x9c, 0x3e, 0x5e, 0x7d,
    0xa3, 0xa1, 0x68, 0x8f, 0xff, 0xed,

    /* U+6E32 "渲" */
    0x1, 0x10, 0x7, 0x40, 0x7, 0x9f, 0xd4, 0x3,
    0x22, 0x80, 0x73, 0x6f, 0x57, 0xf7, 0xa, 0xfb,
    0x9e, 0x20, 0x3, 0xb3, 0x9e, 0xef, 0x8, 0xb,
    0x80, 0x28, 0x7b, 0xba, 0xac, 0x43, 0x74, 0x66,
    0x7f, 0xfe, 0xb5, 0x1, 0xa8, 0x10, 0x9c, 0xaa,
    0xdc, 0x1, 0x94, 0x80, 0x17, 0x7c, 0x1, 0xed,
    0x0, 0x5e, 0x66, 0x0, 0xe6, 0x60, 0x2, 0xf3,
    0x30, 0x7, 0x47, 0x87, 0x5e, 0xee, 0x20, 0x9,
    0xc9, 0x1, 0xf7, 0x7c, 0x1, 0x67, 0x87, 0x7f,
    0xfe, 0x60, 0xb3, 0xe, 0xff, 0xfc, 0xc0,

    /* U+6E38 "游" */
    0x4, 0x20, 0x4, 0x88, 0x1, 0xc8, 0x3, 0x16,
    0x30, 0xd, 0x0, 0x28, 0xc0, 0x33, 0x67, 0x40,
    0x3c, 0x31, 0x7f, 0x70, 0xc0, 0x5, 0x60, 0xc8,
    0x14, 0xdf, 0xf1, 0x95, 0xa1, 0xd1, 0xc4, 0x14,
    0x26, 0x4c, 0x5, 0xf2, 0x60, 0x57, 0x68, 0xcd,
    0x5d, 0x0, 0x26, 0x98, 0x9f, 0xa8, 0x29, 0x35,
    0x0, 0x73, 0x2a, 0x0, 0x59, 0xc0, 0x1a, 0x8c,
    0xb8, 0x1, 0x1c, 0x95, 0xc6, 0x2, 0xa7, 0x86,
    0x3, 0x3c, 0x97, 0xc6, 0xe, 0xa2, 0xa8, 0x2,
    0x1, 0xf5, 0xf4, 0xb8, 0x19, 0x80, 0x3c, 0x2c,
    0x87, 0x19, 0x8a, 0x1e, 0x56, 0x0, 0xd, 0x85,
    0x8e, 0x7b, 0x8f, 0x70, 0x80, 0x0,

    /* U+6E90 "源" */
    0x3, 0x20, 0xf, 0xfe, 0x3, 0x63, 0xa7, 0xff,
    0xe4, 0x5, 0xff, 0x1, 0xff, 0xc7, 0xdf, 0xe4,
    0x0, 0xc, 0x0, 0xe, 0x68, 0xa2, 0x60, 0xb,
    0x10, 0x2, 0x40, 0x9d, 0xad, 0x60, 0x29, 0xa4,
    0x7, 0x4, 0x88, 0xbc, 0x2, 0x5e, 0x40, 0x9,
    0x6a, 0xa9, 0x0, 0xf1, 0x10, 0xd, 0xde, 0x50,
    0xc, 0xb3, 0xdc, 0x5d, 0x9, 0x11, 0x58, 0x5,
    0x38, 0x66, 0xc, 0x61, 0x6e, 0x0, 0x90, 0x91,
    0xb, 0x38, 0x1, 0x55, 0x80, 0x22, 0xc, 0x88,
    0x76, 0x0, 0x89, 0xd0, 0x15, 0xb6, 0x57, 0x1b,
    0x8c, 0x42, 0x50, 0x24, 0x28, 0x80, 0xd, 0xda,
    0x1, 0x80,

    /* U+6EE1 "满" */
    0x7, 0x10, 0xb, 0x84, 0x1a, 0x40, 0x3b, 0xdf,
    0x74, 0x39, 0xb0, 0xdb, 0xa3, 0x7, 0xd5, 0xdd,
    0xf, 0xec, 0x36, 0xe8, 0xc0, 0x6, 0x7a, 0xc4,
    0xcb, 0x4c, 0xc0, 0x86, 0x5, 0x33, 0x6c, 0xd4,
    0x4c, 0x84, 0x5b, 0x7, 0x54, 0x97, 0xa4, 0xfa,
    0xa0, 0xaf, 0xe0, 0x67, 0xd3, 0x7a, 0xe7, 0xc8,
    0x0, 0x50, 0x1, 0x71, 0x3e, 0x7f, 0x20, 0x1a,
    0x90, 0x1, 0xba, 0x3, 0x60, 0xc, 0x48, 0x80,
    0x17, 0x29, 0x5b, 0x10, 0xa, 0x18, 0x1, 0xd7,
    0x9, 0x12, 0x1, 0x1a, 0xc8, 0x3, 0xd8, 0x78,
    0x90, 0x40, 0x3, 0x22, 0x1, 0xc6, 0x13, 0x5e,
    0x0,

    /* U+6F02 "漂" */
    0x1, 0x0, 0xff, 0xe0, 0xb7, 0x2b, 0xd5, 0x3e,
    0xaf, 0xaa, 0x8c, 0xf, 0x5e, 0xf7, 0x61, 0xb8,
    0x2b, 0xb3, 0x0, 0x12, 0x83, 0xb4, 0x77, 0xcf,
    0x78, 0x9, 0x80, 0x21, 0xc1, 0xce, 0x3c, 0x0,
    0xb3, 0x44, 0x6, 0xc6, 0xf8, 0xac, 0x0, 0x55,
    0x22, 0x1d, 0x5d, 0x5b, 0xf5, 0xc0, 0x12, 0x0,
    0x27, 0x33, 0xd2, 0x1, 0x24, 0x9e, 0xc4, 0x7b,
    0x48, 0x1, 0x1a, 0xbb, 0xb4, 0x43, 0x76, 0x10,
    0x41, 0x46, 0xe1, 0x86, 0x79, 0x39, 0x30, 0x88,
    0x3, 0xdc, 0x0, 0x43, 0xfa, 0x20, 0x8a, 0x3f,
    0x87, 0xc9, 0x80, 0x90, 0x61, 0x0, 0x30, 0x25,
    0xde, 0xc0, 0x4, 0x20,

    /* U+6F0F "漏" */
    0x2, 0x0, 0xff, 0xe0, 0xae, 0xa3, 0xff, 0x77,
    0xc0, 0x7, 0xf3, 0x8, 0xee, 0xef, 0x0, 0xc4,
    0xe1, 0x1d, 0xdd, 0xe4, 0x5, 0x24, 0x0, 0x7c,
    0xcf, 0x70, 0x10, 0xea, 0x2, 0xcc, 0xdb, 0x33,
    0x20, 0x46, 0x27, 0xd5, 0xdc, 0x37, 0x72, 0x0,
    0xc, 0x6, 0xfb, 0x74, 0x3b, 0xaf, 0x30, 0x3,
    0xa1, 0x33, 0x2b, 0x46, 0xf0, 0xc0, 0x29, 0x65,
    0xd0, 0x36, 0x7, 0x60, 0x9, 0x94, 0xc, 0x45,
    0xae, 0x12, 0x80, 0x15, 0xfd, 0xa8, 0xd, 0xa0,
    0x43, 0x0, 0x5, 0x10, 0x72, 0x0, 0x25, 0x20,
    0xe1, 0x21, 0x90, 0xa1, 0x68, 0x0, 0x60, 0x5e,
    0x88,

    /* U+6F14 "演" */
    0x1, 0x0, 0xe4, 0x50, 0xe, 0x9e, 0x53, 0x38,
    0xac, 0xce, 0x20, 0x8d, 0xd, 0x88, 0x6a, 0xc4,
    0x60, 0x1, 0xa8, 0x77, 0xff, 0x68, 0x23, 0x80,
    0x3f, 0x75, 0xd7, 0xba, 0x1a, 0x7b, 0xc0, 0x1a,
    0xb9, 0xb, 0xb2, 0x81, 0xe7, 0x3, 0x7c, 0x40,
    0x22, 0x1a, 0x20, 0x2, 0x0, 0x3c, 0x40, 0x22,
    0x2, 0x1, 0x3b, 0x3, 0xc4, 0x2, 0x20, 0x20,
    0x14, 0xa8, 0x36, 0x60, 0x33, 0x2, 0x0, 0x62,
    0x34, 0xcf, 0xf4, 0x7f, 0xa4, 0x42, 0x20, 0x0,
    0xe4, 0xb7, 0xd4, 0xf0, 0x16, 0x43, 0xce, 0xd3,
    0x4, 0xd1, 0x81, 0x80, 0x3e, 0x70, 0xe, 0x98,

    /* U+6FC0 "激" */
    0x5, 0x0, 0x91, 0xc0, 0x3, 0x20, 0x1b, 0x70,
    0x53, 0xb5, 0x5, 0x48, 0x3, 0x45, 0x15, 0xee,
    0xa4, 0x8c, 0x80, 0x39, 0x8c, 0x47, 0x5, 0xb7,
    0x7d, 0x9c, 0x0, 0x44, 0x47, 0x63, 0xbe, 0x1b,
    0x3f, 0xc0, 0x18, 0x82, 0xc1, 0x10, 0x4c, 0x0,
    0xf8, 0x1e, 0x91, 0xd7, 0x3e, 0xae, 0x1, 0xa3,
    0x16, 0xb0, 0x11, 0x19, 0xa0, 0x14, 0xdd, 0xe,
    0x73, 0x83, 0x31, 0x40, 0x2, 0xe6, 0x76, 0x69,
    0x86, 0x99, 0x0, 0x19, 0x81, 0x91, 0xc6, 0x0,
    0xa3, 0x20, 0x4, 0xd1, 0x3b, 0x1, 0x12, 0x56,
    0xfc, 0x49, 0xb, 0xed, 0x35, 0x60, 0xa5, 0x55,
    0x5, 0x41, 0x8a, 0xad, 0xb8, 0xb0, 0x4, 0x48,

    /* U+706D "灭" */
    0xf, 0xff, 0xfa, 0x80, 0x1f, 0xfc, 0x93, 0xff,
    0xa8, 0x3, 0xff, 0x8d, 0x60, 0x7, 0x0, 0x8e,
    0x80, 0x32, 0x38, 0x0, 0xb8, 0x1, 0x1a, 0x1,
    0xa2, 0x80, 0x2, 0x80, 0x6a, 0xe0, 0x12, 0x3,
    0x2, 0x11, 0x6, 0xec, 0x1, 0x93, 0x0, 0x1e,
    0xaf, 0x10, 0x50, 0xf, 0x91, 0x13, 0xc, 0x60,
    0x1f, 0x25, 0xd0, 0x8a, 0x74, 0xc0, 0x31, 0x55,
    0xd2, 0x80, 0x1a, 0x32, 0x48, 0x17, 0x4f, 0x94,
    0x3, 0x36, 0x86, 0xa, 0xfc, 0x88, 0x7, 0x8a,
    0x78, 0x40,

    /* U+706F "灯" */
    0x0, 0xbc, 0x40, 0x3f, 0xf8, 0x6a, 0xcd, 0xe2,
    0x0, 0xf1, 0x7f, 0xb2, 0x7f, 0xcc, 0xc, 0x20,
    0xa, 0x69, 0x95, 0x84, 0xc9, 0x3, 0x40, 0x4,
    0xc2, 0x1, 0xf9, 0x84, 0x2a, 0x40, 0x3f, 0xb,
    0x80, 0x21, 0x40, 0x3f, 0xd, 0x10, 0x88, 0x3,
    0xfe, 0x61, 0x30, 0xf, 0xfb, 0x57, 0x4c, 0x3,
    0xf8, 0x5a, 0x37, 0x40, 0x1f, 0xd6, 0xa4, 0x7e,
    0x2, 0x22, 0x0, 0xc4, 0xd6, 0x0, 0x10, 0x8e,
    0xc5, 0x0, 0x8b, 0x4, 0x3, 0x4f, 0xfa, 0x80,
    0x20,

    /* U+7070 "灰" */
    0x0, 0xd6, 0x40, 0x1f, 0xfc, 0x4, 0x0, 0xff,
    0x7f, 0xc1, 0xbf, 0xfe, 0xd0, 0x7, 0xfb, 0xb,
    0xfe, 0xbe, 0xff, 0x68, 0x6, 0x57, 0x0, 0xa8,
    0xc0, 0x3e, 0xcd, 0x24, 0x1, 0x30, 0x80, 0xe,
    0x44, 0x29, 0x88, 0xa, 0x20, 0x3, 0x18, 0x1d,
    0xa2, 0x80, 0x27, 0xc0, 0x34, 0xb0, 0x51, 0xe0,
    0x3e, 0x18, 0x4, 0x8b, 0x20, 0xc0, 0xd5, 0x26,
    0x1, 0x15, 0x40, 0x80, 0x29, 0x16, 0xfc, 0x40,
    0x5, 0xe, 0x3, 0x6d, 0x60, 0xaa, 0xc3, 0x0,
    0x30, 0xf, 0x9e, 0x8, 0x2, 0x2f, 0xc0, 0x30,
    0xf4, 0x0, 0x73, 0x60, 0x0,

    /* U+70B9 "点" */
    0x0, 0xf5, 0x28, 0x7, 0xff, 0x4, 0x47, 0x0,
    0x7e, 0xae, 0xec, 0x80, 0x1f, 0x57, 0xfe, 0x40,
    0x3, 0xc4, 0x4f, 0xf1, 0x11, 0x0, 0x52, 0x1f,
    0xea, 0xdf, 0xf3, 0x30, 0x3, 0x4b, 0xbf, 0x88,
    0x3, 0xff, 0x8a, 0x7d, 0xff, 0xe3, 0x70, 0xb,
    0x3f, 0xfe, 0xe3, 0x0, 0xf, 0x8a, 0xc0, 0x2c,
    0x84, 0x48, 0x2, 0xd8, 0x44, 0x80, 0x8e, 0x12,
    0xe8, 0x87, 0x80, 0x70, 0x0, 0xa1, 0x85, 0xea,
    0x68, 0x0, 0xf0, 0x1, 0x46, 0xb, 0x20,

    /* U+70BC "炼" */
    0x0, 0xff, 0xe2, 0x61, 0x0, 0x47, 0x80, 0x1f,
    0xfc, 0xb, 0x50, 0xf, 0xe2, 0xff, 0x3b, 0x7f,
    0xda, 0x0, 0x80, 0x69, 0xfe, 0x1f, 0xfd, 0xa0,
    0x42, 0x19, 0xb9, 0xc3, 0xfa, 0x1, 0x9f, 0xc0,
    0x9b, 0xe, 0xf0, 0x3, 0xb1, 0x6, 0xc1, 0x1,
    0x4, 0x3, 0xa4, 0x8c, 0x40, 0x7, 0xfa, 0x5f,
    0xec, 0x0, 0x84, 0x81, 0x3b, 0xf4, 0xbf, 0xd8,
    0x0, 0x42, 0xe0, 0x6, 0xa8, 0x5, 0xa2, 0x0,
    0xdb, 0x57, 0x79, 0x40, 0x2b, 0x80, 0x27, 0x74,
    0x9c, 0xd0, 0x6, 0x64, 0x15, 0x81, 0x4, 0xf1,
    0xcc, 0x38, 0x3, 0x5, 0xd8, 0x2, 0x10, 0xce,
    0xa0, 0x0, 0x80,

    /* U+70DF "烟" */
    0x0, 0x2d, 0x0, 0x7f, 0xf0, 0x93, 0xff, 0xe0,
    0xf, 0x2f, 0xfa, 0x7f, 0xc0, 0x8, 0x0, 0x2c,
    0x0, 0x56, 0x1, 0x94, 0x1, 0xf6, 0x2, 0x20,
    0x11, 0x1, 0x30, 0x8, 0x8c, 0x2f, 0xb, 0x60,
    0x1b, 0xc, 0xac, 0x1, 0x5e, 0x59, 0x20, 0x8e,
    0x22, 0x0, 0xc8, 0xc, 0x1, 0xb9, 0x44, 0x2,
    0xbf, 0xa1, 0x0, 0x91, 0x14, 0x0, 0x84, 0x29,
    0x80, 0x2, 0x4, 0x87, 0x8, 0x48, 0x2e, 0x0,
    0x26, 0xc2, 0xbd, 0x1b, 0xba, 0xb0, 0x27, 0x60,
    0x11, 0x27, 0xff, 0x0,

    /* U+70E7 "烧" */
    0x0, 0xff, 0xe2, 0x2d, 0x0, 0x56, 0x80, 0x1f,
    0xfc, 0x2, 0xc5, 0x78, 0xa0, 0xe, 0x26, 0xe4,
    0x6c, 0xfe, 0xc0, 0x4, 0xe8, 0x51, 0xf6, 0x84,
    0x43, 0x7c, 0x0, 0x5c, 0x8, 0xa0, 0x6, 0xdd,
    0x64, 0x80, 0x18, 0xc2, 0xc1, 0x25, 0x89, 0x1d,
    0x94, 0x68, 0xcc, 0xe3, 0xff, 0x8b, 0xa1, 0x5,
    0xc4, 0x40, 0x7e, 0x4a, 0xaf, 0xbb, 0x0, 0x5c,
    0x60, 0x9d, 0x51, 0xf7, 0xfe, 0x20, 0x2, 0x4,
    0x35, 0x1f, 0xd0, 0xd5, 0xc, 0xc, 0x2d, 0x50,
    0x88, 0x60, 0x1e, 0xfb, 0xf, 0x59, 0x60, 0xc,
    0x92, 0x6c, 0xc0, 0x2f, 0x19, 0x1, 0xd, 0xac,
    0x3a, 0x0, 0xbe, 0x80, 0x2e, 0xde, 0x50,

    /* U+70ED "热" */
    0x0, 0xff, 0xe2, 0xf8, 0x4, 0x3c, 0x1, 0xff,
    0xc7, 0x1f, 0xf0, 0x7c, 0xf7, 0x8f, 0x74, 0x0,
    0x1f, 0xf0, 0x7c, 0xf6, 0x97, 0x78, 0x7, 0xc4,
    0x80, 0xec, 0x2, 0x1, 0x96, 0x43, 0xf, 0x20,
    0x80, 0x38, 0xe7, 0x83, 0x9f, 0x5, 0x10, 0x1,
    0x8f, 0x1c, 0x2, 0x33, 0x4d, 0x20, 0x12, 0x1,
    0x20, 0x1, 0x36, 0x93, 0xd0, 0xab, 0x1, 0xba,
    0x0, 0x69, 0x0, 0x42, 0xe, 0x81, 0x5, 0x44,
    0x90, 0xa4, 0x1, 0x12, 0x40, 0xce, 0x43, 0x0,
    0x4e, 0x61, 0x52, 0x3, 0x1c, 0x0, 0x11, 0x3,
    0xa0, 0x33, 0xc, 0x78, 0x80, 0x1c, 0x21, 0x2e,
    0x0, 0xd3,

    /* U+710A "焊" */
    0x0, 0x2d, 0x80, 0x7f, 0xf1, 0x3b, 0x77, 0xb8,
    0x3, 0xf6, 0x6e, 0xde, 0x1, 0x38, 0x1, 0x60,
    0x33, 0x76, 0xf0, 0xa, 0xc0, 0x1f, 0x61, 0x9b,
    0xb7, 0x80, 0x9, 0x80, 0x2, 0x6b, 0x9b, 0xb7,
    0xa8, 0xf, 0x98, 0xd8, 0x74, 0x47, 0x70, 0x1a,
    0x89, 0x0, 0xe6, 0x3e, 0xb3, 0x20, 0xb, 0x4c,
    0x6, 0x65, 0x3, 0x33, 0x0, 0x48, 0xf1, 0x5f,
    0xed, 0x1f, 0xf9, 0xc1, 0xf, 0x16, 0x7f, 0xda,
    0x3f, 0xf3, 0x84, 0xd8, 0x79, 0x80, 0x7e, 0x36,
    0x60, 0x10, 0x7, 0xf1, 0xd8, 0x7, 0x8b, 0x80,
    0x30,

    /* U+7136 "然" */
    0x0, 0x84, 0x3, 0xff, 0x83, 0x6c, 0x1, 0xb9,
    0x20, 0x3, 0xa, 0xde, 0xe0, 0x4, 0xa8, 0xa0,
    0x14, 0x3f, 0xf0, 0x7, 0x70, 0x4, 0x88, 0xeb,
    0x46, 0xff, 0xf, 0x6d, 0x1, 0x57, 0x36, 0x45,
    0xf6, 0x85, 0xf7, 0x0, 0xea, 0x93, 0xac, 0x22,
    0x40, 0xd1, 0x10, 0xa, 0x49, 0xac, 0x80, 0x2e,
    0x5c, 0x40, 0x33, 0x27, 0x80, 0x29, 0x99, 0x3a,
    0x1, 0x65, 0x61, 0xd, 0x8d, 0x83, 0xbb, 0x0,
    0x1d, 0x84, 0x3, 0xb6, 0x1, 0x54, 0x0, 0xb,
    0x88, 0x6d, 0x92, 0x41, 0x31, 0x0, 0x12, 0xe4,
    0x28, 0x8, 0xc2, 0x8f, 0x20, 0x4b, 0x20, 0x4,
    0x10, 0x62, 0xb, 0x50,

    /* U+7167 "照" */
    0x0, 0xff, 0xe1, 0xc7, 0xfc, 0xf5, 0xdf, 0xee,
    0xe7, 0xa0, 0x2, 0x3d, 0xc2, 0xb9, 0xa3, 0xb8,
    0x6e, 0x1, 0xf3, 0xa3, 0x11, 0xc, 0x80, 0x13,
    0xad, 0xf9, 0xb8, 0x2b, 0x72, 0x20, 0x9, 0xd6,
    0xfe, 0x6d, 0xcb, 0x5d, 0x0, 0xf8, 0x43, 0x76,
    0xe5, 0x0, 0xb5, 0x8, 0x2, 0x11, 0x8c, 0x3,
    0x3f, 0x1, 0x81, 0xe6, 0x5a, 0x1, 0x64, 0x55,
    0x10, 0xfb, 0x76, 0xef, 0x0, 0x27, 0x28, 0x60,
    0xd, 0xa0, 0xcb, 0x0, 0x15, 0x94, 0xc, 0xc1,
    0x9c, 0x13, 0x4, 0x17, 0x20, 0x2, 0x70, 0x75,
    0x2, 0x7b, 0xe, 0x40, 0x6, 0xa0, 0xf, 0x0,
    0x22, 0x40,

    /* U+7194 "熔" */
    0x0, 0xfe, 0x10, 0xf, 0x16, 0x0, 0x64, 0xc0,
    0xf, 0xfe, 0x2, 0x19, 0x80, 0x3f, 0x17, 0xee,
    0x8f, 0xb7, 0xd4, 0x18, 0x41, 0x38, 0x73, 0x75,
    0x98, 0x50, 0x6, 0x80, 0x3a, 0x2f, 0x54, 0x17,
    0x3d, 0x1, 0xc4, 0x44, 0x9d, 0x6d, 0xe9, 0xd0,
    0x3, 0x62, 0x28, 0x9, 0x6e, 0x4b, 0x2f, 0x11,
    0x3b, 0xc0, 0x1, 0xfb, 0xb6, 0xfa, 0x80, 0x44,
    0x86, 0xf8, 0x15, 0x94, 0x13, 0x20, 0x6, 0x36,
    0xab, 0xbb, 0xba, 0x79, 0x90, 0x1, 0x25, 0x23,
    0xc0, 0x8a, 0x0, 0xd0, 0xc1, 0x7c, 0x0, 0x11,
    0x80, 0x21, 0x48, 0x1, 0x40, 0x7c, 0xc9, 0xc0,
    0x3, 0x80, 0x19, 0xfb, 0x76, 0xe7, 0x0,

    /* U+71B5 "熵" */
    0x0, 0xff, 0xe2, 0x43, 0x0, 0x6e, 0x20, 0xf,
    0xe1, 0x19, 0xec, 0x46, 0x0, 0xe1, 0xdd, 0x95,
    0x59, 0xba, 0x40, 0x70, 0x4, 0x6c, 0x36, 0x61,
    0xa7, 0x10, 0x30, 0x5, 0x41, 0x5c, 0x8d, 0x5c,
    0x80, 0xc8, 0x2e, 0x73, 0x47, 0xbc, 0xbb, 0x41,
    0xb0, 0x69, 0x43, 0x6e, 0xd0, 0xb8, 0x0, 0x55,
    0x19, 0x0, 0x23, 0x9d, 0x3a, 0x40, 0x33, 0xe0,
    0x2, 0x8a, 0xea, 0xec, 0x1, 0x9, 0xa2, 0x81,
    0x5, 0xd0, 0x10, 0x4, 0xcf, 0xd2, 0x1, 0x5d,
    0x80, 0x30, 0xcd, 0x96, 0x0, 0x32, 0xed, 0x80,
    0x12, 0x41, 0x0, 0x67, 0x0, 0x26, 0xa8, 0x0,

    /* U+7236 "父" */
    0x0, 0xcc, 0x60, 0x3, 0x60, 0xf, 0x8e, 0x44,
    0x0, 0x30, 0xe0, 0x1c, 0x5b, 0x24, 0x0, 0x2c,
    0x97, 0x0, 0x8b, 0xdd, 0x80, 0x31, 0x6c, 0x28,
    0x3, 0xd2, 0xdc, 0x3, 0x43, 0xd5, 0x80, 0x3e,
    0x4e, 0x8, 0x0, 0x2e, 0xcb, 0xe0, 0x2, 0x1,
    0x68, 0x0, 0x42, 0x10, 0x8, 0x7, 0x42, 0x29,
    0xb4, 0x80, 0x7e, 0x1a, 0xa6, 0xc9, 0x0, 0x7f,
    0x38, 0x88, 0x80, 0x3f, 0xa3, 0x26, 0x57, 0x22,
    0x1, 0x8a, 0x39, 0x31, 0xdb, 0x17, 0xa5, 0x0,
    0xf4, 0xeb, 0xc, 0x0, 0x79, 0x67, 0x44, 0x7f,
    0x68, 0x1, 0xe4, 0xae, 0x20,

    /* U+7247 "片" */
    0x0, 0xf8, 0xf8, 0x3, 0xcf, 0x20, 0x1f, 0xfd,
    0xa6, 0xff, 0xb0, 0x7f, 0xed, 0x0, 0x97, 0xbb,
    0xf6, 0x0, 0x3c, 0xc4, 0x7f, 0x80, 0x2, 0xdf,
    0xfe, 0xa0, 0xc, 0x51, 0xbb, 0xce, 0x20, 0x19,
    0x50, 0x8b, 0xbc, 0x3, 0x28, 0x18, 0x7, 0xfa,
    0x24, 0x3, 0xfc, 0x4c, 0xe0, 0x1f, 0xe2, 0xb0,
    0xf, 0x9e, 0xc0, 0x0,

    /* U+7248 "版" */
    0x6, 0x90, 0xe0, 0xc, 0x48, 0xd2, 0x1, 0xf0,
    0xff, 0x7f, 0xbb, 0xc4, 0x3, 0xe1, 0xed, 0xb8,
    0x61, 0x0, 0x84, 0x63, 0x0, 0xfe, 0x6e, 0xe,
    0x41, 0xee, 0xe1, 0x0, 0x37, 0x74, 0x82, 0x59,
    0xfe, 0x11, 0x0, 0x4, 0x71, 0x85, 0xb8, 0xaa,
    0x0, 0x5, 0xff, 0xcc, 0x66, 0x4e, 0xd, 0xd0,
    0x3, 0xe3, 0xdc, 0x4, 0x46, 0xc6, 0xee, 0x0,
    0x11, 0x0, 0x26, 0x60, 0x5e, 0x30, 0x80, 0x19,
    0x80, 0x16, 0x10, 0x8, 0x78, 0x0, 0x48, 0xc0,
    0x24, 0xc8, 0x9b, 0x97, 0x2, 0x60, 0xb, 0x98,
    0x8f, 0xd3, 0x2d, 0xe, 0x0, 0x11, 0xb, 0x6b,
    0x10, 0x2c, 0x40,

    /* U+724C "牌" */
    0x0, 0xfe, 0x10, 0xe, 0x77, 0xe, 0x80, 0x4b,
    0xa0, 0x1f, 0xe5, 0x69, 0x66, 0xc0, 0x1f, 0x40,
    0xd2, 0x80, 0x20, 0x40, 0x3e, 0x66, 0xb, 0x30,
    0x3, 0x4e, 0x96, 0x6, 0x60, 0x73, 0x2, 0x1,
    0x36, 0xf6, 0x86, 0x69, 0x66, 0x4, 0x2, 0xf1,
    0x18, 0x37, 0xb, 0x30, 0x20, 0x14, 0x77, 0xb,
    0x64, 0x39, 0xbf, 0xc2, 0x1f, 0x5c, 0x82, 0xff,
    0x82, 0xce, 0x1, 0x10, 0x80, 0x26, 0x49, 0xfc,
    0x75, 0xca, 0xc, 0xc0, 0x4, 0xf7, 0x63, 0xae,
    0x50, 0x22, 0x0, 0x7f, 0xc6, 0x80, 0x1f, 0xfc,
    0x3, 0xa0, 0x5, 0x18, 0x6, 0xc4, 0x0, 0x0,

    /* U+7259 "牙" */
    0x5, 0xff, 0xff, 0x38, 0x1, 0x7e, 0xff, 0xf7,
    0x7, 0xf9, 0xc0, 0x23, 0x90, 0xf, 0xfe, 0x2,
    0x20, 0x3, 0xff, 0x81, 0x9e, 0x23, 0x8c, 0x4,
    0x60, 0x9, 0x67, 0xbb, 0x68, 0x77, 0x44, 0x0,
    0xef, 0xfb, 0x8d, 0x83, 0xfe, 0x20, 0xe, 0x3c,
    0xb8, 0x0, 0xfe, 0x8d, 0x97, 0x0, 0xfc, 0xfc,
    0x5e, 0x80, 0x1f, 0xf, 0x66, 0xd0, 0x80, 0x98,
    0x7, 0xf, 0xd9, 0x80, 0xf, 0xb1, 0x40, 0x30,

    /* U+7269 "物" */
    0x0, 0xff, 0xe2, 0xf0, 0x80, 0x29, 0x0, 0x3d,
    0x66, 0x1, 0x91, 0x40, 0x3c, 0xc4, 0x1, 0x20,
    0x4c, 0x46, 0x20, 0x2e, 0x1e, 0x7f, 0x43, 0x39,
    0x18, 0x4d, 0x38, 0x74, 0xda, 0x82, 0xe, 0x88,
    0x17, 0x44, 0xe, 0x24, 0x98, 0xd5, 0x4, 0x4c,
    0xc0, 0x1, 0x4a, 0x5d, 0x10, 0x11, 0x98, 0x12,
    0x47, 0x88, 0xdd, 0xd5, 0x40, 0x11, 0x34, 0x70,
    0x63, 0x75, 0x83, 0x30, 0x44, 0xd, 0x8e, 0x20,
    0xea, 0xa7, 0x70, 0x91, 0x80, 0x79, 0xa0, 0xa6,
    0x1, 0x9c, 0x3, 0xe1, 0xfb, 0x10, 0xfd, 0x0,
    0xf9, 0xa9, 0x67, 0xdd, 0x80, 0x37, 0x8, 0x3b,
    0x82, 0x7f, 0x44, 0x0,

    /* U+7279 "特" */
    0x0, 0xbc, 0x3, 0xbc, 0x3, 0xa0, 0x80, 0x24,
    0x66, 0x3, 0x31, 0x0, 0x8, 0x1, 0x8f, 0x30,
    0x19, 0x83, 0x0, 0x16, 0x87, 0xa3, 0xd5, 0x2,
    0xa8, 0xe0, 0x27, 0xc1, 0xe3, 0x33, 0x4, 0xcc,
    0x6a, 0x82, 0x0, 0x1e, 0xea, 0xd, 0x38, 0x12,
    0xc0, 0x25, 0x77, 0xdc, 0xce, 0x60, 0x6c, 0x1d,
    0x1f, 0xfa, 0xd3, 0xd4, 0xfb, 0x3, 0xa7, 0x2f,
    0xfd, 0x49, 0xea, 0x7f, 0x40, 0x10, 0xd1, 0x0,
    0x80, 0x7f, 0x15, 0x48, 0x7, 0xff, 0x1, 0x28,
    0x4, 0x3, 0xfe, 0x2f, 0xac, 0x0, 0xef, 0x0,
    0xc7, 0xfe, 0x70, 0x0,

    /* U+72B6 "状" */
    0x0, 0xff, 0xe2, 0xe2, 0x0, 0x5e, 0x28, 0x20,
    0x1f, 0xfc, 0x2, 0xd0, 0x2, 0x60, 0x7, 0xe6,
    0x76, 0x4, 0x68, 0x0, 0xf0, 0x85, 0x38, 0x2,
    0xcc, 0xf, 0x76, 0xd, 0xd6, 0x60, 0x40, 0x6c,
    0xb, 0xb9, 0x21, 0x5d, 0xd0, 0x80, 0x42, 0x23,
    0x30, 0x3, 0xcc, 0xe0, 0x0, 0xe9, 0x0, 0x46,
    0x8a, 0x1, 0x8b, 0x28, 0xc0, 0x2a, 0xe6, 0x40,
    0x9, 0x6d, 0xc0, 0x24, 0x35, 0xe8, 0x0, 0x9d,
    0x80, 0x21, 0xa8, 0x5, 0x8, 0x0, 0xf0, 0xd2,
    0x30, 0x3, 0x9a, 0x0, 0x3b, 0x2, 0x80, 0x22,
    0xc4, 0x10,

    /* U+72EC "独" */
    0x18, 0x3, 0x50, 0xb, 0x4c, 0x3, 0x9, 0x4f,
    0x80, 0x7f, 0xd4, 0xee, 0x50, 0xf, 0xf3, 0x80,
    0x5d, 0xd1, 0x67, 0x7e, 0x2, 0x5e, 0x20, 0x3,
    0x38, 0xb3, 0xa8, 0x0, 0x98, 0x42, 0x40, 0x1f,
    0xf2, 0x8b, 0x0, 0x7f, 0x8e, 0xc8, 0x1, 0xbe,
    0x59, 0xf4, 0x0, 0x4d, 0xa6, 0xe, 0xff, 0x16,
    0x7d, 0x60, 0x2d, 0x23, 0xb8, 0x3, 0xd6, 0x60,
    0x28, 0x2, 0x20, 0xc, 0xe6, 0x90, 0x1, 0x11,
    0x1a, 0xb3, 0x4a, 0xf9, 0x90, 0x83, 0xb6, 0x1c,
    0xaa, 0x77, 0xf7, 0x9, 0xc0,

    /* U+731C "猜" */
    0x39, 0x5, 0x50, 0x5, 0xa6, 0x1, 0x19, 0xaa,
    0xdf, 0x37, 0x45, 0xdb, 0xa5, 0xb, 0x56, 0x2e,
    0xe8, 0x6f, 0xb8, 0xa3, 0xa6, 0x60, 0x7b, 0xb0,
    0x7d, 0xd8, 0x5e, 0xf1, 0x17, 0x4, 0x62, 0x11,
    0x43, 0x38, 0x8, 0x55, 0x59, 0x15, 0x50, 0x1,
    0xc4, 0x45, 0xbb, 0xd8, 0x20, 0x92, 0x82, 0x0,
    0xee, 0xc4, 0xb, 0x74, 0x20, 0x1, 0xcc, 0xc4,
    0x0, 0xa4, 0x11, 0x0, 0xe6, 0x62, 0x5, 0x50,
    0x33, 0x0, 0x73, 0x31, 0x0, 0x44, 0x50, 0xe,
    0x66, 0x20, 0x1f, 0xc8, 0x0, 0xe6, 0xd0, 0x31,
    0xfe, 0x70, 0x1e, 0x0, 0x36, 0xe8, 0x40,

    /* U+732B "猫" */
    0x7, 0x1, 0x50, 0x39, 0x0, 0x70, 0x80, 0x3e,
    0xa9, 0xa0, 0x1f, 0xd0, 0x8f, 0x5f, 0x8d, 0xfe,
    0x1e, 0xf0, 0x90, 0x72, 0xfc, 0x6f, 0xf0, 0xf7,
    0x99, 0xbd, 0x0, 0x2e, 0x0, 0x10, 0x0, 0xe8,
    0x44, 0x44, 0x62, 0x55, 0x4a, 0x18, 0x1, 0x45,
    0xaa, 0x72, 0xbf, 0x26, 0x0, 0x60, 0x80, 0x17,
    0x25, 0x73, 0x60, 0x3b, 0x6c, 0x0, 0xe3, 0x32,
    0x1f, 0x1, 0xa3, 0x3b, 0x81, 0x20, 0x7a, 0x10,
    0xa, 0x0, 0x44, 0x15, 0x65, 0x57, 0x40, 0x1,
    0x22, 0x82, 0xe8, 0xaa, 0x96, 0x0, 0x8c, 0x80,
    0x2, 0xf5, 0xff, 0x30, 0x2, 0x79, 0xc2, 0x25,
    0x13, 0x55, 0x80,

    /* U+7387 "率" */
    0x0, 0xff, 0xe4, 0x54, 0x0, 0x7d, 0x77, 0xce,
    0xeb, 0xbe, 0x20, 0xff, 0xdc, 0x77, 0xdf, 0xf8,
    0x80, 0xfd, 0x53, 0xa9, 0x61, 0xd6, 0x5c, 0x0,
    0xe7, 0xac, 0x93, 0xd6, 0x59, 0x66, 0x1, 0x47,
    0x26, 0xb4, 0x18, 0xf3, 0x0, 0x43, 0x1e, 0x9e,
    0x65, 0x6f, 0xd0, 0x1, 0x6f, 0xee, 0x31, 0x64,
    0xd6, 0x8d, 0x80, 0x31, 0xc2, 0xac, 0xc1, 0xf4,
    0x26, 0xc1, 0x3f, 0xf9, 0x99, 0xff, 0xc8, 0x8f,
    0xfe, 0x66, 0x7f, 0xf2, 0x0, 0x7f, 0xf4, 0x0,

    /* U+7389 "玉" */
    0xd, 0xff, 0xff, 0x30, 0x3, 0x7f, 0xf1, 0x5f,
    0xfe, 0x60, 0xf, 0xff, 0x1, 0xff, 0xe2, 0xbf,
    0xfb, 0x40, 0x23, 0xff, 0xc5, 0x7f, 0xbf, 0xa0,
    0x1f, 0xe2, 0xc4, 0x0, 0xff, 0x8b, 0x69, 0x40,
    0x3f, 0xe3, 0xd3, 0x0, 0x2d, 0x57, 0x17, 0xd5,
    0x27, 0x28, 0x1f, 0x33, 0xa7, 0x73, 0x38, 0x0,

    /* U+73AF "环" */
    0x0, 0xff, 0xe1, 0x47, 0xfd, 0x35, 0xff, 0xf0,
    0xc7, 0x8f, 0x4d, 0x7f, 0xac, 0xbf, 0xe1, 0x0,
    0xfd, 0xf4, 0x1, 0xff, 0x22, 0x3d, 0x0, 0x25,
    0xf1, 0xe4, 0x0, 0x48, 0x2, 0x88, 0x0, 0xbe,
    0x3a, 0x81, 0x2c, 0x9b, 0x7e, 0x20, 0x18, 0xc2,
    0x1e, 0x80, 0xa, 0x96, 0x1, 0xe1, 0xc1, 0x0,
    0xa7, 0x40, 0x35, 0xc4, 0x90, 0x7, 0x38, 0x2f,
    0x16, 0x48, 0x7, 0xf3, 0xe6, 0x18, 0x40, 0x3f,
    0x88, 0x80, 0x1f, 0xfc, 0x0,

    /* U+73B0 "现" */
    0xf, 0xfd, 0x5d, 0xdd, 0xf8, 0x0, 0xfd, 0x1f,
    0xa0, 0xfe, 0xce, 0xb0, 0xf, 0xf0, 0xe0, 0x7,
    0xff, 0x1e, 0xf4, 0x7d, 0x40, 0x3f, 0xaf, 0x7,
    0xd4, 0x2, 0x30, 0xf, 0x8, 0x7, 0x10, 0x80,
    0x7f, 0xa0, 0x50, 0x55, 0x52, 0x1, 0xc8, 0xcc,
    0xa, 0x6c, 0x15, 0x0, 0x34, 0x8c, 0x18, 0x43,
    0x60, 0x0, 0x70, 0x37, 0x5d, 0x8a, 0xed, 0x40,
    0x11, 0xb0, 0x5b, 0x8, 0x5d, 0xbc, 0x4d, 0xf3,
    0xfc, 0x1, 0xd3, 0x82, 0x9, 0xd9, 0xaa,

    /* U+7406 "理" */
    0x9f, 0xfb, 0x2e, 0xd5, 0x7d, 0x54, 0xd0, 0x9f,
    0x2d, 0xc0, 0x8a, 0x85, 0xa8, 0x0, 0xfc, 0xc6,
    0xce, 0x6c, 0x1, 0xfb, 0xa7, 0x8a, 0x7c, 0x0,
    0x96, 0x5c, 0xc1, 0x15, 0xb, 0x52, 0x0, 0x4a,
    0x28, 0x60, 0xde, 0xd4, 0xec, 0x0, 0x84, 0x18,
    0x2f, 0xb9, 0x47, 0xdc, 0xd0, 0xf, 0xfe, 0x32,
    0x33, 0xff, 0xac, 0xff, 0xe0, 0x5b, 0x2d, 0x7,
    0xff, 0x59, 0xff, 0xc0, 0x3f, 0xeb, 0x57, 0x7b,
    0x49, 0xde, 0x34, 0x40, 0x1, 0xff, 0xe1, 0x6f,
    0xf9, 0xc0,

    /* U+751F "生" */
    0x0, 0x99, 0x41, 0x30, 0x3, 0xfa, 0xc0, 0x3f,
    0xf8, 0x6, 0x48, 0x2, 0x1, 0xfd, 0x21, 0xdf,
    0x47, 0xff, 0xb4, 0x0, 0x6b, 0xdf, 0xeb, 0x3f,
    0xfd, 0xa0, 0xf, 0x81, 0x0, 0xff, 0xb5, 0xc0,
    0x3f, 0xf8, 0x2, 0xff, 0xf5, 0x9f, 0xfe, 0x50,
    0x9, 0xff, 0xea, 0x3f, 0xfc, 0xa0, 0x1f, 0x8,
    0x7, 0xff, 0x2a, 0x23, 0xb8, 0xa2, 0x39, 0x0,
    0x3c, 0x4c, 0x1, 0xe0,

    /* U+7528 "用" */
    0x0, 0x7f, 0xff, 0x90, 0x2, 0xff, 0x8b, 0x3f,
    0xe3, 0x0, 0xff, 0xe2, 0xdd, 0xc5, 0xf7, 0x71,
    0x80, 0x6f, 0xf8, 0x6b, 0xfe, 0x20, 0xc, 0x89,
    0x1a, 0xa2, 0x42, 0x0, 0x10, 0xe, 0x70, 0xf,
    0x18, 0x7f, 0xc5, 0x7f, 0xf1, 0x80, 0x1d, 0x3f,
    0xe2, 0xcf, 0xf8, 0xc0, 0x19, 0x80, 0xf, 0xf0,
    0xb2, 0x80, 0x7e, 0x17, 0x66, 0x10, 0x7, 0x27,
    0xf8, 0x9, 0xe4, 0x3, 0x69, 0xa7, 0xfb, 0x44,

    /* U+7531 "由" */
    0x0, 0xec, 0x40, 0xf, 0xfe, 0x8b, 0x7f, 0xe3,
    0xbf, 0xfc, 0xe0, 0xbf, 0xf1, 0xdf, 0xfc, 0xa0,
    0x1f, 0xfc, 0xe5, 0xff, 0x8e, 0xff, 0xe5, 0x0,
    0x2f, 0x74, 0x55, 0xdd, 0x20, 0x4, 0x23, 0xfc,
    0x1, 0xff, 0xc2, 0x4c, 0xc8, 0xe7, 0x32, 0x50,
    0x2, 0xc4, 0x57, 0x31, 0x12, 0x3, 0x5a, 0x27,
    0xeb, 0x70,

    /* U+7535 "电" */
    0x0, 0xee, 0x30, 0xf, 0xfe, 0x39, 0xff, 0xe1,
    0xcf, 0xfc, 0x20, 0x1, 0xee, 0x86, 0xfb, 0xa0,
    0xc, 0x62, 0x30, 0x38, 0x8c, 0x1, 0x8b, 0xba,
    0x1d, 0xee, 0x80, 0x30, 0xff, 0xc3, 0x5f, 0xf0,
    0x6, 0x31, 0x18, 0x1c, 0x46, 0x0, 0xc5, 0xdd,
    0xe, 0x77, 0x40, 0x18, 0xbf, 0xe1, 0xbf, 0xfb,
    0x90, 0x8f, 0x44, 0x60, 0x71, 0x1d, 0xe8, 0x1,
    0xc6, 0xa2, 0x39, 0x14, 0x3, 0xaa, 0x7b, 0xb2,
    0x18,

    /* U+753B "画" */
    0xef, 0xff, 0xf2, 0xf7, 0xff, 0xf9, 0x40, 0x6,
    0x89, 0xe0, 0xa, 0x7, 0xb9, 0xb7, 0xdb, 0x60,
    0xe6, 0xc6, 0x17, 0x25, 0x72, 0x21, 0x8c, 0x1,
    0x66, 0xb, 0x30, 0x20, 0x1e, 0xfc, 0x2f, 0xc1,
    0x0, 0xf1, 0x80, 0xc, 0x3, 0xf7, 0xf1, 0x7f,
    0x8, 0x7, 0x6f, 0x73, 0xfb, 0x9e, 0x1, 0xbf,
    0x33, 0xf2, 0x6, 0x77, 0xff, 0xe3, 0x0,

    /* U+754C "界" */
    0x0, 0x73, 0xb3, 0x3e, 0x19, 0x91, 0xa0, 0x1c,
    0xcd, 0xd, 0x33, 0x2c, 0x3, 0xd9, 0xba, 0x1f,
    0xdd, 0x70, 0x7, 0xb3, 0x74, 0x3f, 0xba, 0xe0,
    0xf, 0x44, 0xc8, 0x62, 0x66, 0x0, 0xea, 0xc5,
    0x55, 0x6b, 0x77, 0xc8, 0x6, 0x6e, 0x7c, 0x57,
    0xb9, 0xd5, 0x0, 0x15, 0x66, 0x1, 0x0, 0xc,
    0x3, 0xf4, 0x44, 0xdf, 0x76, 0x0, 0xe9, 0xfc,
    0x20, 0x71, 0x22, 0x28, 0x7, 0xb, 0x0, 0x47,
    0xee, 0x20, 0x1f, 0xc5, 0xb5, 0x0, 0x1f, 0xe2,
    0xe7, 0x0, 0xc5, 0xc0, 0x18,

    /* U+7559 "留" */
    0x0, 0x92, 0x50, 0x3, 0xc5, 0x7b, 0xde, 0xbf,
    0xfd, 0xa0, 0xdb, 0x4e, 0x3f, 0xc3, 0xfe, 0x60,
    0x8, 0xb0, 0x0, 0xaa, 0x0, 0xf8, 0x58, 0x3b,
    0x80, 0x22, 0x42, 0xef, 0x5b, 0x66, 0x29, 0xb9,
    0x12, 0x33, 0x66, 0x3f, 0x2, 0x72, 0x93, 0xb3,
    0xb9, 0x6f, 0xdc, 0x44, 0x18, 0x1a, 0x77, 0x3c,
    0x3b, 0xa1, 0x0, 0x92, 0xed, 0xa3, 0x77, 0x0,
    0x65, 0xaa, 0x70, 0xd5, 0x40, 0x19, 0x9a, 0xa1,
    0x66, 0x80, 0x38, 0x45, 0xd2, 0x23, 0x0, 0x55,
    0xac, 0xdf, 0x78, 0x80,

    /* U+7565 "略" */
    0x0, 0xfa, 0xc, 0x3, 0x7f, 0xed, 0x2, 0x62,
    0x11, 0x0, 0xb, 0xf, 0x0, 0x12, 0x19, 0x8e,
    0x70, 0x1, 0xb9, 0x84, 0x24, 0xef, 0x8b, 0x0,
    0x71, 0x1f, 0x52, 0x74, 0x8, 0x17, 0x27, 0x15,
    0x8f, 0x5b, 0x30, 0x0, 0x5c, 0x9c, 0x0, 0x3e,
    0x64, 0x70, 0xf, 0x1c, 0xec, 0xcb, 0xf3, 0x90,
    0x3, 0xc3, 0x7f, 0xc8, 0x91, 0xda, 0xd9, 0xea,
    0x7f, 0xcf, 0xa0, 0x71, 0xb1, 0xe0, 0x1f, 0xac,
    0xce, 0x20, 0x72, 0x28, 0x40, 0xc, 0x1, 0xc7,
    0xdd, 0x38, 0x7, 0xc9, 0xf9, 0x97, 0x38, 0x0,

    /* U+756A "番" */
    0x0, 0xf8, 0x91, 0xa0, 0xc0, 0x24, 0xcd, 0xdb,
    0xfb, 0xaf, 0x10, 0x9, 0x34, 0x7f, 0x4e, 0x2b,
    0x68, 0x80, 0x30, 0xd5, 0x80, 0x68, 0x90, 0x9,
    0x7b, 0x90, 0xdc, 0x75, 0xc5, 0x5d, 0xa0, 0xbd,
    0xd4, 0x19, 0x21, 0xef, 0x73, 0x40, 0x23, 0xcd,
    0xc1, 0xe9, 0xc9, 0x10, 0x1, 0xde, 0x37, 0x2a,
    0x88, 0x2d, 0x3a, 0x84, 0x5b, 0x2f, 0xba, 0x7c,
    0xdc, 0x7, 0xf1, 0x26, 0x37, 0x99, 0x17, 0x4c,
    0x93, 0xd4, 0x3, 0x25, 0xd8, 0xa2, 0xec, 0xe0,
    0x1e, 0x4b, 0xb1, 0x45, 0xd9, 0xc0, 0x3c, 0xbb,
    0xa1, 0x9d, 0xd3, 0x80, 0x72, 0xfe, 0xef, 0xb9,
    0xc0, 0x0,

    /* U+75C7 "症" */
    0x0, 0xf8, 0xd0, 0x3, 0xff, 0x80, 0xd4, 0x1,
    0xf1, 0xff, 0xea, 0x1f, 0xfd, 0x3, 0x20, 0x5f,
    0xff, 0xd0, 0x2a, 0xa0, 0x3f, 0xff, 0xc4, 0x15,
    0xc0, 0x7f, 0xf4, 0x3f, 0xfc, 0x40, 0xd6, 0x1,
    0xff, 0xc1, 0x41, 0xd, 0x10, 0x0, 0x91, 0x40,
    0x7b, 0x4c, 0x6, 0x1, 0x3f, 0x72, 0x40, 0x79,
    0x34, 0x3, 0x9b, 0x31, 0x60, 0x46, 0xea, 0x1,
    0xff, 0x42, 0xb4, 0x8c, 0x4d, 0xa4, 0xcc, 0xa0,
    0x54, 0xff, 0x3f, 0xea, 0xa7, 0xfc, 0xc0,

    /* U+767B "登" */
    0x0, 0xf9, 0x40, 0x4, 0x1, 0xa3, 0xba, 0xf6,
    0xf7, 0x4f, 0x30, 0xa, 0xed, 0xda, 0x2f, 0x73,
    0x18, 0x34, 0x0, 0x3c, 0xbd, 0xb1, 0x15, 0x13,
    0x74, 0x80, 0x54, 0xa7, 0x7d, 0xca, 0x28, 0x93,
    0x1, 0x8d, 0xad, 0xee, 0xd9, 0x8b, 0xb1, 0x10,
    0x32, 0xbb, 0xbf, 0x61, 0x9a, 0xc, 0x7b, 0xbb,
    0x4c, 0x1c, 0x40, 0x3f, 0xf8, 0xa5, 0xbb, 0xdc,
    0x40, 0x1c, 0x3a, 0x1f, 0xba, 0xf0, 0xc0, 0xf,
    0x96, 0x80, 0x17, 0x40, 0x18, 0xbb, 0xa6, 0x67,
    0x71, 0xa7, 0xba, 0x20,

    /* U+767D "白" */
    0x0, 0xe7, 0x30, 0xf, 0xe1, 0x81, 0x0, 0xf2,
    0x25, 0x4, 0xc8, 0x98, 0x1, 0x71, 0x5, 0x18,
    0x8d, 0x62, 0x0, 0xcc, 0xfc, 0x1, 0xff, 0xc4,
    0x11, 0xfc, 0x1, 0xbb, 0xbf, 0x0, 0x6f, 0xff,
    0xc0, 0x1f, 0xfd, 0xf, 0xff, 0xc0, 0x1b, 0xbb,
    0xf0, 0x5, 0xc2, 0x3f, 0xbc, 0x40,

    /* U+767E "百" */
    0x1f, 0xff, 0xfe, 0x1, 0xf, 0xff, 0x1c, 0xff,
    0xf1, 0x0, 0x78, 0xd0, 0x3, 0xf3, 0xf7, 0x3c,
    0x33, 0xba, 0xa0, 0xd, 0xef, 0xdf, 0xee, 0xea,
    0x4, 0x3, 0x84, 0x3, 0xff, 0x82, 0x24, 0x5e,
    0x10, 0xf, 0x3f, 0xff, 0xa4, 0x3, 0xcd, 0xbb,
    0xe8, 0x0, 0xff, 0xe4, 0x3f, 0x77, 0xa4, 0x3,
    0xcd, 0xdd, 0xe9, 0x0, 0x80,

    /* U+7684 "的" */
    0x0, 0xff, 0xe1, 0xc3, 0x80, 0x52, 0xc0, 0x1e,
    0x54, 0x0, 0x9d, 0x40, 0x33, 0xd9, 0x45, 0x99,
    0x87, 0xf3, 0x22, 0xe3, 0xc8, 0x77, 0x43, 0xff,
    0xc4, 0x0, 0xd3, 0x33, 0xe2, 0xc1, 0x9c, 0x6,
    0x1, 0xdd, 0x6c, 0x1, 0xeb, 0xdd, 0x21, 0x2e,
    0x40, 0x0, 0x44, 0x11, 0x98, 0x40, 0x5, 0xb1,
    0x80, 0x63, 0x11, 0x0, 0x43, 0x10, 0x11, 0x0,
    0x7f, 0x34, 0x99, 0x80, 0x6, 0x22, 0x0, 0xe2,
    0x66, 0x0, 0x23, 0xfc, 0xae, 0x1, 0xb4, 0xc0,
    0x17, 0xdd, 0x18, 0x17, 0xf9, 0x28, 0x25, 0x40,
    0x38, 0xbf, 0xda, 0x40,

    /* U+76CA "益" */
    0x0, 0x98, 0xc0, 0x31, 0x40, 0x7, 0x8f, 0x80,
    0x34, 0xf8, 0x7, 0x95, 0x90, 0x0, 0x6e, 0xe0,
    0x8, 0x7f, 0xe4, 0xbf, 0xf6, 0x1f, 0xfc, 0x22,
    0xff, 0xaf, 0xbf, 0xdb, 0x9f, 0xf0, 0x80, 0xa,
    0xbc, 0x2, 0x68, 0xd7, 0x10, 0x4, 0xff, 0xac,
    0x40, 0x9, 0x79, 0xfa, 0x0, 0x8a, 0x8d, 0xdf,
    0x60, 0xe0, 0x0, 0x7e, 0xb0, 0x3b, 0xc3, 0x2c,
    0xc0, 0x38, 0x44, 0x2, 0x0, 0x13, 0x0, 0xff,
    0xe2, 0x93, 0x1e, 0x31, 0xd2, 0x9b, 0x7b, 0x30,
    0x92, 0x51, 0x64, 0x5e, 0x6, 0x54, 0xe5, 0x0,

    /* U+76CF "盏" */
    0x0, 0xff, 0xe3, 0x78, 0xe, 0x18, 0x7, 0xc2,
    0xa, 0xeb, 0xf5, 0x80, 0xd, 0xee, 0x60, 0xcf,
    0x7c, 0xcb, 0x80, 0x19, 0xdc, 0xd8, 0x7b, 0x23,
    0xbb, 0x20, 0xc5, 0xe7, 0x42, 0x7e, 0x88, 0xa,
    0x8e, 0x46, 0xf7, 0x21, 0xef, 0xdb, 0x44, 0x14,
    0xc4, 0x8, 0x13, 0x43, 0xc5, 0xc1, 0xa7, 0x3b,
    0x9f, 0x6a, 0xd1, 0x1, 0x3, 0xff, 0x76, 0x42,
    0x56, 0xfd, 0x30, 0x2d, 0xf6, 0xfe, 0xeb, 0xfa,
    0x54, 0x3, 0x7e, 0x96, 0xe1, 0x69, 0x80, 0x7f,
    0xf0, 0xe3, 0xcb, 0x7c, 0xbf, 0x8b, 0xcf, 0x34,

    /* U+76D1 "监" */
    0x0, 0xc5, 0xc0, 0x3, 0x80, 0xe, 0x1e, 0x0,
    0xeb, 0xf0, 0xf, 0xfe, 0x2, 0xc7, 0xfd, 0x20,
    0x1f, 0x20, 0xff, 0xe9, 0x0, 0xfa, 0x62, 0xc,
    0x1, 0xfc, 0xcc, 0x49, 0xc9, 0x0, 0xc8, 0x6,
    0xed, 0x40, 0x35, 0xcc, 0x0, 0x1a, 0x1, 0x90,
    0x10, 0x9, 0xd8, 0x2, 0x9f, 0xef, 0xf7, 0x7f,
    0x73, 0xc4, 0x3, 0x47, 0x44, 0xf0, 0xff, 0x0,
    0x7f, 0xf1, 0x49, 0x4b, 0x57, 0x71, 0x45, 0xd4,
    0x1c, 0xde, 0x91, 0x69, 0x55, 0x41, 0x34, 0x13,
    0x40,

    /* U+76D6 "盖" */
    0x0, 0x8d, 0xc0, 0x33, 0xa0, 0x7, 0x8e, 0x4c,
    0x0, 0x52, 0xa0, 0x19, 0xb7, 0x41, 0xdd, 0x60,
    0x66, 0xb0, 0x1, 0xb7, 0x5d, 0xaf, 0x3d, 0xcd,
    0xd3, 0x0, 0x55, 0xbb, 0x34, 0xee, 0xd6, 0x1,
    0xab, 0x76, 0x69, 0xdd, 0xac, 0x2, 0xbb, 0xe7,
    0xab, 0xbe, 0x0, 0x55, 0x77, 0xe5, 0x57, 0x0,
    0x7, 0x3f, 0xff, 0x60, 0x80, 0x47, 0xfc, 0x3d,
    0xe1, 0xde, 0x60, 0x1f, 0xfd, 0x26, 0xf1, 0xef,
    0xf, 0xe1, 0xfe, 0x1f, 0x60,

    /* U+76D8 "盘" */
    0x0, 0xff, 0xe4, 0x63, 0x0, 0x7f, 0x76, 0xf1,
    0xc6, 0xeb, 0x90, 0x3, 0xdb, 0xa6, 0xfd, 0xd2,
    0x88, 0x7, 0xc7, 0x9a, 0x1, 0xe4, 0xef, 0x1e,
    0xe5, 0x97, 0x71, 0x2b, 0x95, 0x3a, 0x97, 0xae,
    0x7b, 0xa4, 0xae, 0x50, 0x18, 0xe0, 0x50, 0xd1,
    0x27, 0x10, 0xa, 0xd5, 0x0, 0xf, 0x81, 0xcc,
    0xa0, 0x15, 0x26, 0xee, 0xcc, 0xb, 0xc0, 0x6,
    0x2c, 0xd3, 0xdc, 0x3d, 0x82, 0x0, 0xff, 0xe9,
    0x3f, 0x8f, 0x78, 0xff, 0xf, 0xd2, 0x7b, 0x0,

    /* U+76EE "目" */
    0xbf, 0xff, 0xd6, 0x15, 0xff, 0xe9, 0x0, 0xff,
    0xe0, 0x5e, 0xef, 0xa0, 0x1, 0x3d, 0xde, 0x60,
    0x1, 0x19, 0xfb, 0x80, 0x3f, 0x84, 0x1, 0x5f,
    0xfe, 0x80, 0x5, 0x7f, 0xfa, 0x40, 0x3f, 0xf8,
    0x15, 0xff, 0xe9, 0x0, 0x4f, 0x77, 0xa0, 0x0,

    /* U+76F4 "直" */
    0x0, 0xf5, 0x38, 0x7, 0xd7, 0x99, 0x96, 0xb3,
    0x35, 0x80, 0x27, 0xbb, 0x4, 0xf7, 0x69, 0x0,
    0x13, 0x4c, 0xc1, 0xf3, 0x33, 0x90, 0x4, 0x21,
    0x10, 0xc8, 0x88, 0x48, 0x3, 0x96, 0x67, 0xce,
    0x1, 0xe5, 0x99, 0xf3, 0x0, 0x79, 0x62, 0x3c,
    0xa0, 0x1e, 0x59, 0x9f, 0x20, 0x7, 0x96, 0x23,
    0xc8, 0x1, 0xe5, 0x88, 0xf2, 0x0, 0x44, 0xfe,
    0xca, 0xbe, 0x6c, 0x72, 0xf, 0x25, 0xff, 0xf2,
    0x1f, 0x88,

    /* U+76F8 "相" */
    0x0, 0xbc, 0x3, 0xff, 0x88, 0xdf, 0xfe, 0x10,
    0xf, 0x97, 0xff, 0x0, 0xf, 0xb8, 0x1d, 0xc0,
    0xf, 0xc7, 0xd4, 0x1d, 0xc0, 0x5d, 0xdc, 0x1,
    0xb4, 0xc, 0x0, 0x9f, 0xf8, 0x3, 0x20, 0x70,
    0x80, 0x91, 0x60, 0x9, 0x94, 0x2e, 0x80, 0x3f,
    0xae, 0x41, 0x8c, 0x17, 0xbb, 0x0, 0x19, 0x4,
    0x1, 0x0, 0xbd, 0xd8, 0x0, 0xf2, 0x1, 0xff,
    0xc0, 0x10, 0xf, 0x2f, 0x76, 0x0, 0xfe, 0x5e,
    0xec, 0x1, 0xde, 0x0, 0x6a, 0x0, 0xde, 0x20,

    /* U+7701 "省" */
    0x0, 0xc2, 0x7, 0x80, 0x1, 0x0, 0xf3, 0x68,
    0x6, 0x3f, 0x40, 0xc, 0x51, 0xc0, 0x18, 0x62,
    0x94, 0x0, 0x59, 0x64, 0x1, 0x1e, 0xe, 0xd1,
    0x0, 0xda, 0x80, 0x18, 0xf6, 0xdc, 0xf8, 0x80,
    0xd4, 0xe3, 0x6e, 0x39, 0x40, 0x2, 0x3, 0xbf,
    0x8c, 0x66, 0xad, 0xd7, 0x50, 0x0, 0x7f, 0xcd,
    0x1d, 0xbb, 0xa0, 0x40, 0x22, 0x0, 0x46, 0x67,
    0x40, 0x7, 0xd1, 0x99, 0xd0, 0x1, 0xf5, 0xe6,
    0x75, 0x80, 0x7c, 0xbd, 0xdd, 0x40, 0x1f, 0x24,
    0x47, 0x58, 0x7, 0xa7, 0x2a, 0xbb, 0x2c, 0x0,

    /* U+770B "看" */
    0x0, 0xf8, 0x49, 0x19, 0x80, 0x11, 0x6e, 0xdd,
    0xf5, 0x1a, 0x26, 0x1, 0x16, 0xec, 0xcb, 0x75,
    0x2e, 0xa0, 0x11, 0x66, 0x4e, 0xec, 0xce, 0x40,
    0xb, 0xb9, 0x23, 0xfd, 0xdc, 0xc0, 0x33, 0x35,
    0x14, 0xcf, 0xc2, 0x2b, 0xb1, 0x8d, 0x6e, 0xf7,
    0x58, 0x80, 0x15, 0xc8, 0x3, 0xba, 0x40, 0x28,
    0xb7, 0x2d, 0xde, 0x40, 0x8, 0xd3, 0x35, 0x2e,
    0xfa, 0x0, 0x23, 0xc2, 0x4, 0xbb, 0xe8, 0x0,
    0xf9, 0x2e, 0xfa, 0x0, 0x3e, 0x5d, 0xde, 0x90,
    0x8,

    /* U+771F "真" */
    0x0, 0xf2, 0xb0, 0x7, 0xcd, 0x33, 0xd5, 0x33,
    0xa0, 0x0, 0xb9, 0x98, 0x53, 0x33, 0x80, 0x6,
    0xf3, 0x31, 0xa4, 0xcc, 0xc8, 0x1, 0x8, 0xbb,
    0x99, 0xdd, 0x8, 0x7, 0x8e, 0xab, 0xc6, 0x1,
    0xe1, 0x22, 0xf0, 0x80, 0x78, 0xa2, 0x3c, 0x40,
    0x1e, 0x3a, 0xaf, 0x18, 0x4, 0x2f, 0x41, 0xff,
    0xe0, 0xa7, 0x10, 0x7, 0x4f, 0x80, 0x5f, 0xd3,
    0xc0, 0x1, 0x75, 0xe6, 0x27, 0x76, 0x2d, 0x8b,
    0x88, 0x5f, 0xfb, 0x94, 0x0, 0x99, 0xdf, 0xa0,
    0xb, 0xd6, 0x0, 0xf1, 0x4e, 0x80,

    /* U+7720 "眠" */
    0xff, 0xc3, 0xff, 0xee, 0x0, 0x7f, 0x80, 0x2f,
    0xfd, 0xc0, 0x1f, 0x8c, 0xf2, 0x80, 0x5d, 0xc0,
    0xb, 0xfd, 0x9d, 0xa, 0x0, 0xee, 0x0, 0x59,
    0x82, 0xec, 0xb0, 0xf, 0xe1, 0x70, 0xd, 0xdc,
    0x0, 0xbf, 0xc7, 0x7f, 0xe5, 0xe, 0xe0, 0x5,
    0xfe, 0x77, 0x7f, 0x94, 0x3, 0xf6, 0x98, 0x6,
    0xff, 0x0, 0x72, 0x20, 0x44, 0x81, 0xff, 0x0,
    0x16, 0x5d, 0x6d, 0x4f, 0x40, 0x29, 0x1c, 0xc3,
    0xdb, 0x52, 0x90, 0x5, 0x1d, 0x2a, 0x22, 0xce,
    0x20,

    /* U+773C "眼" */
    0xff, 0xb8, 0x3f, 0xbb, 0x7c, 0x0, 0xff, 0x80,
    0x2e, 0xec, 0xe0, 0x1f, 0xa6, 0x72, 0x0, 0x7,
    0xfc, 0x1, 0x66, 0x66, 0x0, 0xf, 0xf8, 0x2,
    0x55, 0xc4, 0x1, 0xfb, 0x77, 0x30, 0x0, 0x7b,
    0x80, 0x16, 0x5b, 0xe7, 0xe0, 0xf, 0x70, 0x2,
    0x17, 0x40, 0x89, 0x10, 0xf, 0x85, 0x38, 0x74,
    0x45, 0xfe, 0x30, 0xd, 0x3, 0x60, 0x1, 0xff,
    0x68, 0x1, 0x65, 0xef, 0x50, 0x30, 0x2, 0x50,
    0xef, 0x45, 0xba, 0x22, 0x0, 0x4b, 0xf6, 0xc2,
    0xb, 0xc4,

    /* U+7740 "着" */
    0x0, 0x8d, 0xc0, 0x32, 0xa0, 0x7, 0x8a, 0x4c,
    0x0, 0x56, 0xc0, 0x19, 0xb7, 0xf, 0x7f, 0xbc,
    0xff, 0x58, 0x0, 0xd9, 0x95, 0x97, 0xe6, 0x66,
    0x0, 0xa6, 0xaa, 0x1a, 0xad, 0x0, 0x13, 0x76,
    0x98, 0x56, 0xee, 0xf6, 0x0, 0xc2, 0xee, 0x0,
    0xfe, 0x66, 0x68, 0x25, 0x56, 0xbc, 0x60, 0xa,
    0x50, 0xbf, 0xfa, 0x98, 0x0, 0x36, 0xb4, 0x68,
    0x9d, 0xa0, 0x11, 0x96, 0x38, 0xee, 0xf3, 0x0,
    0x45, 0x20, 0x3, 0xaa, 0xe9, 0x0, 0xf8, 0xf7,
    0x7a, 0xc0, 0x3c, 0x7f, 0xbb, 0xdd, 0x80, 0x0,

    /* U+7761 "睡" */
    0x0, 0xf0, 0x92, 0x34, 0x90, 0x7f, 0xce, 0x5b,
    0x9d, 0x7f, 0xc0, 0x1, 0xf9, 0x2, 0xdd, 0x86,
    0x5c, 0x80, 0x3a, 0x22, 0x91, 0x88, 0x80, 0x7a,
    0x40, 0xe, 0x2, 0x0, 0x70, 0x0, 0xf4, 0x84,
    0xc, 0x40, 0x60, 0x60, 0x3, 0x75, 0x8d, 0xe8,
    0xd8, 0xda, 0xf, 0x48, 0xf0, 0x75, 0x7, 0x7,
    0x30, 0xf4, 0xfa, 0x8a, 0xb8, 0xa8, 0xa9, 0x0,
    0x5f, 0xa3, 0xbe, 0x3a, 0x3a, 0x3, 0xf3, 0xdb,
    0xfb, 0xe3, 0xbf, 0xa0, 0x3f, 0xe6, 0x0, 0xfe,
    0xc0, 0x8, 0xbf, 0xdc, 0x3f, 0xed, 0x0,

    /* U+77AC "瞬" */
    0x0, 0xf0, 0x91, 0xab, 0xa8, 0x7f, 0xcb, 0x9b,
    0x5d, 0x44, 0x2c, 0x5, 0xee, 0x1e, 0xd6, 0xda,
    0xf8, 0xc0, 0x1c, 0x6e, 0x3c, 0x66, 0x15, 0x2,
    0xe7, 0x3f, 0x1c, 0x9a, 0xe6, 0xf4, 0x2e, 0x70,
    0x2a, 0xdd, 0xd4, 0x80, 0x18, 0xfa, 0x59, 0x56,
    0x9d, 0x42, 0xe7, 0xb, 0x7c, 0xef, 0xd0, 0xe0,
    0x2e, 0x72, 0x58, 0x3d, 0x68, 0x38, 0x0, 0xd9,
    0x7a, 0xe8, 0x8, 0x68, 0x5, 0xef, 0xcc, 0xf2,
    0x6d, 0xa3, 0xa2, 0x5f, 0xe5, 0x91, 0x71, 0xa9,
    0x29, 0x1f, 0x0, 0x28, 0xd0, 0x7, 0xc0,

    /* U+77E5 "知" */
    0x0, 0x4a, 0x0, 0x7f, 0xf0, 0x1d, 0x80, 0x21,
    0xaa, 0xe0, 0x1, 0x8e, 0xff, 0xc6, 0xbf, 0xf2,
    0x88, 0x4c, 0x59, 0xff, 0x80, 0x55, 0x60, 0x0,
    0xa3, 0x0, 0x7f, 0xc3, 0x80, 0x10, 0x88, 0x3,
    0xe2, 0xde, 0xb3, 0xee, 0x50, 0x7, 0x8b, 0xfd,
    0x2b, 0xfe, 0xa0, 0xf, 0xef, 0x42, 0x0, 0xff,
    0x9e, 0x7c, 0x40, 0x3f, 0x9c, 0x9e, 0xb4, 0x0,
    0x45, 0x0, 0x47, 0x1e, 0xe, 0xcc, 0x1f, 0xf8,
    0x0, 0x3b, 0x26, 0x0, 0xa6, 0x1d, 0xd8, 0xc0,
    0x71, 0x80, 0x31, 0x70, 0x5, 0x82,

    /* U+77E9 "矩" */
    0x3, 0x70, 0xf, 0xfe, 0x2, 0x70, 0x4, 0xff,
    0xfd, 0xc0, 0xd, 0x6e, 0xe5, 0x2, 0xff, 0xee,
    0x0, 0x27, 0x7, 0xd0, 0x7, 0xe5, 0x41, 0x0,
    0xcb, 0xff, 0x84, 0x16, 0x4, 0x46, 0x20, 0xbf,
    0xf0, 0x80, 0x17, 0x78, 0x37, 0xbc, 0x3, 0xe5,
    0xfe, 0x1f, 0xf8, 0x3, 0xf9, 0x44, 0x80, 0xb,
    0xff, 0x8, 0x6, 0xd4, 0xf1, 0x5, 0xff, 0xc2,
    0x0, 0x17, 0x9a, 0xa0, 0x7, 0xf5, 0xb9, 0x3e,
    0x0, 0xa2, 0x70, 0x33, 0x24, 0x0, 0xe4, 0xf1,
    0x1c, 0x2d, 0x80, 0x19, 0x73, 0x3c, 0x20,

    /* U+77ED "短" */
    0x2, 0x60, 0xf, 0xfe, 0x3, 0xe0, 0x5, 0x7f,
    0xfe, 0x70, 0xc4, 0xec, 0x9b, 0xff, 0xf3, 0x83,
    0xf8, 0xe4, 0xa7, 0x77, 0x68, 0x1a, 0x88, 0x6,
    0x5e, 0xeb, 0x8, 0xa, 0x8, 0x8, 0x80, 0x1c,
    0x60, 0x4, 0xcd, 0xd, 0xc0, 0xf, 0xcb, 0xfa,
    0x5f, 0xc0, 0x9f, 0xf7, 0x8, 0x4, 0xe4, 0x60,
    0x97, 0xff, 0x56, 0x80, 0x58, 0xdc, 0x0, 0xd6,
    0x0, 0x58, 0x4, 0x2f, 0x15, 0x21, 0x54, 0x4,
    0x23, 0x0, 0x53, 0xb, 0xe8, 0x93, 0xf, 0x58,
    0x81, 0x84, 0x0, 0x1b, 0xfc, 0x9e, 0x93, 0xf2,
    0x76, 0x1, 0x17, 0x77, 0xd2,

    /* U+77F3 "石" */
    0x1e, 0xef, 0xfe, 0x0, 0x8b, 0xfe, 0xa1, 0xcf,
    0xff, 0x8, 0x8, 0xda, 0xc4, 0x23, 0xe0, 0xc,
    0x2d, 0x60, 0x1f, 0xf4, 0x29, 0x0, 0x7f, 0x91,
    0x97, 0xff, 0xe4, 0x0, 0xd, 0xc, 0x7f, 0xf8,
    0x80, 0x5, 0x8c, 0xe0, 0x1f, 0xe6, 0xa8, 0x0,
    0xff, 0x91, 0xc0, 0x3f, 0xf8, 0x91, 0xff, 0xe2,
    0x0, 0xf3, 0xf7, 0x78, 0x40, 0x3a, 0x60, 0x47,
    0xdc, 0x80,

    /* U+7801 "码" */
    0x1, 0x1c, 0x1, 0xfc, 0x3f, 0xdc, 0xfa, 0x9f,
    0xfe, 0x20, 0x1e, 0x69, 0xea, 0x9d, 0xff, 0x80,
    0x80, 0x24, 0x40, 0x5, 0xa0, 0x1f, 0x8, 0x10,
    0x0, 0x44, 0x0, 0x22, 0x0, 0x52, 0x5d, 0xc4,
    0x22, 0x0, 0x19, 0x80, 0x13, 0x33, 0x94, 0x14,
    0xf7, 0x54, 0x9a, 0x26, 0x1, 0xcd, 0xd9, 0x8f,
    0xe1, 0x3, 0x80, 0xc, 0x20, 0x18, 0x46, 0x0,
    0xe1, 0xcc, 0xe4, 0x0, 0xcf, 0x88, 0x3b, 0xbc,
    0xcc, 0x0, 0x93, 0xb5, 0x0, 0x39, 0xc, 0x0,
    0xf0, 0x44, 0x0, 0xd1, 0xd1, 0x40, 0x1, 0x20,
    0xf, 0x47, 0x70, 0x80,

    /* U+7834 "破" */
    0x0, 0xfe, 0xd1, 0x0, 0x87, 0xff, 0x48, 0x7,
    0xe1, 0xf6, 0x8f, 0x97, 0xdd, 0x16, 0x6e, 0x90,
    0x0, 0xa8, 0x0, 0xea, 0xf1, 0xef, 0x5, 0x1,
    0x23, 0x0, 0x84, 0x8c, 0x8c, 0x44, 0x12, 0x3d,
    0xc3, 0xd, 0x83, 0x99, 0x58, 0x1, 0x97, 0x95,
    0xc1, 0xa, 0x38, 0x70, 0x10, 0xc, 0x3, 0x30,
    0xb3, 0xf, 0x41, 0x20, 0x3, 0x15, 0x3a, 0x13,
    0xb0, 0x0, 0xc0, 0x32, 0x97, 0x57, 0xc8, 0x6,
    0x7c, 0x42, 0x31, 0x33, 0x98, 0x3, 0x27, 0x6f,
    0xaa, 0xbe, 0xaf, 0x1c, 0x41, 0x20, 0x88, 0x75,
    0xfa, 0xeb, 0x9a, 0xa0,

    /* U+7840 "础" */
    0x0, 0xfe, 0xe2, 0x0, 0x87, 0xff, 0x52, 0x10,
    0x6, 0x60, 0x1f, 0x69, 0xfa, 0xd7, 0x0, 0x86,
    0x0, 0x25, 0x40, 0xf, 0xf8, 0x48, 0x80, 0x11,
    0x80, 0x7c, 0xc3, 0xdc, 0x51, 0x8e, 0x1c, 0xf3,
    0x0, 0x53, 0x73, 0x84, 0x77, 0x7, 0x3b, 0x41,
    0x8, 0x3, 0x69, 0x0, 0x6a, 0x44, 0x38, 0x6,
    0x30, 0xe, 0x10, 0x7, 0x0, 0x7f, 0xf0, 0x92,
    0x50, 0x3, 0xfe, 0x6c, 0x87, 0xf, 0xc1, 0xfc,
    0x40, 0x2, 0x7a, 0xa8, 0xb7, 0xbf, 0x3b, 0xcc,
    0x0,

    /* U+786C "硬" */
    0x1f, 0xfd, 0x7b, 0xb7, 0xee, 0xcc, 0x3e, 0xf1,
    0xf7, 0xbb, 0xe, 0x6e, 0x98, 0x0, 0x68, 0x0,
    0xbd, 0xd0, 0xe6, 0xe8, 0x40, 0xa, 0x60, 0x6,
    0xcd, 0x1c, 0xd3, 0x0, 0x30, 0xee, 0x9c, 0x33,
    0x3, 0x98, 0x10, 0x5, 0x26, 0x57, 0x86, 0x60,
    0x73, 0x2, 0x6, 0x61, 0x18, 0x0, 0xa6, 0x24,
    0x60, 0x3, 0x60, 0xc, 0xbd, 0x1, 0x32, 0x41,
    0xc, 0x0, 0xc3, 0xbc, 0x95, 0x50, 0x4, 0x99,
    0x1, 0x37, 0x6f, 0x0, 0xf2, 0xf6, 0x4b, 0x12,
    0xd4, 0xa9, 0x0, 0x12, 0x48, 0x8f, 0x98, 0xbf,
    0xfc, 0x80,

    /* U+786E "确" */
    0x0, 0xf9, 0x18, 0x3, 0x87, 0xff, 0x48, 0x44,
    0x37, 0x50, 0x0, 0x1f, 0x69, 0xf9, 0x40, 0xfc,
    0x1e, 0x0, 0xc8, 0x80, 0x1a, 0xa1, 0x30, 0xa9,
    0x80, 0x4, 0xc8, 0x34, 0x6e, 0x20, 0xd1, 0x84,
    0xc, 0x19, 0x8f, 0x58, 0xb1, 0xbb, 0x8, 0x2,
    0x57, 0x80, 0x42, 0xf4, 0x77, 0x42, 0x6, 0x2,
    0x40, 0x15, 0xe8, 0xee, 0x84, 0xe, 0x0, 0x30,
    0xe3, 0xb, 0x30, 0x40, 0x6, 0x1, 0x98, 0x38,
    0x3b, 0x80, 0x19, 0x30, 0xc4, 0xa6, 0x6, 0x20,
    0x20, 0x12, 0xf6, 0xda, 0x80, 0x7e, 0x49, 0x22,
    0x2c, 0x0, 0x1d, 0x38, 0xc8, 0x4, 0x80, 0x1a,
    0x40, 0x9, 0x4e, 0xd0,

    /* U+788E "碎" */
    0x0, 0xfc, 0x52, 0x1, 0x87, 0xff, 0x48, 0x0,
    0x9c, 0x80, 0x21, 0xf7, 0x8f, 0x8f, 0xf8, 0x77,
    0xfc, 0x60, 0x4, 0x40, 0xf, 0xc6, 0xfe, 0xbf,
    0x98, 0x9, 0x18, 0x5, 0x26, 0xa, 0x20, 0x13,
    0xf, 0x70, 0xd0, 0x34, 0x69, 0xd0, 0x1, 0x4d,
    0xca, 0xf1, 0xb5, 0xf, 0xb4, 0x8, 0x40, 0x10,
    0xd9, 0xb1, 0xc1, 0xf8, 0x24, 0x0, 0x73, 0xb9,
    0x69, 0xd9, 0x0, 0x40, 0x3f, 0xe7, 0x0, 0x3e,
    0x20, 0xbb, 0xc3, 0x2e, 0xe3, 0x0, 0x27, 0x6a,
    0x0, 0x7f, 0x3c, 0x11, 0x0, 0x3f, 0x80,

    /* U+793A "示" */
    0x0, 0x6f, 0xff, 0xee, 0x0, 0xd9, 0xdd, 0xfb,
    0xc0, 0x30, 0x8f, 0xf8, 0x2, 0x55, 0xff, 0xe0,
    0x0, 0xf7, 0x75, 0xdb, 0xbb, 0x88, 0x6e, 0xf9,
    0x9e, 0xef, 0x88, 0x2, 0xc2, 0x0, 0xc5, 0x60,
    0x1c, 0xc2, 0x40, 0x18, 0x82, 0x0, 0x21, 0x89,
    0x0, 0xf4, 0xb9, 0x0, 0x35, 0xd0, 0x3, 0xc4,
    0xf2, 0x4, 0x92, 0x2, 0x2, 0x1, 0xa4, 0xc0,
    0xa0, 0x1, 0xbe, 0xf8, 0x1, 0xc, 0x0, 0x76,
    0x7f, 0x28, 0x7, 0x80,

    /* U+7981 "禁" */
    0x0, 0x9d, 0xc0, 0x19, 0xa4, 0x3, 0x9, 0x7f,
    0x88, 0x8, 0x9c, 0x64, 0x20, 0xa, 0xe7, 0x6e,
    0x4e, 0xe3, 0xaf, 0x50, 0x2, 0xe8, 0x1, 0x49,
    0x94, 0x0, 0xab, 0x0, 0x25, 0xbb, 0x62, 0x35,
    0x42, 0xd2, 0x81, 0xcf, 0xfd, 0x43, 0xba, 0x13,
    0xd9, 0x23, 0xd0, 0xbb, 0x57, 0x8d, 0xd2, 0x46,
    0x10, 0x0, 0xff, 0xd3, 0x3b, 0xfa, 0x80, 0x24,
    0x57, 0x7f, 0xe4, 0x1, 0xee, 0xe9, 0xae, 0xee,
    0x11, 0x55, 0x6, 0x6a, 0x8f, 0x52, 0x17, 0x42,
    0x7, 0xa6, 0x60, 0xc, 0x7f, 0x86, 0x0, 0xa9,
    0x85, 0xe9, 0xf0, 0x2, 0xfd, 0x80, 0x25, 0x1,
    0x7b, 0x8c, 0x1, 0x14, 0x0,

    /* U+79BB "离" */
    0x0, 0xff, 0xe4, 0x5a, 0x0, 0x78, 0x6e, 0xf9,
    0xa6, 0xef, 0x84, 0x51, 0xfe, 0xee, 0xef, 0xfa,
    0x4, 0xf, 0x49, 0xfe, 0x97, 0x94, 0xb8, 0xc0,
    0x38, 0xbd, 0x68, 0x80, 0x3f, 0xa0, 0xb3, 0x1a,
    0xe0, 0x1e, 0x1b, 0x5a, 0xef, 0x9b, 0xb1, 0x80,
    0x68, 0xdd, 0x8e, 0xb7, 0x69, 0x0, 0xa3, 0xfb,
    0x9e, 0x57, 0xdd, 0x7c, 0x0, 0x4f, 0xd8, 0x3d,
    0xc4, 0xce, 0x70, 0xe, 0x1f, 0x59, 0x93, 0x78,
    0x7, 0xc2, 0xbb, 0x95, 0xb0, 0x40, 0x1f, 0x43,
    0x21, 0x88, 0xb9, 0x74, 0x1, 0x10, 0x0, 0xf2,
    0x66, 0xa8, 0x0,

    /* U+79CD "种" */
    0x0, 0x89, 0xd0, 0x2, 0xe2, 0x0, 0x8a, 0xfb,
    0x7d, 0xc0, 0x3f, 0x14, 0xe0, 0xc1, 0x80, 0x7f,
    0x11, 0x80, 0x5f, 0xf0, 0xef, 0xf8, 0x97, 0xf8,
    0x7e, 0x83, 0xb8, 0x19, 0xc2, 0xb, 0xf0, 0x1b,
    0x40, 0x23, 0xc0, 0x1a, 0xc2, 0x40, 0x3f, 0xc8,
    0xe2, 0x4c, 0x6, 0x61, 0x73, 0x0, 0xa7, 0xc2,
    0x0, 0x1f, 0xe0, 0x8f, 0x10, 0x77, 0x28, 0xb,
    0x2e, 0x60, 0x7f, 0x20, 0xd2, 0xc0, 0x35, 0x0,
    0x73, 0x89, 0x88, 0x7, 0xff, 0x38,

    /* U+79D2 "秒" */
    0x0, 0x89, 0xd4, 0x0, 0x3c, 0x1, 0x86, 0xfb,
    0x79, 0x80, 0x3f, 0xc, 0x78, 0x49, 0x82, 0x80,
    0x50, 0x1, 0x18, 0x6, 0x49, 0x0, 0x89, 0x81,
    0x7f, 0x83, 0xf8, 0xd0, 0x2, 0x9b, 0x5, 0xf9,
    0xc, 0xec, 0xc0, 0x4, 0x60, 0x60, 0xa, 0xf,
    0x26, 0x40, 0xd, 0xc4, 0x8, 0xc1, 0x31, 0xa0,
    0x19, 0xe8, 0x42, 0x64, 0xb, 0x60, 0x13, 0x8c,
    0xd0, 0x32, 0x10, 0x0, 0x40, 0x3, 0x1a, 0xc6,
    0xd, 0x20, 0x1e, 0x3c, 0x58, 0x0, 0xf8, 0x56,
    0xf6, 0xe4, 0x3, 0xf5, 0xf6, 0xf3, 0x0, 0x60,

    /* U+79D8 "秘" */
    0x0, 0x96, 0x88, 0xa, 0xc8, 0x3, 0xa7, 0xeb,
    0x8, 0xb, 0x30, 0x88, 0xc0, 0x4, 0x70, 0xb0,
    0x4, 0xf5, 0xba, 0x40, 0x0, 0x80, 0x7a, 0x92,
    0x5e, 0x80, 0x1d, 0xc1, 0xe7, 0x41, 0x40, 0x42,
    0x20, 0x3, 0xa4, 0x31, 0xe4, 0x2, 0xf7, 0xa0,
    0xb, 0x42, 0x0, 0x31, 0xad, 0x20, 0x81, 0x30,
    0x8a, 0x5c, 0x1, 0x10, 0x14, 0x70, 0x8a, 0x9,
    0x3f, 0x1, 0x66, 0x6, 0x60, 0x91, 0x80, 0xad,
    0x48, 0x38, 0x0, 0xf2, 0x5a, 0x1, 0x8, 0xb8,
    0x4c, 0xe, 0x4c, 0xc, 0x2, 0x2f, 0x41, 0x0,
    0x30, 0x80, 0x79, 0x26, 0x47, 0xfe, 0xaa, 0x0,

    /* U+79EF "积" */
    0x0, 0x8e, 0x24, 0x3, 0xf2, 0x66, 0xe0, 0x50,
    0xff, 0xf7, 0x2, 0x66, 0x8c, 0x98, 0xf, 0xfd,
    0xa0, 0x1f, 0xfc, 0x46, 0xff, 0xf, 0x7a, 0x0,
    0x7c, 0xdf, 0x61, 0x5e, 0x80, 0x1f, 0xde, 0x10,
    0x40, 0x39, 0x97, 0x80, 0x46, 0x3, 0x3e, 0x19,
    0xff, 0x76, 0x80, 0x3e, 0x1, 0x60, 0x48, 0xc,
    0xce, 0x60, 0xcc, 0x30, 0x2, 0x83, 0x40, 0x2,
    0x8c, 0x1e, 0xc0, 0x3a, 0x78, 0x1, 0x10, 0x1,
    0x10, 0x6, 0x82, 0x50, 0x3, 0x29, 0x0, 0x70,
    0xa7, 0x0, 0x69, 0x60,

    /* U+79F0 "称" */
    0x0, 0x92, 0x54, 0x25, 0x0, 0x3d, 0x9f, 0x7c,
    0x80, 0xea, 0x1, 0xed, 0xe1, 0x71, 0x31, 0xef,
    0xfc, 0x60, 0x20, 0x1a, 0xa3, 0xc7, 0x70, 0x8c,
    0xdd, 0xc1, 0xec, 0x76, 0x0, 0x9a, 0x40, 0xfa,
    0x43, 0xfa, 0xd0, 0x2, 0x24, 0x0, 0xa8, 0x28,
    0x92, 0xc0, 0x2b, 0x40, 0x1, 0xb8, 0x9c, 0x22,
    0x0, 0x2b, 0xd0, 0x7, 0xc0, 0x45, 0x7f, 0x80,
    0x25, 0x70, 0x55, 0x10, 0x0, 0xd1, 0x40, 0x22,
    0x2, 0x48, 0x0, 0x8a, 0x0, 0x3a, 0xc, 0x44,
    0x1, 0x1b, 0x0, 0x73, 0x8, 0x7, 0xcb, 0xe6,
    0x40, 0x1c, 0x3c, 0x1, 0x2f, 0xe8, 0x6,

    /* U+79FB "移" */
    0x0, 0x92, 0x8c, 0x0, 0x96, 0x1, 0xd5, 0xf6,
    0x44, 0x2, 0xad, 0x33, 0x8, 0x3, 0xec, 0x60,
    0x53, 0xd7, 0x63, 0x24, 0x0, 0xaa, 0x0, 0x17,
    0xde, 0x5e, 0x14, 0x1, 0xf7, 0x7, 0xae, 0xcd,
    0xdc, 0xac, 0x0, 0x1f, 0x40, 0x7c, 0x25, 0x31,
    0x20, 0x80, 0x6b, 0x8, 0x29, 0x2c, 0x2f, 0x23,
    0x0, 0x13, 0x89, 0xb6, 0xcf, 0x16, 0xce, 0x28,
    0x47, 0x5, 0xba, 0xfc, 0x65, 0xf9, 0x29, 0xb2,
    0x0, 0x9e, 0x63, 0xe5, 0x2b, 0x80, 0xfc, 0x2,
    0x19, 0x2a, 0x5a, 0xa1, 0x80, 0xc, 0x3, 0xb,
    0x6b, 0x7a, 0x0, 0x7c, 0xf9, 0xdf, 0x42, 0x1,
    0xc3, 0xc0, 0xfb, 0x4, 0x1, 0xc0,

    /* U+7A0B "程" */
    0x0, 0xc8, 0x40, 0x1f, 0x86, 0x2f, 0xfc, 0xd9,
    0xdd, 0xe0, 0x6, 0xc0, 0x5a, 0x6, 0xf7, 0x5e,
    0x0, 0x15, 0x30, 0xf, 0xf9, 0x3f, 0xc1, 0xf6,
    0x1b, 0xdd, 0x78, 0x1, 0x3e, 0x43, 0xef, 0x3b,
    0xbc, 0x1, 0x50, 0x28, 0x33, 0x7c, 0x20, 0x8c,
    0x1c, 0xdd, 0xd4, 0xff, 0x70, 0x1, 0x12, 0x14,
    0x31, 0x10, 0x4c, 0x40, 0x59, 0x86, 0x2, 0xf5,
    0xdc, 0xe, 0xe6, 0x3, 0xd8, 0x6, 0xae, 0xe0,
    0x77, 0x30, 0x4, 0x40, 0x1f, 0xfc, 0x5a, 0xff,
    0x83, 0xfe, 0x70,

    /* U+7A33 "稳" */
    0x0, 0x8a, 0x4, 0x21, 0x40, 0x3d, 0x3d, 0xa0,
    0x3, 0x7b, 0xdd, 0x38, 0x5, 0x1e, 0x30, 0x7d,
    0x9d, 0x80, 0xc0, 0x10, 0x80, 0x54, 0x11, 0x78,
    0x74, 0x80, 0xe, 0xe0, 0xf7, 0xe5, 0x53, 0x3c,
    0x84, 0x1, 0xd2, 0x18, 0xf3, 0xbb, 0x9c, 0x3,
    0x68, 0x48, 0x46, 0xee, 0x70, 0x8, 0x98, 0x44,
    0xd7, 0x55, 0x9c, 0x2, 0xba, 0x8, 0x69, 0x97,
    0x72, 0x71, 0x40, 0x91, 0x80, 0x88, 0xa, 0xf0,
    0x4c, 0x60, 0x52, 0x1, 0x43, 0xc1, 0x5a, 0x3f,
    0x80, 0x10, 0x0, 0x4e, 0xa0, 0x6, 0x79, 0x3,
    0x0, 0xc7, 0x20, 0x7b, 0xb6, 0x71, 0x0,

    /* U+7A7A "空" */
    0x0, 0xc3, 0x40, 0x1f, 0xe1, 0x77, 0x0, 0x77,
    0xff, 0x14, 0x7f, 0xf0, 0x77, 0xff, 0xee, 0x0,
    0x86, 0xa4, 0x7, 0x68, 0x80, 0xf1, 0xff, 0x64,
    0x7, 0x73, 0x17, 0xb7, 0x98, 0x70, 0xc, 0xdd,
    0xad, 0x1, 0xbf, 0xff, 0x13, 0x85, 0x7f, 0xc7,
    0x5f, 0xf2, 0x80, 0x7f, 0xf3, 0x5d, 0xf8, 0xbd,
    0xdf, 0x84, 0x3, 0x4e, 0x80, 0x70,

    /* U+7A7F "穿" */
    0x0, 0xf3, 0x10, 0x7, 0x84, 0x8b, 0x7f, 0x11,
    0x61, 0xf, 0xee, 0xca, 0x1d, 0xd7, 0xf0, 0x3,
    0x73, 0xd3, 0x31, 0x75, 0x9e, 0x0, 0xc4, 0xb9,
    0xa0, 0x3, 0xe, 0xde, 0x1, 0xd9, 0x6a, 0xbb,
    0x98, 0x29, 0x14, 0x5, 0x8c, 0x3, 0x7c, 0x5,
    0x18, 0x3, 0x85, 0xdf, 0x48, 0xbb, 0x94, 0x1,
    0xa9, 0xbb, 0xbc, 0x77, 0x58, 0x0, 0xbf, 0xdc,
    0xa0, 0x91, 0xdd, 0x60, 0x4, 0x51, 0x9d, 0x8c,
    0x1, 0x86, 0x77, 0xc3, 0x24, 0x40, 0x38, 0x77,
    0xf6, 0x4, 0x3b, 0x88, 0x1, 0x90, 0x80, 0x37,
    0x7d, 0x0, 0x40,

    /* U+7A81 "突" */
    0x0, 0xf3, 0x90, 0x7, 0xc2, 0x3d, 0xd2, 0x23,
    0xc0, 0xf, 0xf6, 0x64, 0x8d, 0x99, 0x7f, 0x80,
    0x2c, 0xdf, 0xad, 0xd5, 0xfe, 0xe8, 0x2, 0x73,
    0x5c, 0x30, 0x1, 0xfc, 0xc, 0x80, 0x2f, 0x67,
    0x10, 0x8d, 0x30, 0x7d, 0xc0, 0x5, 0x18, 0x41,
    0x68, 0x8d, 0x8f, 0x0, 0x90, 0x11, 0x37, 0x8a,
    0xc3, 0x20, 0x97, 0xfe, 0x82, 0x7f, 0x22, 0x7f,
    0x8c, 0xae, 0xf2, 0x20, 0xfe, 0xef, 0x10, 0x6,
    0x47, 0x9e, 0xa3, 0x0, 0xf1, 0x4d, 0x59, 0x12,
    0xb6, 0x48, 0x2, 0xbd, 0xf, 0x40, 0x2, 0x78,
    0xe6, 0x90, 0x4f, 0xc8, 0x80, 0x61, 0x8e, 0xe1,
    0x0,

    /* U+7A97 "窗" */
    0x0, 0xff, 0xe3, 0x62, 0x80, 0x7a, 0xf3, 0x31,
    0x5e, 0x67, 0xa, 0xf6, 0x7d, 0xf7, 0x2e, 0xb3,
    0x6, 0x68, 0x19, 0xe4, 0x20, 0x5f, 0xd6, 0x92,
    0x1e, 0xfd, 0x5e, 0x2, 0x9c, 0xc5, 0x3, 0xa5,
    0x64, 0x8e, 0x65, 0xad, 0xc0, 0x2, 0x9c, 0x9f,
    0xcc, 0xc6, 0x60, 0xc, 0x53, 0x2b, 0xb4, 0x0,
    0x7d, 0xd1, 0xb, 0x1f, 0x0, 0xfb, 0x16, 0x34,
    0x5c, 0x3, 0xe2, 0x56, 0xa7, 0x90, 0xf, 0x1d,
    0x8e, 0x3e, 0x68, 0x7, 0xad, 0x6b, 0x73, 0x11,
    0x80, 0x1a, 0xf7, 0x33, 0xef, 0x10,

    /* U+7ACB "立" */
    0x0, 0xf3, 0xa0, 0x7, 0xff, 0x7, 0x80, 0x3f,
    0x8, 0xe3, 0x30, 0x8f, 0x0, 0x1f, 0xbb, 0x5b,
    0x77, 0x6c, 0x0, 0x3f, 0xf6, 0xff, 0xee, 0xcf,
    0xd0, 0xc, 0xfc, 0x1, 0x93, 0x80, 0x3c, 0xe6,
    0x1, 0xbd, 0x40, 0x3c, 0x24, 0x80, 0x12, 0x58,
    0x7, 0xc9, 0x80, 0x3, 0x3, 0x0, 0xfb, 0xd0,
    0x1, 0x6c, 0x1, 0xf9, 0x2c, 0x0, 0xd6, 0x1,
    0xd9, 0x97, 0x5e, 0x60, 0x7f, 0x32, 0x50, 0x88,
    0xfa, 0xe2, 0x33, 0x80,

    /* U+7AD6 "竖" */
    0x0, 0xd8, 0x60, 0x1f, 0xcf, 0x0, 0x16, 0x7f,
    0x75, 0xe8, 0x1, 0xf7, 0x17, 0x73, 0x49, 0x0,
    0x3e, 0x25, 0x80, 0xee, 0x0, 0x7f, 0x41, 0xf4,
    0x18, 0x7, 0xf3, 0x3b, 0xb8, 0xc0, 0x22, 0xe0,
    0x60, 0xb0, 0xc9, 0x95, 0x58, 0x82, 0xb0, 0x51,
    0x97, 0x0, 0xa, 0x6c, 0x41, 0xf7, 0x73, 0xbb,
    0x77, 0x48, 0x1, 0xf2, 0x13, 0x3f, 0xb1, 0x6b,
    0x20, 0x2, 0x14, 0x61, 0x1c, 0x86, 0x22, 0x0,
    0xc2, 0xa4, 0x0, 0x22, 0x20, 0x4, 0x7f, 0xf2,
    0xef, 0xfb, 0x47, 0xfe, 0x30,

    /* U+7ADE "竞" */
    0x0, 0xff, 0xe4, 0x4b, 0x0, 0x7c, 0xdb, 0xb9,
    0xe7, 0x77, 0x38, 0x1, 0xb2, 0x57, 0x3f, 0xb1,
    0x63, 0x1c, 0x2, 0x15, 0x71, 0x1c, 0xce, 0x20,
    0x3, 0xee, 0x78, 0xf7, 0x60, 0xce, 0xe1, 0x9b,
    0xbb, 0xff, 0x80, 0x60, 0x5, 0xfd, 0xdf, 0x7b,
    0x0, 0x72, 0xee, 0xf9, 0x40, 0x3c, 0xef, 0xf8,
    0x3, 0x9e, 0xc2, 0x4, 0x20, 0x6d, 0x0, 0x31,
    0x30, 0x23, 0x30, 0x19, 0x84, 0xa2, 0x0, 0x18,
    0x99, 0x0, 0x7a, 0x48, 0x9b, 0xe1, 0xe4, 0x2,
    0x7f, 0xf0, 0x99, 0x67, 0x40, 0x80, 0x59, 0xff,
    0x68, 0x0,

    /* U+7AEF "端" */
    0x0, 0x2a, 0x80, 0x3b, 0xc0, 0x3c, 0xd0, 0x0,
    0xe1, 0x0, 0xde, 0x20, 0x42, 0xc4, 0x20, 0x1f,
    0x87, 0xfc, 0xdf, 0x21, 0x74, 0x15, 0x40, 0x0,
    0xce, 0x6d, 0x4e, 0xf7, 0x2f, 0xb9, 0x62, 0x6,
    0x81, 0x53, 0xb5, 0x5e, 0x80, 0x2d, 0x0, 0x47,
    0x73, 0x43, 0xba, 0x80, 0x62, 0x16, 0x6, 0x65,
    0x1b, 0x31, 0xc4, 0x9, 0x94, 0xc6, 0x79, 0x96,
    0x3a, 0x88, 0x5, 0xf, 0xd4, 0x60, 0xa0, 0xe1,
    0x80, 0xe, 0x51, 0x58, 0x1, 0xfd, 0xfe, 0xed,
    0x90, 0xf, 0xe8, 0x51, 0x0, 0xf0, 0xb2, 0x88,
    0x7, 0xf, 0x6, 0x86, 0x37, 0x10,

    /* U+7B26 "符" */
    0x0, 0x29, 0x0, 0x42, 0xc0, 0x1e, 0x1a, 0x73,
    0x30, 0xce, 0x99, 0xe0, 0x4, 0x14, 0x74, 0x3b,
    0x6, 0x7c, 0x48, 0x23, 0xe7, 0x5, 0xd4, 0x5c,
    0xbd, 0xd0, 0x2e, 0xa, 0xd0, 0x7b, 0x3, 0x10,
    0x80, 0x4, 0x89, 0x2a, 0x6, 0x1, 0x39, 0x0,
    0x6e, 0x56, 0xff, 0xe1, 0xcf, 0x30, 0xb3, 0x32,
    0x7f, 0x7f, 0xc3, 0xbe, 0x6c, 0xec, 0x0, 0x6d,
    0x0, 0xf9, 0xb0, 0x40, 0xc, 0xee, 0x0, 0xff,
    0xe0, 0x4e, 0x80, 0x7f, 0xf0, 0xa, 0x80, 0x3f,
    0xf8, 0x27, 0xfe, 0x22, 0x0, 0x68, 0x90, 0x8,
    0xff, 0xd8, 0x1, 0x0,

    /* U+7B2C "第" */
    0x0, 0xff, 0xe2, 0x25, 0x80, 0x6d, 0x20, 0xf,
    0x42, 0xe6, 0x4a, 0x5d, 0x99, 0x10, 0x30, 0x79,
    0x6e, 0x4c, 0xbc, 0xb7, 0x8, 0x6f, 0x45, 0x88,
    0xd9, 0x87, 0x2a, 0x0, 0x1f, 0xf7, 0x36, 0xe9,
    0x3b, 0x93, 0x42, 0x0, 0x2e, 0xec, 0xf1, 0xdd,
    0x0, 0x74, 0xee, 0xcd, 0x1b, 0xb0, 0x80, 0x64,
    0xec, 0xc2, 0xce, 0x65, 0xc2, 0x1, 0x13, 0x91,
    0x7, 0xc8, 0xb0, 0x80, 0x5, 0x3e, 0x35, 0x16,
    0x22, 0xd9, 0x0, 0xd, 0xdb, 0x89, 0x2e, 0xf2,
    0x70, 0x4, 0x55, 0xb8, 0x40, 0x3, 0x32, 0x28,
    0x1, 0xe2, 0x20, 0xd, 0x30, 0xc6, 0x0, 0x7a,
    0x20, 0x4, 0xb0, 0x55, 0xc0, 0x0,

    /* U+7B49 "等" */
    0x0, 0xff, 0xe2, 0x4b, 0x80, 0x45, 0x80, 0x1e,
    0x26, 0xac, 0xc5, 0xc1, 0x66, 0x61, 0xe, 0x95,
    0x56, 0xe3, 0xe3, 0xa6, 0xe8, 0x4d, 0x1a, 0xbc,
    0x7d, 0x4a, 0x7c, 0x44, 0x7, 0x19, 0xf7, 0xac,
    0xcd, 0xfa, 0xd0, 0xd, 0xb9, 0x93, 0x3e, 0x66,
    0x0, 0x14, 0x4c, 0xe4, 0x59, 0x9d, 0x4, 0x1f,
    0xfd, 0x76, 0xf6, 0x1f, 0xf0, 0x13, 0x37, 0xe3,
    0xd6, 0x61, 0x6, 0x63, 0xfd, 0x99, 0x8a, 0xb3,
    0x40, 0x1b, 0xa8, 0x3f, 0xdd, 0x8a, 0xb7, 0x0,
    0x33, 0x4e, 0x10, 0x7, 0xfc, 0x9e, 0x57, 0xe6,
    0xa0, 0x1f, 0x84, 0x2f, 0xf8, 0x40, 0x20,

    /* U+7B54 "答" */
    0x0, 0x12, 0x80, 0x66, 0x20, 0xf, 0x46, 0x19,
    0xc3, 0x2c, 0x67, 0x0, 0xd, 0x17, 0x62, 0x6c,
    0xa7, 0x62, 0x4, 0x3b, 0x5a, 0x15, 0x63, 0xb8,
    0x13, 0x64, 0x34, 0x83, 0x41, 0x4e, 0x3, 0xa6,
    0x1, 0x20, 0x1, 0xb4, 0x57, 0xc, 0xc2, 0x1,
    0xcf, 0xa9, 0x71, 0x5b, 0x88, 0x0, 0x19, 0xed,
    0x44, 0x6e, 0xa8, 0xaa, 0x79, 0x7, 0xb2, 0xeb,
    0x77, 0x9f, 0x69, 0x1, 0xcb, 0xb3, 0x3d, 0xc2,
    0x80, 0x1d, 0xbb, 0xe1, 0x0, 0xf8, 0x8b, 0xc2,
    0x1, 0xf7, 0x77, 0x80, 0x3e, 0xec, 0xcf, 0x78,
    0x80, 0x0,

    /* U+7B56 "策" */
    0x0, 0xff, 0xe2, 0x3b, 0x80, 0x37, 0x8, 0x7,
    0xa6, 0xb3, 0x28, 0x1d, 0xcc, 0x90, 0x25, 0xd5,
    0xfa, 0x5e, 0xd5, 0x5d, 0xc5, 0x12, 0x99, 0x31,
    0x79, 0xa4, 0x11, 0x42, 0x22, 0xcd, 0x1c, 0x73,
    0xcd, 0x7c, 0xc1, 0x4, 0x6e, 0xe8, 0x2d, 0xde,
    0x20, 0x1f, 0xfd, 0x65, 0xff, 0x71, 0x80, 0x43,
    0xfd, 0xca, 0x2e, 0xe8, 0x44, 0x1, 0x84, 0x0,
    0x66, 0x0, 0xff, 0x9e, 0x47, 0xf, 0xc, 0x80,
    0x2f, 0x4c, 0xea, 0x2f, 0xe4, 0xc1, 0x0, 0x3e,
    0xc7, 0xc8, 0x0, 0xf7, 0xfd, 0x68, 0x5, 0xd8,
    0x60, 0x1c, 0xfd, 0xc5,

    /* U+7B7E "签" */
    0x0, 0xff, 0xe2, 0x4b, 0x0, 0x47, 0xa0, 0x1e,
    0x16, 0xac, 0xc4, 0x79, 0xe6, 0x61, 0x8, 0x64,
    0x7e, 0x7, 0xcb, 0xe, 0xe0, 0x9a, 0x4c, 0x39,
    0xb, 0x93, 0x80, 0x90, 0x1e, 0x80, 0x3b, 0x1,
    0x2c, 0xb0, 0xc0, 0x31, 0x4e, 0x4c, 0xa3, 0xfd,
    0x46, 0x0, 0x2b, 0xce, 0x38, 0xdd, 0x4b, 0x67,
    0x69, 0x13, 0xb8, 0xfb, 0xae, 0xdd, 0x5b, 0xe7,
    0x10, 0x2a, 0x50, 0x3, 0x8c, 0x1, 0x48, 0x60,
    0x12, 0x39, 0x85, 0xc8, 0x1b, 0x28, 0x7, 0x5c,
    0x3, 0x38, 0x45, 0x80, 0x79, 0xa4, 0x1, 0xa8,
    0xcc, 0x0, 0x87, 0xfe, 0xdf, 0xfa, 0xcb, 0xfe,
    0x10,

    /* U+7B80 "简" */
    0x0, 0xff, 0xe2, 0xe, 0x80, 0x6b, 0x30, 0xf,
    0x41, 0x66, 0x46, 0x9f, 0x77, 0x8, 0x23, 0xe8,
    0x5f, 0x44, 0x4b, 0x12, 0x21, 0xf4, 0x70, 0x5,
    0x8e, 0x8c, 0xe4, 0x0, 0xb1, 0xc5, 0xdc, 0xbc,
    0xc2, 0x43, 0x0, 0x8, 0x15, 0xa3, 0xff, 0x97,
    0x80, 0xd, 0xd0, 0xb7, 0x55, 0x31, 0x88, 0x7,
    0x98, 0xaa, 0x9f, 0xe0, 0xf, 0xe5, 0x99, 0x68,
    0x7, 0xf9, 0x22, 0x1c, 0x1, 0xff, 0xc1, 0x30,
    0xf, 0xe7, 0x8, 0x86, 0x60, 0x3, 0xf1, 0xd5,
    0x62, 0xe6, 0xd0, 0x2, 0x58, 0x7, 0x93, 0xb8,
    0xa0,

    /* U+7B97 "算" */
    0x0, 0x4b, 0x0, 0x43, 0xa0, 0x1e, 0x36, 0x8d,
    0xd6, 0x41, 0x6e, 0xe3, 0x2d, 0xaa, 0xe, 0xd2,
    0x7f, 0x6, 0xe8, 0xca, 0x87, 0xca, 0xe8, 0x6e,
    0x2, 0x40, 0x24, 0x20, 0xd8, 0xff, 0x44, 0x4e,
    0x1, 0xcc, 0x89, 0xec, 0x0, 0xf1, 0xee, 0xf8,
    0x80, 0x3c, 0x97, 0x7e, 0xf0, 0xe, 0x20, 0xcc,
    0x5d, 0xdd, 0xee, 0x1, 0x92, 0x95, 0x55, 0x50,
    0xcc, 0x80, 0x7, 0xbb, 0x3b, 0x6e, 0xc3, 0x9b,
    0xa4, 0x3d, 0xf6, 0x4e, 0xdd, 0x87, 0x37, 0x48,
    0x11, 0xdb, 0x60, 0x1f, 0xe8, 0xc6, 0x0, 0xee,
    0x20, 0x8,

    /* U+7BA1 "管" */
    0x1, 0xd0, 0xc, 0x3a, 0x1, 0xcc, 0x59, 0x93,
    0x30, 0xb3, 0x2b, 0x19, 0xc9, 0x6c, 0x79, 0xd8,
    0x1c, 0xb5, 0x93, 0x5d, 0xd, 0xa2, 0x4a, 0x20,
    0x4d, 0xda, 0xb4, 0xeb, 0x75, 0x5f, 0x0, 0xfd,
    0xbb, 0x7f, 0x6e, 0xd2, 0x41, 0x6d, 0xfb, 0xbe,
    0xf6, 0xe0, 0x61, 0x3d, 0xdf, 0x1, 0x20, 0x4,
    0x79, 0x9e, 0x30, 0xe, 0x2e, 0xef, 0x84, 0x3,
    0x14, 0xcf, 0xbb, 0x0, 0x31, 0xdd, 0xfa, 0x0,
    0x38, 0xf7, 0x7d, 0x40, 0x19, 0x3f, 0x77, 0xdd,
    0xa0,

    /* U+7BC7 "篇" */
    0x0, 0x42, 0x80, 0x6d, 0x10, 0xe, 0x17, 0x8d,
    0xd6, 0x49, 0x66, 0xec, 0x21, 0x6f, 0x21, 0xb2,
    0xfd, 0xc0, 0xdd, 0x8, 0xd0, 0x94, 0xc, 0x2,
    0x70, 0x1, 0xd, 0xb6, 0xd6, 0xf0, 0xee, 0xa3,
    0x48, 0x2, 0xe9, 0xdd, 0xbf, 0x76, 0x11, 0x0,
    0x6a, 0xdd, 0xf8, 0xc0, 0x3b, 0x77, 0xf7, 0x98,
    0x4, 0x5f, 0xbb, 0xdd, 0xbd, 0x0, 0x13, 0x3c,
    0x68, 0xf6, 0x86, 0xc0, 0x80, 0x4, 0x6, 0xf0,
    0xfb, 0x7, 0x20, 0x2, 0x9b, 0xb, 0xc3, 0xec,
    0x1c, 0x80, 0x9, 0x18, 0x3, 0xe7, 0xbe, 0x0,
    0x60, 0xd2, 0x86, 0x18, 0x73, 0xeb, 0x80,

    /* U+7BE1 "篡" */
    0x0, 0xff, 0xe2, 0x16, 0x80, 0x6a, 0x50, 0xf,
    0x70, 0xfe, 0x61, 0x11, 0x3f, 0x76, 0x50, 0x96,
    0xc6, 0xac, 0xeb, 0xc3, 0x9b, 0x50, 0xbe, 0xe1,
    0xe5, 0x7, 0xd3, 0x60, 0x4, 0x40, 0x2, 0x2f,
    0x80, 0x3f, 0xf8, 0x22, 0x1, 0xe3, 0xcc, 0xf8,
    0x3, 0x96, 0xca, 0xf4, 0x8a, 0x38, 0x0, 0xe,
    0x6d, 0x40, 0x2d, 0x5c, 0x55, 0x31, 0xc7, 0x35,
    0x97, 0xdb, 0xf5, 0xc3, 0xf1, 0xc2, 0x3f, 0x6e,
    0xc4, 0x6f, 0x91, 0xfa, 0x81, 0xbe, 0x9a, 0x3a,
    0xdd, 0x59, 0x8e, 0x40, 0x51, 0x47, 0x22, 0x1e,
    0xe1, 0xa9, 0x80, 0x67, 0xa8, 0x75, 0x43, 0xb5,
    0x0, 0x0,

    /* U+7C4D "籍" */
    0x0, 0xff, 0xe2, 0x2d, 0x80, 0x6c, 0x30, 0xf,
    0x42, 0xe6, 0x2d, 0xf, 0xf3, 0x22, 0x8, 0x1c,
    0x18, 0x85, 0x4f, 0x96, 0xe8, 0x84, 0xf7, 0xad,
    0x8a, 0x28, 0xee, 0x4, 0x5, 0xf4, 0xee, 0x13,
    0x4e, 0xe5, 0xec, 0x43, 0x74, 0x3d, 0x6b, 0x43,
    0x30, 0xb4, 0x20, 0xd6, 0x30, 0xcc, 0x91, 0xae,
    0x69, 0x11, 0x17, 0x8e, 0x91, 0x36, 0xb7, 0xe3,
    0x44, 0xf3, 0xc6, 0xb1, 0x3e, 0x67, 0x18, 0x14,
    0x98, 0x15, 0x3, 0xfe, 0x62, 0xf8, 0x0, 0x84,
    0x35, 0xa4, 0x1f, 0x76, 0xa0, 0x1, 0x4c, 0x81,
    0x68, 0x83, 0xee, 0xd4, 0x0, 0x19, 0x20, 0x2,
    0x0, 0x3f, 0x31, 0x5e, 0x0,

    /* U+7C7B "类" */
    0x0, 0x13, 0x80, 0x26, 0x0, 0xe, 0x60, 0x18,
    0xa9, 0x80, 0x32, 0xd1, 0x80, 0x77, 0x78, 0x6,
    0xce, 0x0, 0xdd, 0xf8, 0xde, 0xcf, 0xed, 0x9f,
    0xe0, 0x7, 0x7f, 0xb4, 0x88, 0x25, 0x3f, 0xf0,
    0x4, 0x31, 0x90, 0x8d, 0xdb, 0xa5, 0x0, 0xaf,
    0x8f, 0x17, 0xf4, 0xee, 0x21, 0x60, 0xd, 0xcb,
    0x20, 0x13, 0x0, 0x2e, 0xf8, 0x0, 0x9d, 0x12,
    0xbe, 0x44, 0xc0, 0x17, 0xfe, 0x83, 0x78, 0xff,
    0xc2, 0x17, 0x79, 0xd9, 0x8f, 0x77, 0x84, 0x2,
    0x5d, 0x9, 0x91, 0x73, 0x0, 0x43, 0x9f, 0x31,
    0x60, 0x9, 0xad, 0xfc, 0x21, 0xfe, 0xc5, 0x0,
    0xc9, 0x7d, 0x4,

    /* U+7C98 "粘" */
    0x0, 0xb8, 0x40, 0x23, 0xd0, 0xc, 0x32, 0x1,
    0x4a, 0x80, 0x7c, 0x28, 0x1, 0x22, 0x0, 0x3f,
    0x22, 0x1, 0x5c, 0x40, 0x5, 0xff, 0x28, 0x5a,
    0x83, 0xc0, 0x4, 0x5d, 0xd2, 0xb6, 0x78, 0xe6,
    0x14, 0x2, 0x11, 0x81, 0xbe, 0x3, 0x3d, 0x40,
    0x3f, 0xd, 0x4, 0xc, 0xfe, 0x17, 0xfc, 0x0,
    0x55, 0xe, 0xd8, 0x47, 0xfe, 0x0, 0x15, 0xc0,
    0x3e, 0x80, 0x7e, 0x58, 0x10, 0x3, 0x0, 0x7e,
    0x76, 0x0, 0xea, 0xcc, 0xc0, 0x1f, 0xc9, 0x11,
    0x80, 0x3b, 0x84, 0x26, 0x48, 0x9b, 0xc0,

    /* U+7CBE "精" */
    0x0, 0xff, 0xe2, 0x1d, 0x80, 0x77, 0x8, 0x6,
    0xc0, 0x2, 0xc5, 0xee, 0x87, 0x37, 0x46, 0xc,
    0xa1, 0x97, 0x5f, 0xe1, 0xef, 0xf1, 0x86, 0x60,
    0x8, 0xd2, 0x20, 0x33, 0x16, 0x0, 0x3d, 0x6e,
    0x22, 0x6e, 0x83, 0x75, 0xc8, 0x5d, 0x47, 0xcc,
    0x23, 0x48, 0x8c, 0xe5, 0x68, 0x34, 0x85, 0x55,
    0xaf, 0x8c, 0x0, 0xe3, 0x40, 0x2d, 0x99, 0x41,
    0x0, 0x19, 0x54, 0xa, 0x9, 0x99, 0x40, 0x5,
    0x7c, 0x12, 0x80, 0x99, 0x94, 0x0, 0x9, 0xd8,
    0x8, 0x41, 0x73, 0x28, 0x0, 0x15, 0x0, 0x72,
    0xe6, 0x50, 0x1, 0xff, 0xc0, 0xab, 0xd0, 0x8,
    0xec, 0x0, 0xb4, 0x0, 0xae, 0x70,

    /* U+7CFB "系" */
    0x0, 0xe2, 0x35, 0x7a, 0xa0, 0x0, 0x73, 0x7f,
    0xdb, 0xfe, 0xf, 0x80, 0x0, 0xf6, 0x7a, 0x3e,
    0x52, 0xa1, 0x0, 0x44, 0x79, 0xb0, 0x9, 0x8e,
    0x1, 0x93, 0x47, 0x73, 0x6b, 0x58, 0x3, 0x35,
    0x76, 0x92, 0x70, 0xc8, 0x6, 0x24, 0x9a, 0xd9,
    0x2, 0x39, 0x0, 0xc, 0xf2, 0x3f, 0xef, 0x71,
    0xde, 0x1, 0x14, 0xdc, 0x49, 0xf7, 0x37, 0xec,
    0x1, 0x5, 0x6, 0xc0, 0x8, 0xb0, 0xc0, 0x2,
    0x54, 0x80, 0x68, 0x3c, 0x20, 0x6a, 0xd4, 0x0,
    0xe8, 0xbc, 0x16, 0xf3, 0x1f, 0xc7, 0x0, 0x9b,
    0x4, 0x4, 0x7, 0xfd, 0x20, 0x18, 0x80,

    /* U+7D20 "素" */
    0x0, 0xf6, 0x20, 0x7, 0xd3, 0xbb, 0x8e, 0x77,
    0x72, 0x80, 0x27, 0xff, 0x1d, 0xff, 0xd8, 0xa0,
    0x15, 0xde, 0x2d, 0xbb, 0x90, 0x0, 0x90, 0x23,
    0x80, 0x47, 0x6c, 0x3, 0x6e, 0xdc, 0xc9, 0xfb,
    0xbc, 0x4, 0xaa, 0x3b, 0x9a, 0x7d, 0xe5, 0x58,
    0x2, 0xab, 0x19, 0xff, 0x75, 0x0, 0x7a, 0xe8,
    0x12, 0xbd, 0x27, 0x90, 0x2, 0xae, 0x91, 0x68,
    0xfb, 0x9, 0x93, 0x0, 0x2b, 0xda, 0xf1, 0x55,
    0x4, 0x78, 0xc0, 0x5, 0xd1, 0x60, 0x8, 0x66,
    0x28, 0x80, 0xfb, 0x92, 0xdc, 0xd8, 0x7, 0x9a,
    0xa0, 0x76, 0x60, 0xdd, 0xc4, 0x0, 0x99, 0xc0,

    /* U+7D22 "索" */
    0x0, 0xf6, 0x28, 0x7, 0x87, 0x33, 0x8e, 0x33,
    0x34, 0x0, 0xf7, 0x71, 0xd7, 0x76, 0x90, 0x2,
    0xaf, 0x16, 0xaa, 0xe6, 0x1, 0x80, 0xb, 0xf,
    0x40, 0x34, 0x8, 0xb, 0xbb, 0x83, 0xdc, 0xb9,
    0xdc, 0x0, 0x1c, 0x5e, 0x42, 0x8d, 0xea, 0x0,
    0x68, 0x81, 0x3d, 0x5a, 0xb4, 0xda, 0x50, 0x10,
    0x0, 0x5e, 0x20, 0x92, 0x4e, 0x9, 0x40, 0x13,
    0x4b, 0x38, 0x4e, 0x91, 0xe9, 0xb8, 0x1, 0xf0,
    0xba, 0x10, 0xd7, 0xd2, 0x5c, 0x0, 0x78, 0x2e,
    0x1, 0xaf, 0xb5, 0x0, 0x15, 0x12, 0xbc, 0xd8,
    0x0, 0x99, 0x60, 0x2, 0x50, 0x17, 0xb8, 0x80,
    0x12, 0x40, 0x0,

    /* U+7D27 "紧" */
    0x0, 0xb8, 0x40, 0x3f, 0x1e, 0x0, 0x53, 0xff,
    0xce, 0x1, 0xe9, 0x87, 0xfb, 0x37, 0x0, 0xf9,
    0xca, 0xfb, 0x0, 0x3e, 0x48, 0x3, 0x67, 0x20,
    0x3d, 0xa, 0x8c, 0x9a, 0xa6, 0x15, 0x88, 0x9,
    0x47, 0xc2, 0xf4, 0x82, 0xc8, 0x81, 0x69, 0xc7,
    0xd4, 0xd2, 0x0, 0x62, 0xa4, 0x39, 0xf6, 0x29,
    0xa0, 0x1, 0x75, 0x20, 0x47, 0x54, 0xb8, 0x60,
    0x16, 0x6b, 0x6f, 0x85, 0xff, 0x57, 0x80, 0x17,
    0xf0, 0x3, 0x27, 0x58, 0x83, 0xee, 0x2e, 0xfa,
    0x0, 0xd7, 0xc0, 0x3d, 0x8, 0x6f, 0x58, 0x4,
    0x94, 0x0,

    /* U+7D2F "累" */
    0x0, 0x7b, 0xbd, 0xb4, 0xef, 0x79, 0x0, 0x4c,
    0xd0, 0xfb, 0x34, 0x20, 0x1a, 0xaa, 0x29, 0xaa,
    0x84, 0x3, 0x6e, 0xc6, 0x9b, 0xb0, 0x6, 0x81,
    0xd9, 0xaf, 0x11, 0xa0, 0x80, 0xf, 0xef, 0x8c,
    0x54, 0xe, 0xe0, 0xa, 0xd8, 0x73, 0xbf, 0xc4,
    0xa0, 0x1a, 0x18, 0xd2, 0xb9, 0xca, 0xa0, 0x0,
    0xfc, 0x8a, 0x37, 0xe4, 0x12, 0x8c, 0xf, 0xa9,
    0xd4, 0xba, 0xda, 0x58, 0xc0, 0xba, 0x2a, 0x1,
    0xc, 0xc5, 0x90, 0x6f, 0x49, 0xf2, 0xa8, 0xf,
    0x39, 0x42, 0xc, 0xf, 0xb8, 0x60, 0x12, 0xb8,

    /* U+7EA2 "红" */
    0x0, 0x98, 0x80, 0x3f, 0xe1, 0x90, 0x2, 0xaf,
    0xc0, 0x14, 0x31, 0x7, 0x75, 0x53, 0xdc, 0x10,
    0x37, 0x84, 0x45, 0xdc, 0x1b, 0x76, 0x10, 0xf9,
    0x29, 0x10, 0xf, 0xcc, 0x75, 0x8e, 0xa0, 0x1f,
    0x9b, 0xe0, 0xa8, 0x3, 0xfc, 0x97, 0xc6, 0x40,
    0x1f, 0x8e, 0xc7, 0x61, 0xc0, 0x3f, 0x15, 0xff,
    0x5a, 0x80, 0x7e, 0x14, 0x14, 0x85, 0x0, 0xfc,
    0xbd, 0xcf, 0x2, 0xdd, 0x83, 0x37, 0x4a, 0x99,
    0xf7, 0xf, 0xdd, 0x67, 0x74, 0x80,

    /* U+7EA6 "约" */
    0x0, 0x90, 0x40, 0x28, 0x0, 0xfd, 0x46, 0x0,
    0x35, 0x0, 0xf9, 0xd0, 0x80, 0x14, 0xa0, 0x10,
    0x80, 0x6, 0x6c, 0xd0, 0x59, 0xff, 0xee, 0x10,
    0xa9, 0xf, 0x29, 0x5f, 0xfc, 0x20, 0x88, 0xae,
    0x66, 0x1c, 0x80, 0x61, 0x12, 0x7f, 0x15, 0x5,
    0xa5, 0x80, 0x78, 0xbb, 0x84, 0x80, 0xe5, 0x60,
    0x18, 0x70, 0xb6, 0x70, 0x1, 0x22, 0xc2, 0x20,
    0x1b, 0xee, 0x5c, 0x0, 0x54, 0xc6, 0x60, 0x2,
    0x82, 0x3c, 0x80, 0x73, 0x30, 0x13, 0xbf, 0xec,
    0x0, 0xec, 0x20, 0x4f, 0xeb, 0x85, 0x0, 0xbf,
    0xcd, 0x60, 0x1, 0x0, 0xfb, 0xfd, 0xc4, 0x0,

    /* U+7EA7 "级" */
    0x0, 0xa8, 0x80, 0x3f, 0xe3, 0x72, 0x5f, 0xfe,
    0xb0, 0xd, 0x16, 0xb, 0xe7, 0x7e, 0xd8, 0x1,
    0x23, 0xb3, 0xa0, 0xb, 0x82, 0x20, 0x0, 0x33,
    0x24, 0x95, 0x3, 0x12, 0x33, 0x0, 0x14, 0xa6,
    0xe0, 0x40, 0x59, 0x7, 0xf8, 0x13, 0xe9, 0x18,
    0x4, 0x39, 0xbe, 0xc8, 0x0, 0x71, 0xb2, 0xaa,
    0x34, 0x20, 0xea, 0x2, 0xc0, 0xcc, 0x29, 0xac,
    0x40, 0x91, 0x80, 0xef, 0xa9, 0xf, 0x30, 0xcf,
    0x90, 0x0, 0x14, 0x6b, 0xf4, 0x42, 0x83, 0x9,
    0x0, 0xb, 0xf7, 0xfb, 0x8c, 0x36, 0x15, 0x46,
    0x2, 0xeb, 0x41, 0x7a, 0xf3, 0xb5, 0xdb, 0x50,
    0x10, 0x0, 0xf1, 0xf4, 0x0, 0xf, 0x54,

    /* U+7EAF "纯" */
    0x0, 0xff, 0xe2, 0xe0, 0x80, 0x43, 0xe0, 0x1e,
    0x50, 0x10, 0xf, 0xfa, 0x60, 0xf, 0xfd, 0xc1,
    0xff, 0x28, 0x2b, 0xa3, 0x3f, 0xfb, 0x43, 0xfe,
    0x51, 0xbd, 0x68, 0x5a, 0x3, 0x0, 0xac, 0x8,
    0x99, 0x30, 0x28, 0x20, 0x19, 0x0, 0xf3, 0x8,
    0xc0, 0x1f, 0xe4, 0x8f, 0x64, 0x0, 0xfc, 0x56,
    0x1c, 0x2c, 0x1d, 0xc0, 0xff, 0x0, 0xb, 0x7a,
    0x9c, 0xbb, 0xf4, 0x3f, 0x80, 0x22, 0x47, 0xb9,
    0x0, 0x18, 0x0, 0x74, 0xcd, 0xf1, 0xfe, 0x90,
    0xf, 0x3a, 0x1f, 0xe4, 0x20, 0x4, 0x27, 0xfe,
    0xb5,

    /* U+7EB9 "纹" */
    0x0, 0xa0, 0x3, 0x48, 0x7, 0xc8, 0x80, 0xe,
    0x80, 0xf, 0x44, 0x80, 0x68, 0x50, 0xe, 0x40,
    0x54, 0xdf, 0xf7, 0x17, 0xfc, 0x61, 0x30, 0xb1,
    0xab, 0x5f, 0xeb, 0x3f, 0x35, 0x38, 0xaf, 0xc,
    0xf0, 0x1, 0xa8, 0x1, 0x79, 0x18, 0xc1, 0xd0,
    0x1, 0x78, 0x1, 0x22, 0x2d, 0x40, 0x55, 0x44,
    0x45, 0x0, 0x1d, 0x9f, 0x68, 0x3, 0xe2, 0xc,
    0x1, 0x15, 0xfe, 0x40, 0x1, 0x5, 0x20, 0x2,
    0x14, 0x44, 0x61, 0x3, 0x10, 0x40, 0x4, 0x7f,
    0xee, 0xd1, 0xbb, 0x67, 0xa6, 0x20, 0x1f, 0xdb,
    0x27, 0x6e, 0x88, 0x72, 0xa4, 0x80, 0x32, 0xeb,
    0x0, 0x66, 0xd2,

    /* U+7EBF "线" */
    0x0, 0xa8, 0x40, 0x2d, 0x38, 0x20, 0xc, 0x6e,
    0x20, 0x1d, 0x7e, 0x60, 0x14, 0x58, 0x6, 0x17,
    0xb, 0x60, 0x1, 0xb3, 0x21, 0x67, 0xe, 0xa3,
    0xc0, 0x3, 0xca, 0xcc, 0x4d, 0xf4, 0xbb, 0x4a,
    0x80, 0x4, 0xa6, 0xc5, 0xc, 0xb1, 0xa7, 0x0,
    0x73, 0x55, 0x43, 0x5a, 0xcf, 0xd9, 0xc0, 0x4,
    0xae, 0x62, 0xff, 0x52, 0xc2, 0x70, 0xd, 0x9f,
    0xf1, 0x29, 0x3a, 0x8e, 0xd8, 0xe, 0xf5, 0xc0,
    0x80, 0x8, 0x3d, 0x1c, 0x0, 0x49, 0x3a, 0xc0,
    0x7, 0x14, 0x82, 0x12, 0xff, 0xb1, 0x23, 0xb7,
    0x10, 0xe9, 0xb, 0xed, 0x84, 0x6c, 0xa3, 0xbd,
    0x54,

    /* U+7EC4 "组" */
    0x0, 0x98, 0x80, 0x3f, 0xe1, 0x83, 0x4, 0xff,
    0xe3, 0x0, 0xa5, 0xc4, 0x0, 0x9f, 0xf1, 0x0,
    0x42, 0xd0, 0x8e, 0x1, 0xfd, 0x48, 0xd2, 0x80,
    0xb7, 0x71, 0x0, 0x11, 0xce, 0x54, 0xc0, 0xbf,
    0xe2, 0x0, 0x26, 0x60, 0xa0, 0x0, 0xe8, 0x90,
    0x6, 0x48, 0x96, 0x50, 0xf, 0xc5, 0x67, 0xc2,
    0xc0, 0x9f, 0xf1, 0x0, 0xb, 0x3a, 0xdc, 0xc1,
    0x3f, 0xe2, 0x0, 0x8c, 0x9a, 0x9c, 0x3, 0xf1,
    0xf6, 0x7f, 0x98, 0x3, 0xf1, 0xe7, 0x4a, 0xd5,
    0xa7, 0xfc, 0x58, 0xc0,

    /* U+7EC6 "细" */
    0x0, 0x9c, 0xc0, 0x3f, 0xe1, 0x81, 0xf, 0xff,
    0x84, 0x1, 0x2c, 0x40, 0xf, 0xf0, 0xf7, 0x80,
    0x44, 0xd0, 0x4a, 0x1, 0xfd, 0xec, 0xbc, 0x40,
    0x1f, 0x94, 0xd2, 0x9d, 0xc0, 0x1f, 0x97, 0xa4,
    0xe8, 0x1, 0xfe, 0x1e, 0xf0, 0x9, 0x23, 0x88,
    0xc3, 0xfc, 0x3b, 0xe0, 0x3, 0xb2, 0xe8, 0x60,
    0xc, 0x60, 0x11, 0x67, 0xed, 0xa8, 0x7, 0xe1,
    0x30, 0x36, 0x60, 0x7, 0xe4, 0xdf, 0xf7, 0x10,
    0x7f, 0x87, 0xbc, 0x0, 0xbd, 0xf9, 0x8, 0x1f,
    0xfc, 0x0,

    /* U+7EC7 "织" */
    0x0, 0xac, 0x40, 0x3f, 0xc8, 0xc2, 0x1d, 0xff,
    0xc8, 0x0, 0x88, 0x0, 0x5b, 0xff, 0x10, 0x1,
    0x41, 0x5d, 0x0, 0x3e, 0x1b, 0xa6, 0x95, 0x0,
    0xf9, 0x4b, 0x26, 0xc4, 0x3, 0xe4, 0xc2, 0x65,
    0x0, 0x7e, 0x64, 0x40, 0x5, 0x56, 0x3a, 0xef,
    0x7f, 0xd8, 0x87, 0x41, 0xe0, 0xe6, 0xe6, 0x60,
    0x20, 0x3e, 0xda, 0x72, 0x4a, 0x0, 0x5d, 0x80,
    0x6, 0xd3, 0xaf, 0xf2, 0x0, 0x95, 0x35, 0xcc,
    0x7f, 0x8d, 0x5c, 0x0, 0x2f, 0x2b, 0xd4, 0xc5,
    0x94, 0x1, 0xa8, 0x80,

    /* U+7EC8 "终" */
    0x0, 0x98, 0x3, 0x38, 0x80, 0x79, 0x2c, 0x2,
    0x6a, 0x1, 0x10, 0x6, 0xfb, 0x0, 0xc, 0x6,
    0x63, 0x98, 0x0, 0x6c, 0xc4, 0x1d, 0x8, 0xde,
    0x16, 0x0, 0x7c, 0x8d, 0x51, 0x72, 0xd3, 0x68,
    0x0, 0xc7, 0x5d, 0x37, 0x25, 0x36, 0xc8, 0x0,
    0x7e, 0x83, 0x70, 0x3, 0xcb, 0xb3, 0x80, 0x4,
    0xaf, 0x41, 0x7b, 0x31, 0x19, 0x8e, 0x42, 0xd0,
    0xce, 0x1d, 0xb9, 0xc1, 0xba, 0x50, 0x99, 0x67,
    0x21, 0x85, 0xc7, 0x1a, 0x9, 0x3a, 0x2, 0x19,
    0x9c, 0x93, 0x4c, 0x0, 0x97, 0xdf, 0xe7, 0x10,
    0xed, 0x70, 0x9, 0xbb, 0xfa, 0xd0, 0x9f, 0x3b,
    0x78, 0xc0, 0x94, 0x40, 0x3c, 0x75, 0x86, 0x0,

    /* U+7ECF "经" */
    0x0, 0xa0, 0x40, 0x3f, 0xe3, 0x61, 0x17, 0xff,
    0x94, 0x2, 0x88, 0x0, 0xff, 0xe7, 0x25, 0x0,
    0x23, 0x31, 0x50, 0x2, 0x86, 0xc0, 0xa, 0x61,
    0x2d, 0xc0, 0xad, 0xd0, 0x2, 0x63, 0x9b, 0x61,
    0x9d, 0x3e, 0x2f, 0x91, 0x6e, 0xa3, 0x8a, 0x1e,
    0x81, 0x8f, 0x5, 0x4, 0x88, 0x2d, 0xd, 0xd5,
    0x56, 0x28, 0x76, 0x31, 0x81, 0xbf, 0x8b, 0xfe,
    0xc0, 0x2c, 0xfc, 0x92, 0x45, 0x41, 0x55, 0x20,
    0x9, 0x24, 0x62, 0x80, 0x7e, 0x5e, 0xff, 0x70,
    0xb3, 0x14, 0x59, 0xa3, 0x5f, 0xb7, 0x28, 0x99,
    0x40, 0x4c, 0xd6,

    /* U+7ED1 "绑" */
    0x0, 0xff, 0xe2, 0x42, 0x80, 0x16, 0x40, 0x3f,
    0x2b, 0x80, 0x74, 0x7f, 0x78, 0x81, 0x89, 0x7,
    0x53, 0x79, 0x4f, 0x98, 0x84, 0xc9, 0x93, 0xa9,
    0xbc, 0x81, 0xe8, 0xd, 0x2, 0x18, 0x3, 0xd4,
    0xe0, 0xeb, 0xe, 0x59, 0x4d, 0x80, 0x23, 0x2,
    0x51, 0xc0, 0x64, 0xb6, 0x0, 0xa3, 0x0, 0x2d,
    0x90, 0x40, 0x2, 0x1, 0x4d, 0x82, 0xad, 0x8d,
    0xd2, 0xfc, 0x20, 0x6, 0x35, 0xed, 0x96, 0xf3,
    0xaf, 0x10, 0x3, 0x88, 0x14, 0x72, 0x99, 0x94,
    0x43, 0x79, 0xc9, 0x7b, 0xfc, 0x92, 0xe0, 0x16,
    0xf5, 0x82, 0xeb, 0x89, 0xbc, 0x0, 0x7f, 0xc7,
    0x80, 0x14, 0x30, 0x4,

    /* U+7ED3 "结" */
    0x0, 0xd, 0x80, 0x77, 0x80, 0x79, 0x9c, 0x3,
    0xff, 0x81, 0x30, 0x9, 0xff, 0x7, 0xfc, 0x60,
    0xe8, 0x87, 0xe, 0xe8, 0x3b, 0xa3, 0x34, 0x7a,
    0xc3, 0x8, 0xc0, 0x23, 0x3, 0x17, 0x54, 0x95,
    0x5d, 0x82, 0xed, 0x40, 0xba, 0x4a, 0xc1, 0xdd,
    0x57, 0x74, 0x0, 0x65, 0xa2, 0x22, 0x2a, 0xf2,
    0x2, 0x49, 0x7f, 0x92, 0x7f, 0xba, 0xf8, 0x5,
    0x8d, 0xfd, 0x60, 0x8e, 0xe9, 0xc0, 0x2, 0xe6,
    0x28, 0x80, 0xf, 0xc9, 0x7d, 0xfe, 0x10, 0xe4,
    0x48, 0x80, 0xf, 0xd9, 0xd6, 0xa0, 0x9f, 0xf3,
    0x80, 0xd, 0x48, 0x2, 0x9d, 0xbb, 0xb6, 0x0,

    /* U+7ED5 "绕" */
    0x0, 0xff, 0xe2, 0x25, 0x0, 0x56, 0x60, 0x1f,
    0x76, 0x80, 0x43, 0x6a, 0xd1, 0x20, 0x1, 0x46,
    0x6, 0xe4, 0x6c, 0xef, 0xc0, 0x4, 0x30, 0x5b,
    0x77, 0x2, 0x6a, 0x80, 0x3, 0x7c, 0xb3, 0x0,
    0x9e, 0xfe, 0x54, 0x1c, 0xe1, 0x24, 0x16, 0x9d,
    0x6d, 0x30, 0xd3, 0x42, 0xc4, 0xfb, 0x3b, 0x2b,
    0x48, 0xc2, 0x15, 0xcc, 0x3c, 0x91, 0xa2, 0xec,
    0x28, 0xed, 0x2b, 0x7d, 0x5f, 0xeb, 0xcf, 0x35,
    0xcf, 0xb6, 0x8a, 0x39, 0x90, 0xd5, 0x8, 0x4c,
    0xd1, 0x20, 0x45, 0x0, 0x42, 0x9, 0xdf, 0xeb,
    0x1f, 0x70, 0xd, 0x66, 0xb9, 0x87, 0xe, 0x58,
    0x2, 0xd, 0x43, 0x12, 0x0, 0x17, 0x40, 0x5,
    0xdb, 0xc0,

    /* U+7ED9 "给" */
    0x0, 0x98, 0x40, 0x33, 0x80, 0x78, 0x64, 0x3,
    0x34, 0x10, 0x7, 0x4b, 0x8, 0x5, 0xf, 0xc0,
    0x18, 0x5a, 0x11, 0x1, 0x29, 0xd, 0x20, 0x15,
    0xb1, 0xc8, 0xba, 0x58, 0x5a, 0x48, 0x12, 0xab,
    0x5c, 0xec, 0x7f, 0xbd, 0xd5, 0xb, 0xf8, 0x6d,
    0xb3, 0x1d, 0xd5, 0x62, 0x0, 0xeb, 0xca, 0xb6,
    0xef, 0x18, 0x3, 0xcc, 0x39, 0xf9, 0x33, 0x20,
    0xd, 0xba, 0x96, 0x20, 0x11, 0xc0, 0x18, 0x96,
    0x32, 0x40, 0x3f, 0xf, 0x73, 0xfd, 0x20, 0xd9,
    0x91, 0x0, 0x7, 0xed, 0xcc, 0x0, 0x9f, 0xf1,
    0x0, 0x7e, 0x8a, 0x33, 0xb4, 0xc0,

    /* U+7EDC "络" */
    0x0, 0x90, 0x2, 0x27, 0x0, 0xf8, 0xac, 0x40,
    0x17, 0xa6, 0x70, 0x80, 0x56, 0xe2, 0x6, 0xed,
    0xfe, 0xd8, 0x0, 0x13, 0xca, 0x17, 0x7, 0x67,
    0x4, 0x0, 0x26, 0xe, 0xa5, 0x6b, 0x8f, 0xe8,
    0x41, 0x52, 0x35, 0xae, 0x11, 0xb2, 0x90, 0x0,
    0x9d, 0x65, 0x0, 0x98, 0xf3, 0x52, 0x60, 0x27,
    0x72, 0xb3, 0x2a, 0xd6, 0xde, 0xd2, 0x26, 0xc,
    0x6c, 0x54, 0xff, 0xd1, 0x64, 0x77, 0xf9, 0x2,
    0xf, 0xff, 0x28, 0x0, 0x55, 0x23, 0x14, 0x3,
    0xf2, 0x77, 0x37, 0x4a, 0xf, 0xbb, 0x28, 0x1,
    0x3a, 0x94, 0x40, 0xd, 0x99, 0x20, 0x7, 0xe7,
    0x91, 0x1a, 0xd4, 0x0,

    /* U+7EDD "绝" */
    0x0, 0x98, 0x40, 0x4, 0xc0, 0x1f, 0xc, 0x80,
    0x51, 0xe4, 0x41, 0x0, 0xd0, 0xe2, 0x6, 0xaa,
    0xed, 0xa0, 0x8, 0x9e, 0x15, 0x5d, 0x79, 0xc3,
    0x40, 0x14, 0xbb, 0x5e, 0x15, 0xf6, 0x8f, 0xe0,
    0x33, 0x2, 0x62, 0x56, 0xb8, 0x7f, 0x4, 0x1b,
    0x79, 0x58, 0x3, 0xfc, 0x93, 0xee, 0xc1, 0xf0,
    0x31, 0x60, 0x3, 0xb3, 0xf0, 0x40, 0x3e, 0x9e,
    0xf8, 0x2, 0xdd, 0x53, 0x90, 0x63, 0x36, 0x50,
    0x12, 0x23, 0x55, 0x0, 0x3c, 0xaa, 0x4e, 0xcc,
    0xa0, 0x3, 0xda, 0x4b, 0xbd, 0x4c, 0x5f, 0x7f,
    0xf9, 0x94,

    /* U+7EDF "统" */
    0x0, 0xff, 0xe2, 0xe1, 0x80, 0x49, 0x40, 0x1e,
    0x52, 0x30, 0x9, 0x10, 0x20, 0x1d, 0x10, 0x1,
    0xff, 0x87, 0xbf, 0xce, 0xc, 0x2d, 0x2f, 0xfc,
    0x37, 0xfd, 0xee, 0x53, 0x4c, 0xc7, 0xa, 0x64,
    0x46, 0x0, 0x4, 0x2e, 0x64, 0x12, 0xf4, 0x60,
    0x9, 0x3, 0xf4, 0x56, 0x26, 0x3c, 0xfe, 0x56,
    0x30, 0x64, 0xb3, 0x1d, 0x7d, 0xd0, 0xc5, 0x11,
    0x24, 0xbe, 0x0, 0x91, 0xc1, 0x41, 0x44, 0xa7,
    0x7a, 0xc8, 0x9, 0x80, 0x3c, 0xc6, 0xb4, 0xa6,
    0x4, 0x1, 0x22, 0x96, 0x7f, 0xcf, 0xd2, 0x1,
    0x8b, 0xe, 0x3a, 0x9f, 0x15, 0xc0, 0x4f, 0xa7,
    0x45, 0x0, 0x5, 0xf0, 0x1, 0x6f, 0x7a, 0x0,

    /* U+7EE7 "继" */
    0x0, 0xff, 0xe2, 0xe0, 0x7, 0xb8, 0x3, 0x90,
    0x0, 0x3c, 0x28, 0x1, 0x28, 0x80, 0x3e, 0x40,
    0x21, 0x80, 0xa, 0x4, 0xd, 0x95, 0xc, 0x0,
    0xc4, 0xb, 0x40, 0xf, 0x91, 0xa1, 0x0, 0x49,
    0x83, 0x30, 0x10, 0xe7, 0x98, 0x81, 0xfb, 0xc7,
    0xb1, 0x93, 0x64, 0xa0, 0x0, 0xfa, 0x80, 0xba,
    0xc0, 0x73, 0xe2, 0x60, 0x3, 0x1, 0x25, 0x1,
    0xc3, 0xcc, 0x30, 0x3, 0xa0, 0x2a, 0x8, 0x57,
    0x7b, 0x54, 0x16, 0x88, 0x1, 0xc6, 0x10, 0x28,
    0xe8, 0xa, 0xe0, 0x11, 0x89, 0x64, 0x19, 0x38,
    0xe6, 0x41, 0x98, 0x52, 0xca, 0x75, 0x2d, 0xee,
    0xb3, 0xb8, 0x80,

    /* U+7EEA "绪" */
    0x0, 0xac, 0x3, 0x5a, 0x0, 0x79, 0x84, 0x3,
    0xe3, 0xc0, 0xa, 0xe4, 0x1, 0xfe, 0x4b, 0xfd,
    0xa0, 0x2, 0xb9, 0xb1, 0x7f, 0x92, 0xe1, 0x58,
    0x6, 0xf1, 0xad, 0x66, 0x4b, 0xf0, 0x32, 0x6a,
    0x59, 0x30, 0x7f, 0xe5, 0x54, 0xe7, 0x8a, 0x66,
    0xb2, 0xa3, 0xb, 0x63, 0x34, 0x40, 0x97, 0x63,
    0x4c, 0x83, 0xce, 0xf7, 0x2, 0xb2, 0x9b, 0x38,
    0xe, 0xe9, 0x80, 0x5, 0xbd, 0x70, 0xe8, 0x1b,
    0xb3, 0x0, 0x44, 0x6f, 0x6a, 0x0, 0xdd, 0x98,
    0x0, 0x7d, 0x98, 0xd4, 0x0, 0x19, 0xe0, 0x1,
    0x57, 0xdb, 0x8, 0x2, 0x22, 0x40, 0x0, 0xa0,
    0x7, 0x7d, 0xdd, 0xce, 0x0,

    /* U+7EED "续" */
    0x0, 0xac, 0x3, 0x2d, 0x0, 0x79, 0x1c, 0x1,
    0x35, 0x29, 0x54, 0x30, 0xb, 0xe0, 0x1, 0x52,
    0x8b, 0x32, 0x20, 0x2, 0x2, 0x51, 0xaa, 0x89,
    0xd5, 0x4e, 0x3, 0x3b, 0x0, 0x1, 0x16, 0xa0,
    0xfd, 0x1, 0x37, 0xbc, 0x1b, 0x5a, 0xbb, 0x86,
    0x80, 0xec, 0x20, 0x89, 0x1c, 0x80, 0x9, 0x60,
    0x2, 0xbf, 0xd9, 0x65, 0xb0, 0x0, 0x40, 0x5,
    0x49, 0xd5, 0x1c, 0x58, 0x17, 0x70, 0x17, 0x53,
    0xa5, 0x44, 0x1, 0xbe, 0x20, 0x0, 0x4a, 0xfd,
    0x23, 0x52, 0xa9, 0x63, 0x2, 0xef, 0xe8, 0x1a,
    0xbc, 0x3c, 0x98, 0x2, 0xb5, 0x0, 0x41, 0x69,
    0x0, 0xe1, 0x8,

    /* U+7EF4 "维" */
    0x0, 0xa0, 0x2, 0x45, 0x35, 0x0, 0xe5, 0x40,
    0xa, 0x0, 0x6c, 0x3, 0xa6, 0x0, 0x6, 0x66,
    0x14, 0x41, 0x88, 0x20, 0x23, 0x9f, 0x94, 0x41,
    0x7e, 0x8, 0x26, 0xda, 0xac, 0xd6, 0xe8, 0x6e,
    0xc6, 0x8d, 0xd3, 0x20, 0x65, 0xba, 0x1b, 0xb0,
    0x25, 0xf3, 0x24, 0x72, 0x47, 0x8c, 0x40, 0x0,
    0x93, 0x8e, 0x20, 0x26, 0xa0, 0x66, 0x2, 0xb3,
    0xc1, 0x10, 0x3f, 0xf0, 0xff, 0x80, 0xbb, 0x65,
    0x80, 0xf, 0xfc, 0x3f, 0xe0, 0x0, 0x9b, 0xdb,
    0x0, 0x7e, 0x4f, 0xee, 0x98, 0x1f, 0xbc, 0x7b,
    0x8e, 0x9d, 0xb2, 0xa0, 0x7, 0xff, 0x77, 0xf9,
    0xc0,

    /* U+7EFF "绿" */
    0x0, 0x94, 0x3, 0xff, 0x80, 0xb0, 0x0, 0xbe,
    0xed, 0xee, 0x1, 0x75, 0x80, 0x2f, 0xbb, 0x30,
    0x80, 0xd, 0x98, 0xe0, 0xdb, 0xb9, 0x80, 0x2f,
    0xb6, 0xa0, 0x6d, 0xdc, 0x86, 0xa, 0x55, 0x32,
    0x3e, 0xee, 0x4a, 0x65, 0xe4, 0x64, 0x3d, 0xee,
    0xf, 0x7e, 0xb0, 0x22, 0xd2, 0x4, 0xc8, 0x2,
    0x7e, 0x12, 0xb2, 0x83, 0xa, 0x3, 0xc, 0xdc,
    0x13, 0xcf, 0xb7, 0x0, 0x7f, 0x0, 0xc8, 0x0,
    0x49, 0x67, 0x4f, 0x32, 0xf, 0xe7, 0x3, 0xff,
    0x66, 0x1a, 0x68, 0x40, 0xb3, 0x50, 0xfa, 0x94,
    0x55, 0x49, 0xc6, 0x3, 0x48,

    /* U+7F00 "缀" */
    0x0, 0xb, 0x0, 0x7f, 0xf0, 0x1f, 0xc3, 0x37,
    0xaa, 0x77, 0x5e, 0x20, 0xa, 0xb0, 0xdd, 0x46,
    0x5e, 0xf9, 0x88, 0x23, 0x93, 0xbb, 0x2d, 0xab,
    0x26, 0x40, 0x8, 0xf7, 0xd6, 0x61, 0xa4, 0x2a,
    0x0, 0xc, 0xa2, 0x2a, 0xf, 0x19, 0x5d, 0x91,
    0x3e, 0x48, 0x2c, 0xa1, 0x5f, 0xc2, 0xc1, 0x3,
    0x43, 0x68, 0xee, 0x54, 0x77, 0x3c, 0xc7, 0x4b,
    0x8f, 0xb9, 0x18, 0xb9, 0xc2, 0x63, 0x5d, 0x49,
    0x51, 0x4f, 0xd0, 0xec, 0x0, 0x56, 0xcd, 0xa4,
    0x10, 0x56, 0x98, 0x3, 0xff, 0xb2, 0x5a, 0x19,
    0x84, 0xa, 0x7, 0xd2, 0x76, 0x34, 0xbb, 0xaf,
    0xc8, 0x60, 0xd, 0x70, 0x0, 0xab, 0x12, 0xd6,

    /* U+7F13 "缓" */
    0x0, 0xa0, 0x3, 0x11, 0xab, 0xa8, 0x4, 0xaa,
    0x8, 0xdc, 0xe8, 0xdf, 0x0, 0xd3, 0x1, 0xd,
    0x97, 0xb0, 0x44, 0x0, 0x28, 0x2b, 0x91, 0xc,
    0xc2, 0x6c, 0xe0, 0x37, 0x2b, 0x34, 0xf9, 0x53,
    0xa5, 0xc4, 0xe1, 0x35, 0x71, 0xc3, 0xfd, 0xd8,
    0x9b, 0x91, 0x93, 0xb8, 0x3f, 0xdd, 0x90, 0x15,
    0x21, 0x7b, 0xb, 0xbb, 0x90, 0xe8, 0xff, 0xc2,
    0x85, 0xbb, 0x7a, 0x1, 0x57, 0x72, 0xc7, 0x46,
    0x37, 0xc9, 0x0, 0x54, 0xdf, 0x15, 0xb2, 0xdb,
    0xe4, 0x0, 0x9b, 0xe1, 0xf1, 0x2, 0x69, 0x7,
    0x0, 0x37, 0x6b, 0xc2, 0x97, 0x16, 0xd7, 0x6a,
    0x11, 0x80, 0x2a, 0x1b, 0xa8, 0x9f, 0x79, 0x0,

    /* U+7F16 "编" */
    0x0, 0x98, 0x3, 0xb, 0x80, 0x79, 0x2c, 0x3,
    0xc, 0xa0, 0x7, 0x75, 0x81, 0x7e, 0xe8, 0xe7,
    0x7c, 0x0, 0x4e, 0xd0, 0x5, 0xbb, 0xc0, 0x14,
    0x2b, 0x98, 0x17, 0x77, 0x0, 0xd, 0xe, 0x24,
    0xb, 0xbb, 0xbc, 0xf, 0x8d, 0xc8, 0xb, 0x77,
    0xb8, 0x40, 0xd7, 0x14, 0x41, 0xb5, 0xa2, 0x54,
    0x7, 0x4b, 0xcd, 0x84, 0x3, 0xe1, 0xaf, 0xb7,
    0xd5, 0x4d, 0x4b, 0xa4, 0x0, 0x2b, 0xed, 0xa6,
    0x26, 0xa5, 0xd2, 0x1, 0xff, 0xd0, 0x46, 0x1,
    0xf1, 0xf4, 0x10, 0xc0, 0x5, 0x8c, 0x6c, 0x20,

    /* U+7F18 "缘" */
    0x0, 0xa0, 0x40, 0xac, 0x3, 0xf0, 0xa8, 0x83,
    0xae, 0x63, 0x70, 0x3, 0x45, 0x80, 0x32, 0x33,
    0x10, 0xc0, 0x11, 0x2b, 0x30, 0xe, 0xb3, 0x17,
    0xa0, 0x17, 0x79, 0xd0, 0xde, 0xec, 0xa4, 0x20,
    0x66, 0xdc, 0xfa, 0xdd, 0x76, 0x3c, 0xea, 0x1e,
    0xcb, 0x1d, 0xc0, 0x16, 0xe6, 0xd2, 0x0, 0xdd,
    0x2d, 0x6f, 0x34, 0x3e, 0x18, 0xe, 0x9c, 0x1d,
    0x52, 0x9, 0x80, 0x54, 0x6, 0xbe, 0xd1, 0xa6,
    0x28, 0x8, 0x4, 0x0, 0xaf, 0x92, 0xd7, 0x50,
    0xe5, 0x52, 0x5, 0xfe, 0xdb, 0x8c, 0xeb, 0x32,
    0x65, 0x32, 0xe8, 0x10, 0xad, 0x3e, 0x65, 0xc,
    0x30, 0xe, 0x20, 0x5e, 0xc0, 0x0, 0x80,

    /* U+7F29 "缩" */
    0x0, 0x94, 0x3, 0x21, 0x0, 0x79, 0x20, 0x8,
    0xce, 0xe3, 0x38, 0x2, 0xe8, 0xc, 0x88, 0x63,
    0xc4, 0x35, 0x0, 0x9d, 0x4c, 0x22, 0xae, 0xf2,
    0x38, 0x4d, 0xb4, 0x7c, 0x5f, 0x76, 0x43, 0x56,
    0xd9, 0x91, 0xb5, 0x74, 0x3f, 0x70, 0x17, 0x71,
    0xca, 0x18, 0x7a, 0x5b, 0xb0, 0x0, 0x55, 0xb0,
    0x80, 0x65, 0xfe, 0xe2, 0x2, 0xc2, 0xfd, 0xb0,
    0xf, 0xea, 0xfa, 0x56, 0x0, 0x1e, 0xec, 0x0,
    0x24, 0x45, 0x60, 0x4, 0x7b, 0xb0, 0x0, 0xfa,
    0x33, 0x0, 0x10, 0x99, 0x90, 0x0, 0x5b, 0x8c,
    0x1, 0x8e, 0x65, 0xc0, 0x1, 0x30, 0x8, 0xe8,
    0xbe, 0xaa, 0xe0,

    /* U+7F3A "缺" */
    0x3, 0xa0, 0xf, 0x78, 0x7, 0x21, 0x88, 0xc0,
    0x1f, 0xd8, 0xdd, 0xd0, 0x91, 0x81, 0x10, 0x0,
    0x4d, 0xe1, 0xfe, 0x1f, 0xe0, 0xfd, 0x20, 0x68,
    0x0, 0xed, 0xd0, 0x69, 0x0, 0x1f, 0x60, 0x22,
    0x4, 0x1, 0xf0, 0xee, 0x83, 0x74, 0xc8, 0xa0,
    0x86, 0x80, 0x5e, 0xa0, 0xb8, 0x7f, 0x21, 0x2b,
    0xa0, 0x7, 0x0, 0x91, 0xee, 0x85, 0xae, 0xc0,
    0x1f, 0xd9, 0x2a, 0x40, 0x11, 0x90, 0x29, 0x81,
    0xab, 0x4c, 0x80, 0x23, 0x96, 0x20, 0x2e, 0x81,
    0x76, 0x90, 0x6, 0xdc, 0xbf, 0x2a, 0x38, 0x3,
    0xd4, 0x40, 0x3c, 0xf2, 0x1, 0x16, 0x8,

    /* U+7F51 "网" */
    0xef, 0xff, 0xf3, 0x86, 0xff, 0xfe, 0x60, 0xe,
    0xa4, 0x0, 0x61, 0x0, 0x4f, 0x60, 0xe3, 0x40,
    0x44, 0x0, 0x9c, 0xa4, 0x14, 0x24, 0x80, 0x3a,
    0x51, 0x1, 0x6e, 0x80, 0x1e, 0x64, 0x1, 0x33,
    0x0, 0x71, 0xb2, 0xc2, 0x8, 0x28, 0x6, 0xf8,
    0x86, 0xcc, 0x43, 0xc0, 0x2b, 0x65, 0xc, 0x44,
    0x1d, 0x0, 0x57, 0x40, 0xb, 0x90, 0x8, 0xc4,
    0x3, 0x88, 0x1, 0x9e, 0xea,

    /* U+7F57 "罗" */
    0x4f, 0xee, 0x7f, 0x73, 0xfb, 0xac, 0x3, 0xee,
    0x7, 0x70, 0x7f, 0xa8, 0x3, 0xff, 0x82, 0xe5,
    0xdc, 0xe, 0xe0, 0x7f, 0x53, 0x1f, 0x73, 0xc6,
    0xbb, 0xba, 0x80, 0x5, 0x83, 0x7f, 0xfb, 0x40,
    0xf, 0x91, 0xff, 0xca, 0x80, 0x7b, 0xe3, 0xa4,
    0x0, 0x77, 0x48, 0x1d, 0xa, 0x4e, 0x1c, 0xd6,
    0x0, 0x79, 0x11, 0x87, 0x82, 0x1, 0x12, 0xd7,
    0xe, 0x50, 0x80, 0x4d, 0x9d, 0x9f, 0x66, 0x1,
    0xcd, 0xd6, 0xc2, 0x1, 0xf0,

    /* U+7F6A "罪" */
    0xd, 0xee, 0xbf, 0xb9, 0xfd, 0xcf, 0x40, 0xb,
    0x7b, 0x4f, 0xb8, 0x1d, 0xc3, 0x0, 0xdb, 0xda,
    0x7d, 0xc0, 0xee, 0x18, 0x5, 0xbd, 0xcf, 0x3e,
    0xc4, 0xee, 0x7a, 0x1, 0xdd, 0xda, 0x60, 0x29,
    0x77, 0x48, 0x14, 0x45, 0x20, 0x10, 0xff, 0xd4,
    0x2, 0x67, 0x38, 0x6, 0x44, 0x8c, 0x7, 0xba,
    0xd0, 0x8, 0x7b, 0xa5, 0x1, 0xee, 0xb4, 0x2,
    0x1e, 0xe9, 0x42, 0x3f, 0xed, 0x0, 0x87, 0xff,
    0x14, 0x7f, 0xda, 0x1, 0xf, 0xfe, 0x20, 0xf,
    0xfe, 0x10,

    /* U+7F6E "置" */
    0x5, 0xec, 0xc7, 0xe6, 0x3f, 0x31, 0xd0, 0x1,
    0x2f, 0xc9, 0x7f, 0x86, 0x3d, 0xc0, 0x26, 0x2a,
    0xc4, 0xd8, 0x7d, 0xa0, 0xc0, 0x4, 0x99, 0xe0,
    0x1, 0x9e, 0xd0, 0x4, 0xcf, 0xc, 0x4c, 0xeb,
    0x0, 0x1b, 0x6c, 0x41, 0x22, 0x2d, 0x72, 0x0,
    0xc7, 0x99, 0xe3, 0x10, 0xe, 0x65, 0x5f, 0x8,
    0x7, 0x96, 0x23, 0xc4, 0x1, 0xe3, 0x22, 0xf0,
    0x7, 0xcd, 0x33, 0xe2, 0x0, 0x8f, 0xe9, 0x3b,
    0xbc, 0x75, 0xe6,

    /* U+7F72 "署" */
    0x3, 0xfc, 0xc7, 0xe6, 0x3f, 0x31, 0xb4, 0x1,
    0x16, 0xe8, 0xb7, 0x45, 0xdb, 0x60, 0x10, 0xb5,
    0x51, 0xba, 0x9a, 0x6b, 0x74, 0x0, 0x2a, 0x99,
    0x82, 0x26, 0x57, 0xca, 0x1, 0x44, 0xcc, 0x1f,
    0x3d, 0x70, 0x0, 0x17, 0xec, 0xc8, 0x13, 0x9,
    0x69, 0x44, 0x3, 0xbc, 0x5f, 0x66, 0x40, 0x10,
    0xba, 0x8e, 0x38, 0x99, 0xbb, 0x9a, 0xc2, 0x7d,
    0x9e, 0x99, 0x8f, 0xaa, 0x90, 0xc0, 0xf3, 0xa4,
    0x3f, 0xfc, 0x20, 0x11, 0x0, 0x7, 0x33, 0xc4,
    0x1, 0xe1, 0xcc, 0xf1, 0x0, 0x0,

    /* U+8001 "老" */
    0x0, 0xe4, 0xc0, 0xc, 0x40, 0x1f, 0xfc, 0x1,
    0xc5, 0x0, 0xbf, 0xeb, 0x3f, 0xfb, 0x5d, 0x40,
    0x2f, 0xfa, 0xcf, 0xf8, 0xda, 0x40, 0x3f, 0x87,
    0x5a, 0x80, 0x24, 0xff, 0xd6, 0x7c, 0x6b, 0xff,
    0x22, 0x3f, 0xf3, 0x8c, 0xff, 0xf2, 0x0, 0x49,
    0xad, 0x8c, 0x2, 0xe0, 0x19, 0x72, 0x50, 0x88,
    0xb5, 0xfc, 0x40, 0x3, 0x9a, 0xdd, 0x1f, 0x7f,
    0xba, 0x48, 0x0, 0x78, 0xc0, 0x2, 0xea, 0x50,
    0x1, 0xb8, 0x7, 0xff, 0x1, 0x34, 0x3, 0x94,
    0x7f, 0xfa, 0x64, 0x0,

    /* U+8003 "考" */
    0x0, 0xe1, 0xe0, 0xf, 0xfe, 0x35, 0xa0, 0x5,
    0x5d, 0xcf, 0x1e, 0xea, 0x89, 0x0, 0x2a, 0xee,
    0x78, 0xf7, 0xa9, 0xc8, 0x5, 0x33, 0xac, 0x67,
    0xd4, 0x26, 0x44, 0x1b, 0x99, 0x79, 0xbc, 0x5e,
    0x64, 0x60, 0x8a, 0xa0, 0x82, 0xb2, 0x11, 0x94,
    0x40, 0xb, 0xb6, 0x4f, 0x9b, 0xb6, 0x0, 0xb,
    0xa6, 0x4c, 0xf3, 0x3d, 0x0, 0x2, 0xcc, 0x22,
    0xab, 0x77, 0x79, 0x0, 0x44, 0x0, 0xdd, 0xec,
    0x2, 0x0, 0xff, 0x9d, 0x0, 0x3f, 0xaf, 0xfa,
    0x20, 0x1, 0xfd, 0x7f, 0xdc, 0x30, 0x8,

    /* U+8005 "者" */
    0x0, 0xe6, 0xa0, 0xc, 0x40, 0x1f, 0xfc, 0x1,
    0xc4, 0x0, 0xbb, 0xa9, 0x5e, 0xe7, 0xfa, 0x50,
    0x2, 0xee, 0xa5, 0x7b, 0xa, 0x5c, 0x0, 0x2e,
    0xfb, 0x5a, 0x30, 0x0, 0xee, 0x10, 0xe, 0x33,
    0x2c, 0xd0, 0x6, 0x17, 0x78, 0x59, 0x9a, 0xef,
    0xc2, 0x0, 0x6e, 0x91, 0x7e, 0xec, 0xe0, 0x3,
    0xfd, 0x63, 0xfe, 0xec, 0xfe, 0x0, 0x3e, 0xbc,
    0x3c, 0xce, 0x70, 0xc, 0x20, 0x3, 0xdd, 0xe7,
    0x0, 0xfc, 0x23, 0xc0, 0x1f, 0x8f, 0xbb, 0x98,
    0x3, 0xc9, 0xfd, 0xdd, 0xf0, 0x0,

    /* U+800C "而" */
    0x1f, 0xff, 0xfe, 0x3, 0x8f, 0x77, 0x14, 0xf7,
    0x73, 0x80, 0x8f, 0x13, 0x88, 0xf0, 0x1, 0xbf,
    0xf0, 0x77, 0xfe, 0x90, 0x9, 0x7f, 0x47, 0xfc,
    0x59, 0xf0, 0x1, 0xff, 0xff, 0x0, 0xff, 0xe1,
    0x9b, 0x0, 0x15, 0xbe, 0x3c, 0x0, 0xd4, 0x3,
    0x0, 0x8, 0x5f, 0xf3, 0x0,

    /* U+8017 "耗" */
    0x0, 0xbc, 0x3, 0xe7, 0x30, 0xe, 0x10, 0x8,
    0x63, 0xb4, 0x40, 0x7b, 0x81, 0xfa, 0x97, 0xef,
    0x94, 0x40, 0x3d, 0xc0, 0xed, 0x68, 0xf1, 0x20,
    0xd, 0x9c, 0x1d, 0x44, 0x28, 0x31, 0x7a, 0x0,
    0xce, 0xe, 0xa6, 0xee, 0x6, 0xc6, 0x2, 0x6e,
    0x83, 0x74, 0x99, 0x42, 0xa6, 0x20, 0x98, 0xa0,
    0x98, 0x42, 0x83, 0x17, 0xb0, 0x0, 0x50, 0x44,
    0x5f, 0x40, 0x7f, 0x7c, 0x5, 0xd8, 0x3a, 0xeb,
    0xf0, 0x5d, 0x48, 0x15, 0x98, 0x7, 0x82, 0x1,
    0xc7, 0x9, 0xa0, 0x11, 0x0, 0x42, 0x0, 0x61,
    0x18, 0x3, 0xc2, 0x7d, 0xcb, 0xd0,

    /* U+8054 "联" */
    0x0, 0xf8, 0xc0, 0x23, 0x0, 0x27, 0x73, 0x3b,
    0x3, 0x94, 0x7, 0x48, 0x11, 0xef, 0x12, 0x43,
    0xa0, 0x2d, 0x88, 0x3, 0xe7, 0x86, 0xb5, 0x39,
    0x0, 0xaf, 0x94, 0x13, 0xb5, 0x2b, 0xb4, 0x2,
    0xbe, 0x50, 0x35, 0x70, 0x55, 0x20, 0x4, 0x42,
    0x0, 0x11, 0x10, 0x8, 0xc0, 0x15, 0x6a, 0x6,
    0x63, 0x43, 0x32, 0x50, 0x4, 0x62, 0x6, 0xea,
    0x3, 0xf7, 0x4a, 0x0, 0x24, 0x6e, 0x40, 0xa3,
    0x80, 0x9, 0x5a, 0xb8, 0x4d, 0x54, 0x38, 0xea,
    0x0, 0x5f, 0xda, 0x7d, 0x5b, 0xe0, 0xfb, 0x60,
    0xf, 0x14, 0xe9, 0x81, 0x65, 0x18, 0x6, 0xa7,
    0xd3, 0x0, 0x8b, 0xc,

    /* U+80CC "背" */
    0x0, 0xcd, 0x40, 0x5c, 0x0, 0x20, 0xa, 0xb3,
    0x16, 0x1, 0xb, 0x5f, 0xa0, 0x2, 0xf7, 0x54,
    0x1, 0x86, 0x35, 0x0, 0x6, 0xad, 0x60, 0x3,
    0x17, 0x30, 0xa2, 0x27, 0x68, 0xa0, 0x0, 0x43,
    0x76, 0x42, 0x26, 0x4b, 0x4c, 0x0, 0x3b, 0x32,
    0xe0, 0x8, 0xff, 0x3f, 0x76, 0xce, 0x40, 0xe,
    0x2d, 0xdf, 0x20, 0x7, 0x8b, 0x33, 0xc8, 0x1,
    0xe2, 0xcc, 0xf2, 0x0, 0x78, 0xb3, 0x3c, 0x80,
    0x1e, 0x2c, 0xcf, 0x20, 0x7, 0xfc, 0xfc, 0xac,
    0x1, 0x8f, 0x40, 0x33, 0xf7, 0xc, 0x0,

    /* U+80FD "能" */
    0x0, 0xff, 0xe2, 0x2d, 0x80, 0x45, 0xc0, 0x1f,
    0x47, 0xb4, 0x80, 0x62, 0x93, 0x0, 0x4a, 0x21,
    0x9d, 0x0, 0x6f, 0xf8, 0x80, 0xc, 0x9b, 0xa3,
    0x90, 0x7, 0xeb, 0x88, 0x3, 0xb7, 0x74, 0x80,
    0xa0, 0x2, 0xcc, 0x27, 0xba, 0xf1, 0x21, 0xbb,
    0x94, 0x80, 0x63, 0xb8, 0x86, 0x13, 0xff, 0x60,
    0x80, 0x23, 0x74, 0x80, 0x50, 0x88, 0x1, 0x0,
    0xa3, 0x74, 0x80, 0x13, 0x64, 0x38, 0x5, 0x19,
    0x84, 0x0, 0x8, 0xbb, 0x10, 0x2, 0x8c, 0xc2,
    0x0, 0x5, 0xc8, 0x1c, 0xc0, 0x3f, 0xf8, 0x18,
    0xe0, 0x11, 0x6b, 0x29, 0x13, 0xfe, 0x64,

    /* U+810F "脏" */
    0x0, 0xfc, 0x2c, 0x1, 0xd3, 0xdb, 0xe2, 0x0,
    0x1a, 0x60, 0xe, 0xbd, 0x20, 0xa9, 0x93, 0xec,
    0xc9, 0x0, 0x3c, 0xbb, 0xaf, 0x1d, 0xd2, 0x80,
    0x2b, 0x88, 0x0, 0x88, 0x54, 0x48, 0x40, 0x15,
    0xc4, 0x1, 0xff, 0xc4, 0x3b, 0xa1, 0xbb, 0x0,
    0xe, 0xf8, 0x80, 0x5, 0x1e, 0x11, 0x0, 0xa,
    0xb8, 0x80, 0x2, 0x6a, 0x26, 0x60, 0x0, 0xb0,
    0x0, 0xc4, 0x3, 0xf3, 0x10, 0x1, 0x94, 0x3,
    0xe1, 0x0, 0xd9, 0x82, 0x28, 0x48, 0x82, 0xa8,
    0x1a, 0x6, 0xbd, 0x9a, 0x39, 0x87, 0x49, 0xd,
    0xd5, 0x96, 0x77, 0x73, 0x0,

    /* U+8111 "脑" */
    0x0, 0xfc, 0x82, 0x1, 0xdd, 0xba, 0xe0, 0xb,
    0x20, 0x3, 0xdb, 0xa0, 0x47, 0x77, 0xb3, 0xbc,
    0x40, 0x1f, 0xd1, 0xc0, 0x1d, 0xdc, 0x6, 0xe0,
    0x67, 0x73, 0x61, 0x0, 0x3b, 0x80, 0x2a, 0x5a,
    0x8a, 0xa, 0x1, 0xf9, 0x55, 0x5e, 0x1, 0xdd,
    0xc0, 0xd, 0x42, 0x1, 0xee, 0xe0, 0x6, 0xf8,
    0x90, 0xf, 0xf5, 0x2b, 0xa2, 0x80, 0xc, 0x80,
    0x3b, 0xa4, 0x25, 0x40, 0xa, 0x80, 0x18, 0xe7,
    0x76, 0xc0, 0x0, 0xe0, 0xf2, 0x1e, 0xff, 0xee,
    0x0, 0x3a, 0xf, 0x50, 0x11, 0x71, 0xf0, 0x0,

    /* U+811A "脚" */
    0x0, 0xf1, 0x60, 0x7, 0xdb, 0xfe, 0x60, 0xc,
    0x3f, 0xf0, 0x5, 0xf0, 0x9, 0x44, 0xe4, 0x4f,
    0x10, 0xf, 0x8, 0x83, 0xc0, 0x3e, 0xf8, 0x5,
    0xb2, 0x82, 0x0, 0xf7, 0xc0, 0x1b, 0x8a, 0x10,
    0x7, 0xf4, 0xc0, 0x42, 0x80, 0x7b, 0x64, 0x29,
    0x2f, 0x9c, 0x3, 0xde, 0xc0, 0x4, 0x28, 0x0,
    0xf8, 0xbc, 0x9, 0x91, 0x6, 0x4, 0x0, 0x16,
    0x0, 0xa0, 0x2c, 0x50, 0x21, 0x1, 0x4c, 0x2,
    0xce, 0xa9, 0x30, 0xaa, 0x1, 0x64, 0x4a, 0xb2,
    0x8b, 0x20, 0x6,

    /* U+8131 "脱" */
    0x0, 0xf9, 0x40, 0x25, 0x10, 0x4, 0x7f, 0xc8,
    0x10, 0x80, 0x34, 0x1, 0xa7, 0xd0, 0x1, 0x1e,
    0x10, 0xe2, 0x1, 0xf6, 0x42, 0xeb, 0x32, 0x80,
    0x29, 0xf4, 0x2, 0xce, 0xdf, 0xb6, 0x0, 0xa7,
    0xd0, 0x3, 0xff, 0x89, 0x2e, 0xf7, 0x80, 0x68,
    0xd4, 0xa, 0xfa, 0x38, 0xff, 0x0, 0x6, 0x3d,
    0x1, 0x9, 0x90, 0x14, 0xc0, 0x4, 0xa4, 0x1,
    0x69, 0x80, 0x79, 0x88, 0x3, 0x35, 0x80, 0x44,
    0xc2, 0x2, 0x1, 0x52, 0x18, 0x0, 0x5f, 0xd5,
    0x7, 0xdb, 0x42, 0x80, 0x9, 0xf7, 0xa9, 0x23,
    0xfb, 0x34, 0x1, 0x5f, 0x71, 0x0,

    /* U+8138 "脸" */
    0x0, 0xfe, 0x90, 0xe, 0x7f, 0xf8, 0x80, 0x10,
    0xc4, 0x1, 0xd3, 0xe6, 0x0, 0x45, 0xaf, 0x10,
    0xf, 0xc7, 0x5c, 0xb1, 0x84, 0x1, 0x55, 0x9,
    0x76, 0x40, 0xd9, 0x71, 0x40, 0xd, 0xe7, 0x75,
    0x91, 0x17, 0xd1, 0x0, 0x31, 0x47, 0x92, 0xed,
    0x36, 0xec, 0xe1, 0xfe, 0x41, 0xa, 0x21, 0xe0,
    0x1c, 0x0, 0xa, 0x79, 0x6, 0xa8, 0x88, 0x26,
    0x40, 0x3, 0x9b, 0x30, 0x5c, 0x7, 0x25, 0x70,
    0x3, 0xb0, 0x4, 0x50, 0x14, 0x94, 0x0, 0x13,
    0x20, 0x5, 0x5c, 0x5d, 0xa6, 0xec, 0xc4, 0xe1,
    0xc3, 0x51, 0x1b, 0x3e, 0x10, 0xe4, 0x3b, 0x48,
    0xcf, 0xe2,

    /* U+819B "膛" */
    0x0, 0xe1, 0x40, 0x1e, 0x0, 0xed, 0xff, 0x82,
    0x8c, 0x2, 0x98, 0x0, 0xbf, 0xc0, 0x31, 0x60,
    0x2, 0x24, 0x0, 0x7b, 0x21, 0xb8, 0x71, 0x78,
    0x80, 0x1f, 0xe0, 0x2f, 0xef, 0xf7, 0x70, 0x40,
    0x2f, 0xf0, 0x4e, 0x6e, 0x65, 0xae, 0x60, 0x1c,
    0xe1, 0xd9, 0x91, 0xc0, 0x81, 0xdd, 0x80, 0x2f,
    0xbb, 0x80, 0x3a, 0x20, 0x0, 0xdc, 0xa5, 0xbe,
    0x0, 0x8c, 0xe0, 0x1d, 0xd6, 0xe, 0xea, 0x40,
    0x98, 0x2, 0x1d, 0xd7, 0x8e, 0xea, 0x41, 0xcc,
    0x3, 0xc6, 0x1, 0xd9, 0x88, 0xf5, 0xdf, 0xf7,
    0xf, 0xfd, 0x12, 0x91, 0xf5, 0xbf, 0xff, 0x40,

    /* U+81EA "自" */
    0x0, 0xd4, 0x80, 0x1f, 0xa, 0xa8, 0x3, 0x57,
    0xfb, 0x83, 0xbf, 0xec, 0x19, 0xee, 0xf5, 0x8,
    0x18, 0x8f, 0xc0, 0xa, 0xff, 0xf5, 0x80, 0x27,
    0xff, 0xd4, 0x0, 0x30, 0xf, 0x8, 0x2, 0xbb,
    0xbd, 0x60, 0x9, 0xff, 0xf5, 0x0, 0xc, 0x47,
    0xe0, 0x5, 0xee, 0xfa, 0x80, 0x13, 0xff, 0xe8,
    0xb, 0x72, 0x2f, 0x36, 0x80,

    /* U+81F3 "至" */
    0xe, 0xff, 0xff, 0x68, 0x3, 0xbf, 0xcc, 0x9f,
    0xf7, 0x7f, 0xb4, 0x3, 0x3a, 0x50, 0x1, 0x3d,
    0x0, 0x39, 0xeb, 0x4, 0x0, 0xb7, 0x4a, 0x1,
    0x14, 0x1f, 0xfd, 0xd9, 0x5, 0x68, 0x0, 0x2e,
    0xfe, 0xf8, 0x86, 0xeb, 0x35, 0x80, 0x21, 0x10,
    0x3, 0xb8, 0x1, 0x19, 0x0, 0x5f, 0xf9, 0x9f,
    0xff, 0x8, 0x5, 0xff, 0x99, 0xff, 0xf0, 0x80,
    0x7f, 0xf0, 0xca, 0xab, 0x91, 0x6a, 0xb8, 0x8f,
    0xff, 0xa2, 0x1f, 0xfc, 0x60,

    /* U+81F4 "致" */
    0x0, 0xfd, 0xc, 0x1, 0x93, 0xff, 0xc0, 0x84,
    0x1, 0x93, 0xd6, 0x3f, 0xe0, 0x35, 0x0, 0xe3,
    0x77, 0x34, 0x82, 0x87, 0x7f, 0xc8, 0x3d, 0x48,
    0xc, 0x7e, 0xbf, 0xe2, 0xb4, 0x13, 0xbf, 0xf3,
    0x7a, 0xb8, 0x0, 0x94, 0x1, 0xd8, 0x7b, 0x2a,
    0xc0, 0x46, 0x42, 0x0, 0x22, 0x19, 0x8a, 0xa1,
    0x55, 0x6a, 0x0, 0x1e, 0xe2, 0x4f, 0x48, 0xd4,
    0xb5, 0x80, 0x7, 0x30, 0xb1, 0x94, 0x4, 0x51,
    0x80, 0x78, 0x51, 0xc1, 0xc, 0xe0, 0x1, 0xd6,
    0x2c, 0xff, 0x9a, 0xed, 0x3a, 0x60, 0xd, 0x8e,
    0xe5, 0x84, 0x62, 0x34, 0x61, 0x99, 0xd0, 0x40,
    0x13, 0xc6, 0x0, 0x6e, 0x30,

    /* U+820D "舍" */
    0x0, 0xf3, 0xa8, 0x7, 0xfd, 0x15, 0x4, 0x1,
    0xf8, 0x6c, 0xb6, 0x71, 0xc0, 0x3c, 0xfc, 0x52,
    0x6f, 0x73, 0xac, 0x0, 0x4e, 0xd7, 0x28, 0xcf,
    0xe5, 0xba, 0xe1, 0x4c, 0xa8, 0xbb, 0x1c, 0xdd,
    0x9b, 0x3c, 0x43, 0xbf, 0xf1, 0xd7, 0xfe, 0x70,
    0x6, 0x7f, 0xe3, 0xaf, 0xfc, 0xc0, 0x11, 0x3b,
    0xc5, 0xee, 0xf1, 0x80, 0x64, 0xa0, 0x4, 0xe8,
    0x2, 0x90, 0x3, 0x9d, 0xff, 0x0, 0x79, 0x2e,
    0xfc, 0x80, 0x1e, 0x5f, 0xff, 0x28, 0x7, 0x35,
    0xa2, 0x7a, 0xdc, 0x0,

    /* U+822A "航" */
    0x0, 0x98, 0x80, 0x23, 0x60, 0xf, 0xa0, 0xc0,
    0x22, 0x91, 0x0, 0xcb, 0xe3, 0x9a, 0x46, 0x48,
    0xc6, 0x61, 0x3, 0x7d, 0xd1, 0xd4, 0x40, 0x32,
    0x20, 0x80, 0x14, 0x88, 0x45, 0x4d, 0x52, 0x6d,
    0x40, 0x28, 0x30, 0x4, 0x7d, 0x53, 0x40, 0xb,
    0x2f, 0xb8, 0x1, 0x5d, 0xc0, 0x12, 0xcb, 0xef,
    0x0, 0x7f, 0x87, 0xfc, 0x20, 0x1f, 0xef, 0x19,
    0x60, 0x1, 0x90, 0x7, 0x88, 0x8a, 0xe0, 0x7,
    0x60, 0xd, 0x0, 0x8a, 0x1, 0x18, 0x10, 0x6,
    0x24, 0x51, 0x5e, 0x58, 0x90, 0x8, 0xfb, 0x12,
    0xc1, 0x7a, 0xec, 0x80, 0x16, 0x73, 0x0,

    /* U+8272 "色" */
    0x0, 0xff, 0xe3, 0x1e, 0x0, 0x7f, 0xf0, 0x38,
    0xb3, 0x2a, 0x0, 0xfa, 0xdf, 0x7f, 0xc1, 0xa0,
    0x1c, 0x38, 0x14, 0x66, 0x57, 0x70, 0x6, 0x2f,
    0x34, 0xff, 0xa5, 0x3f, 0xe0, 0x1, 0x42, 0xcf,
    0xfb, 0x47, 0xfe, 0x0, 0xcc, 0x1, 0xff, 0xc3,
    0xaa, 0xa4, 0x6a, 0xa0, 0xf, 0x36, 0x63, 0x67,
    0x32, 0x0, 0xf6, 0x33, 0x7d, 0xe4, 0x1, 0xff,
    0xc1, 0x86, 0x0, 0x1f, 0x0, 0x7c, 0x28, 0xa0,
    0xb, 0x4f, 0xff, 0xb9, 0xcc,

    /* U+8282 "节" */
    0x0, 0xde, 0x40, 0x2, 0xf0, 0xf, 0xfe, 0x31,
    0xff, 0xc1, 0xbf, 0xed, 0xf, 0xf8, 0xcd, 0xff,
    0x6, 0xff, 0xb4, 0x3f, 0xe3, 0x0, 0xce, 0x60,
    0x3, 0x70, 0xe, 0x69, 0x90, 0xc4, 0xca, 0x6,
    0xa4, 0x2, 0x5f, 0xf9, 0xbb, 0xfe, 0x27, 0x0,
    0x8d, 0x9a, 0x5, 0x66, 0xac, 0x3, 0xff, 0xb7,
    0x3f, 0x8a, 0x1, 0xfe, 0x9e, 0xe5, 0x80, 0x7f,
    0xc2, 0x20, 0x8,

    /* U+82AF "芯" */
    0x0, 0xde, 0x1, 0xf, 0x80, 0x7f, 0xf1, 0x87,
    0xfe, 0xf, 0xfb, 0x83, 0xfe, 0x11, 0x77, 0x41,
    0xdd, 0x68, 0x77, 0x42, 0x2, 0x33, 0xc, 0x99,
    0x30, 0x8c, 0x1, 0xd2, 0x1f, 0x21, 0x20, 0x1f,
    0xa0, 0x5d, 0x4c, 0x3, 0xec, 0x6, 0x30, 0x98,
    0x1, 0xe0, 0x8, 0xc4, 0x3, 0x34, 0x0, 0xab,
    0x0, 0x2d, 0x40, 0x30, 0x98, 0x3, 0xa8, 0x0,
    0xf4, 0x1, 0xe3, 0xb5, 0x31, 0x36, 0x20, 0x0,
    0x80, 0x48, 0x20, 0xe6, 0x69, 0x0, 0x3e, 0x7f,
    0xd3, 0x20, 0x82,

    /* U+82E5 "若" */
    0x0, 0xde, 0x1, 0xf, 0x80, 0x71, 0x9c, 0x6,
    0x72, 0x81, 0x9c, 0x3, 0xff, 0x7, 0xfd, 0x21,
    0xff, 0x10, 0xe6, 0x41, 0xb1, 0x98, 0xc, 0xc8,
    0x80, 0x36, 0x24, 0x0, 0xe8, 0x6, 0x1f, 0xfb,
    0x28, 0xff, 0xdb, 0xff, 0x30, 0xff, 0xd4, 0x7f,
    0xff, 0x30, 0x4, 0x57, 0xc0, 0x1f, 0xe2, 0xf1,
    0xdf, 0xff, 0x0, 0x4b, 0x8e, 0xbf, 0xfe, 0x0,
    0x87, 0xb3, 0x0, 0x1f, 0xe1, 0xb2, 0x4, 0xbb,
    0xf0, 0x7, 0xcb, 0x11, 0xe0, 0xf, 0x35, 0x99,
    0xfb, 0xc0, 0x0,

    /* U+82F1 "英" */
    0x0, 0x92, 0xc0, 0x22, 0xe0, 0xe, 0x44, 0x1b,
    0xa2, 0x4e, 0x28, 0x83, 0x0, 0x7f, 0xac, 0xbf,
    0xe9, 0xf, 0xf4, 0x80, 0x2e, 0xd0, 0xb6, 0x55,
    0xc3, 0x76, 0xa0, 0xc, 0x92, 0xe, 0x65, 0x80,
    0x1e, 0xee, 0x67, 0xe, 0xf6, 0x7e, 0x0, 0x77,
    0xf7, 0x7, 0x7b, 0x96, 0x1, 0xfc, 0x20, 0x1f,
    0x2f, 0xf, 0xf7, 0x3, 0x3b, 0x94, 0x7c, 0x6b,
    0xfd, 0xfe, 0x72, 0x1d, 0xff, 0x77, 0x98, 0x8,
    0xce, 0xdd, 0x1c, 0x62, 0x30, 0x4, 0xb9, 0x18,
    0x6f, 0x5b, 0x26, 0x0, 0x3f, 0x9a, 0xe3, 0x0,
    0x3f, 0xf, 0x79, 0x9b, 0xf1, 0x80, 0x38, 0x63,
    0x7c, 0xc0,

    /* U+8303 "范" */
    0x0, 0xde, 0x1, 0xf, 0x80, 0x62, 0xcc, 0x83,
    0x32, 0xd0, 0xcc, 0x88, 0x9f, 0xe8, 0x8, 0xff,
    0x40, 0x7f, 0xc4, 0x6, 0x28, 0xc8, 0x66, 0x46,
    0x33, 0x80, 0x3, 0xf3, 0x7, 0xb9, 0x85, 0xcd,
    0x20, 0x0, 0xe8, 0xcb, 0x87, 0xfe, 0x31, 0x0,
    0x39, 0x44, 0x0, 0x6, 0x7c, 0x1, 0xb2, 0x40,
    0x3f, 0xe7, 0xea, 0x30, 0x8, 0x7b, 0xc0, 0x80,
    0x32, 0xf8, 0x4, 0x3d, 0xfa, 0x20, 0x12, 0x47,
    0x0, 0x7d, 0x28, 0x7, 0x74, 0x4e, 0x60, 0x1c,
    0x80, 0x8, 0x94, 0x3, 0x2f, 0xfe, 0x14, 0xb,
    0x60, 0xb, 0x3f, 0xfb, 0x0,

    /* U+8304 "茄" */
    0x0, 0xde, 0x1, 0xf, 0x0, 0x72, 0x24, 0x8,
    0x98, 0x11, 0x20, 0x1f, 0xf8, 0x3f, 0xee, 0x1f,
    0xf8, 0x86, 0xe8, 0x82, 0xee, 0xa1, 0xbb, 0x88,
    0x0, 0x69, 0xa0, 0x11, 0x59, 0x98, 0x40, 0xb7,
    0xcb, 0xf6, 0xb, 0x3e, 0x7a, 0x40, 0xbe, 0xcf,
    0xe8, 0x80, 0xaa, 0x8a, 0x1, 0x10, 0x31, 0x8,
    0x7, 0xfb, 0xb4, 0x0, 0x60, 0x1f, 0xc8, 0x60,
    0x22, 0x0, 0xfc, 0x44, 0x40, 0xef, 0x0, 0xfd,
    0xc, 0x0, 0x22, 0x1, 0x77, 0x1c, 0x0, 0x6d,
    0x9, 0xaa, 0x80, 0x5d, 0xc7, 0x0, 0x1e, 0x2,
    0x67, 0x9, 0x68, 0x2, 0x20, 0x0,

    /* U+8350 "荐" */
    0x0, 0xff, 0xe3, 0x78, 0x6, 0xf0, 0xc, 0x7d,
    0xd0, 0x77, 0x60, 0xee, 0x8c, 0xdd, 0xcf, 0xa,
    0xfe, 0xe0, 0x7f, 0x70, 0xc0, 0x21, 0xbb, 0x0,
    0x58, 0x20, 0x11, 0x7f, 0xd6, 0x1d, 0xfe, 0xcf,
    0xf8, 0x4b, 0xfd, 0x83, 0xdf, 0xff, 0x8, 0x0,
    0x76, 0x8f, 0x77, 0xc2, 0x0, 0x1c, 0x24, 0x2d,
    0xda, 0xc2, 0x44, 0xf, 0xd8, 0x3, 0x9a, 0xb5,
    0x0, 0x3, 0x10, 0x3, 0xee, 0xa4, 0xfb, 0xa4,
    0x26, 0x0, 0x1f, 0x75, 0x2b, 0xdd, 0x20, 0x7,
    0xff, 0x20, 0xba, 0x30, 0x3, 0xc7, 0x80, 0x2,
    0xee, 0x30, 0x6,

    /* U+83B7 "获" */
    0x0, 0xda, 0xe0, 0x17, 0x8, 0x4, 0x3d, 0xd1,
    0x47, 0x74, 0x3f, 0xdc, 0x21, 0xff, 0x89, 0xff,
    0xe0, 0xcf, 0xf1, 0x2, 0xa0, 0xdd, 0x8, 0x8d,
    0xc4, 0x60, 0x2, 0xcc, 0xa0, 0x40, 0xc, 0x6b,
    0x82, 0x0, 0x37, 0x6a, 0x30, 0xc, 0xd2, 0xa0,
    0x5f, 0xcf, 0x91, 0xfe, 0xb4, 0xfa, 0xb2, 0x26,
    0xa8, 0x9c, 0x7f, 0xa0, 0x7f, 0xe2, 0x0, 0x42,
    0x30, 0x5, 0x80, 0x60, 0x11, 0x61, 0x78, 0x4,
    0x69, 0x70, 0x1, 0x14, 0x50, 0x88, 0x1, 0xd0,
    0xae, 0xa0, 0x12, 0x2, 0x28, 0xe3, 0x38, 0x75,
    0xa8, 0x1, 0x3a, 0xa9, 0xad, 0x60, 0x2, 0xd8,
    0x10, 0x4e, 0xd3, 0xca, 0x0, 0xc7, 0xa2,

    /* U+83DC "菜" */
    0x0, 0xdc, 0x40, 0x2, 0xe0, 0xc, 0x5f, 0xf0,
    0xef, 0xfb, 0x47, 0xfe, 0x32, 0xff, 0x87, 0x7f,
    0xda, 0x3f, 0xf1, 0x80, 0x4, 0xad, 0x95, 0xa9,
    0x33, 0x0, 0x14, 0x67, 0x75, 0xfd, 0xcf, 0xef,
    0x0, 0xa1, 0xfa, 0xe5, 0xe1, 0x94, 0x34, 0x80,
    0x2c, 0xe0, 0x37, 0x20, 0x7, 0x59, 0x0, 0x4d,
    0xe0, 0x7, 0x60, 0x4, 0xa8, 0x0, 0xfb, 0x9b,
    0xdc, 0x2b, 0xee, 0x5f, 0x71, 0xf, 0xba, 0xb0,
    0x13, 0x5f, 0xee, 0x90, 0x0, 0x33, 0x18, 0x71,
    0x9e, 0xe0, 0x11, 0x4f, 0x6, 0x90, 0x1, 0xf3,
    0x1f, 0x24, 0x61, 0xb2, 0x1, 0xc5, 0x7b, 0xc4,

    /* U+843D "落" */
    0x0, 0xde, 0x1, 0xf, 0x0, 0x62, 0xff, 0x83,
    0xfe, 0xe1, 0xff, 0x8c, 0xbf, 0xe0, 0xff, 0x6e,
    0x87, 0xfe, 0x30, 0x3c, 0x2d, 0x3, 0xc3, 0xc0,
    0xe, 0x3a, 0xc1, 0x17, 0x1e, 0x7e, 0xf9, 0x80,
    0x4d, 0x83, 0xa2, 0xfb, 0xa7, 0x53, 0x2, 0xd6,
    0x2a, 0xa6, 0x16, 0xe8, 0xa8, 0x0, 0x5f, 0x4b,
    0xc, 0x64, 0x2, 0x88, 0x0, 0x8b, 0x15, 0xb7,
    0xfd, 0xb9, 0x1f, 0xca, 0x1, 0x6a, 0xd1, 0xc6,
    0xea, 0x53, 0x54, 0x1, 0x48, 0x64, 0xbb, 0xb8,
    0x48, 0x1, 0xd, 0x20, 0x1, 0x1f, 0x0, 0x47,
    0xa0, 0x12, 0xd5, 0x60, 0x8,

    /* U+8457 "著" */
    0x0, 0xde, 0x1, 0xf, 0x0, 0x62, 0xff, 0x83,
    0xfe, 0xe1, 0xff, 0x88, 0x9f, 0xf0, 0x77, 0xfb,
    0x87, 0xfe, 0x20, 0xd, 0xed, 0x20, 0x3c, 0x38,
    0x60, 0x17, 0x75, 0xd, 0xdc, 0xfc, 0x43, 0x0,
    0xbb, 0xa8, 0x6e, 0x81, 0xb8, 0x0, 0x17, 0xfe,
    0x86, 0xf9, 0x19, 0xff, 0x19, 0x7f, 0xd6, 0x85,
    0x5f, 0xfc, 0x60, 0x93, 0xd4, 0xc1, 0x1b, 0xb7,
    0x0, 0xe, 0x45, 0xdd, 0xbb, 0xde, 0x1, 0x1e,
    0xc7, 0x3d, 0xdf, 0x70, 0x7, 0xcf, 0x77, 0xdc,
    0x1, 0xf3, 0x6e, 0xf6, 0x0, 0x40,

    /* U+84DD "蓝" */
    0x0, 0xdc, 0x20, 0x17, 0x88, 0x4, 0x5d, 0xd0,
    0xff, 0x74, 0x1f, 0xdc, 0x32, 0xee, 0x8f, 0xfb,
    0xa2, 0xee, 0x8c, 0x3, 0x4a, 0x0, 0x37, 0x0,
    0x38, 0x78, 0x37, 0x40, 0x65, 0x13, 0x26, 0x0,
    0xfd, 0x2c, 0x3d, 0x84, 0x1, 0xf1, 0xa4, 0xed,
    0xaa, 0x0, 0x7c, 0x34, 0xa, 0xec, 0x1, 0xf,
    0x8e, 0x60, 0xd4, 0x45, 0xa, 0x1, 0xab, 0x22,
    0xf7, 0x5d, 0xbf, 0x80, 0x1d, 0x38, 0x5b, 0x83,
    0x98, 0x0, 0x85, 0x5c, 0xd4, 0xd1, 0x45, 0x54,
    0xa, 0x49, 0x47, 0x14, 0x35, 0x40, 0xaa, 0x5,
    0x50,

    /* U+853D "蔽" */
    0x0, 0xd4, 0x80, 0x1, 0xe0, 0xc, 0x7d, 0xd2,
    0xdf, 0x74, 0x3d, 0xd2, 0x1f, 0x74, 0xd7, 0xdd,
    0xf, 0x74, 0x80, 0x80, 0x24, 0x88, 0x11, 0x28,
    0x7, 0x65, 0x3, 0x4, 0x8a, 0x38, 0x8c, 0x0,
    0x86, 0x30, 0x4b, 0xe, 0x2c, 0xfe, 0x40, 0xd1,
    0xf2, 0x98, 0x75, 0xbd, 0x96, 0x40, 0x6, 0xf2,
    0x73, 0xc2, 0xf8, 0x5e, 0x80, 0x46, 0x81, 0x41,
    0x14, 0xea, 0x28, 0x1, 0x29, 0x80, 0x81, 0x85,
    0xd4, 0x0, 0x6c, 0x50, 0xc0, 0xb, 0xc0, 0x80,
    0x35, 0x8, 0x20, 0xd, 0x2e, 0xd4, 0x0, 0x79,
    0x93, 0xcf, 0xb, 0xd, 0x43, 0x40, 0x16, 0xdb,
    0x52, 0x0, 0x1b, 0x50,

    /* U+8651 "虑" */
    0x0, 0xf4, 0x38, 0x7, 0xff, 0x6, 0x3b, 0xb1,
    0x0, 0x7e, 0x8e, 0xec, 0x40, 0x2, 0xdd, 0xcd,
    0x3b, 0xbb, 0x0, 0x2, 0x1d, 0xd2, 0x37, 0x75,
    0x40, 0x1c, 0x2c, 0x8c, 0x91, 0xf0, 0x70, 0x1,
    0x84, 0xc9, 0x92, 0xf2, 0xd3, 0xc0, 0x21, 0x36,
    0x5e, 0x5d, 0xdc, 0x40, 0x7, 0x70, 0x4, 0x97,
    0xfb, 0xb4, 0x80, 0x8, 0x41, 0xc5, 0xd3, 0xd0,
    0x68, 0x2, 0xfd, 0x3b, 0x9, 0x2c, 0x11, 0x1c,
    0x80, 0x1d, 0x3e, 0x0, 0x21, 0x5b, 0xb2, 0x19,
    0x88, 0xe5, 0x4, 0xf7, 0x67, 0x2e, 0x23, 0xc0,
    0x50, 0x6, 0xee, 0xc0, 0x31,

    /* U+884C "行" */
    0x0, 0x99, 0xc0, 0x3f, 0xe5, 0x85, 0xd, 0xff,
    0xf0, 0x83, 0x5e, 0x90, 0x6f, 0xff, 0x84, 0x57,
    0x87, 0x22, 0x1, 0xf8, 0x74, 0xa0, 0x84, 0x7f,
    0x0, 0x4a, 0xf5, 0x1d, 0xdf, 0x28, 0x2d, 0x8,
    0xa3, 0xff, 0x25, 0x7a, 0x9d, 0x50, 0x3, 0xfe,
    0x3e, 0x40, 0xf, 0xfe, 0x0, 0x80, 0x7f, 0xf8,
    0xc7, 0xfc, 0xae, 0x1, 0x87, 0x80, 0x21, 0xff,
    0x71, 0x0, 0x0,

    /* U+8861 "衡" */
    0x0, 0x42, 0x82, 0xc8, 0x7, 0xe3, 0x64, 0x9,
    0x7c, 0xb0, 0xef, 0xe0, 0x1e, 0xa1, 0x40, 0xea,
    0x10, 0xef, 0xe0, 0x5, 0x5, 0x51, 0x9e, 0xc1,
    0x40, 0x30, 0xbc, 0x10, 0x78, 0xb6, 0x4a, 0xac,
    0x20, 0xc7, 0xb, 0xd4, 0xb4, 0x27, 0x44, 0x7,
    0x0, 0x15, 0x7a, 0x73, 0x30, 0x58, 0x42, 0x4,
    0x1, 0x14, 0xf6, 0x1, 0xc6, 0xc0, 0x9, 0xae,
    0x7a, 0x90, 0xf, 0x8b, 0xfa, 0x57, 0xa0, 0x3,
    0xe2, 0xdd, 0x19, 0x45, 0x0, 0x7e, 0x2c, 0xbc,
    0x96, 0x0, 0xf8, 0x66, 0x18, 0x70, 0xb8, 0x84,
    0x0,

    /* U+8865 "补" */
    0x0, 0x3a, 0x0, 0x6e, 0x30, 0xf, 0x25, 0x8,
    0x7, 0xfc, 0x6c, 0x60, 0x1f, 0xcb, 0xdc, 0x6d,
    0xf0, 0xf, 0xcb, 0xdd, 0x33, 0x80, 0x4c, 0x1,
    0xf2, 0xa4, 0x18, 0x2, 0xec, 0x20, 0x18, 0xea,
    0x8f, 0x0, 0xd, 0x3f, 0x30, 0x2, 0x68, 0x55,
    0xd8, 0x2, 0x8b, 0xc1, 0x6a, 0xa0, 0xf0, 0xa8,
    0x6, 0x5e, 0x15, 0xc4, 0x1, 0xc3, 0x0, 0xe1,
    0x3, 0x20, 0x8, 0x58, 0x3, 0xff, 0xae,

    /* U+8868 "表" */
    0x0, 0xf1, 0x70, 0x7, 0xc3, 0x77, 0xb8, 0x6e,
    0xf8, 0x0, 0x33, 0x3a, 0x2, 0x67, 0x80, 0x23,
    0x11, 0x80, 0x2, 0x38, 0xc0, 0x25, 0x99, 0xbc,
    0x26, 0x72, 0x80, 0x4b, 0x77, 0x40, 0x5d, 0xe5,
    0x0, 0x46, 0x67, 0x7, 0xe6, 0x66, 0x8, 0xdd,
    0x60, 0xb4, 0xa6, 0xeb, 0x2d, 0x80, 0x27, 0xea,
    0x96, 0x43, 0x4f, 0x10, 0x4, 0x75, 0x8b, 0x0,
    0x2b, 0x67, 0x5c, 0x1, 0x98, 0xe0, 0xc, 0xb2,
    0x60, 0x19, 0x8, 0x41, 0xab, 0x91, 0xe3, 0x24,
    0xc0, 0x24, 0x1c, 0xfe, 0x50, 0x6e, 0x4, 0x0,
    0x9b, 0xe9, 0x40, 0x30, 0xcb, 0x80,

    /* U+8870 "衰" */
    0x0, 0xff, 0xe4, 0x62, 0x80, 0x7d, 0x55, 0xc3,
    0x75, 0x5c, 0x0, 0x99, 0xee, 0xd9, 0x9e, 0x0,
    0x19, 0x44, 0x7e, 0x23, 0x0, 0xcb, 0x55, 0xe5,
    0x30, 0x0, 0xf7, 0x8e, 0xef, 0x87, 0x38, 0x87,
    0xb0, 0x73, 0x3c, 0x39, 0xc4, 0x0, 0x31, 0xdd,
    0xf0, 0x80, 0x70, 0xff, 0x5, 0xb5, 0xef, 0xd2,
    0x0, 0x45, 0x39, 0xcd, 0x30, 0xb8, 0x28, 0x5,
    0x78, 0x20, 0x60, 0x57, 0x57, 0x20, 0x2, 0xfe,
    0x90, 0x6a, 0xd6, 0xa9, 0xa4, 0x0, 0x20, 0x21,
    0x7f, 0xb0, 0xd7, 0xf6, 0x8, 0x2, 0x5d, 0x95,
    0x10, 0x0, 0xbe, 0x10,

    /* U+88AB "被" */
    0x1, 0xa0, 0xe, 0x1e, 0x0, 0xe1, 0x64, 0x0,
    0xff, 0x86, 0x88, 0xa, 0x62, 0x3, 0x11, 0x3,
    0x7c, 0x4d, 0x32, 0x0, 0x80, 0x9, 0x41, 0xbb,
    0x8b, 0xc0, 0xd1, 0x23, 0x1a, 0xa0, 0x11, 0xb1,
    0x1b, 0x3c, 0x8b, 0xfd, 0x80, 0x7, 0x83, 0xc,
    0xd3, 0xf0, 0xc, 0xc0, 0x6, 0x90, 0xe0, 0xa1,
    0x23, 0xb0, 0x28, 0x32, 0xa4, 0xd1, 0x12, 0x60,
    0x2d, 0x80, 0xd, 0x20, 0xc, 0xdd, 0x28, 0x5b,
    0xc0, 0x7, 0xc8, 0x80, 0xc4, 0x40, 0x7, 0xcc,
    0xa7, 0x54, 0xb5, 0xc4, 0x0, 0xee, 0x8e, 0xdd,
    0x26, 0x5c, 0x8,

    /* U+88C1 "裁" */
    0x0, 0xde, 0x1, 0x4b, 0x90, 0x80, 0x42, 0x44,
    0x2, 0x20, 0x88, 0x17, 0x40, 0x26, 0xee, 0x7,
    0x71, 0xc3, 0xdd, 0x64, 0x0, 0xf9, 0x80, 0xcc,
    0x37, 0x80, 0x26, 0x80, 0xfb, 0xa0, 0xee, 0xa1,
    0xfb, 0x9a, 0x87, 0xdd, 0x2f, 0xf7, 0x29, 0x3b,
    0xf1, 0x2, 0x6a, 0x89, 0x95, 0x41, 0x70, 0x85,
    0x0, 0x54, 0xb3, 0xf7, 0x4a, 0x64, 0xec, 0x0,
    0x39, 0x1, 0x5f, 0x21, 0x17, 0x48, 0x81, 0x6b,
    0xac, 0xd3, 0x30, 0x8, 0x5c, 0x40, 0xba, 0xc0,
    0x79, 0xe1, 0xd, 0x81, 0x98, 0x7, 0xcf, 0xcb,
    0x5f, 0x54, 0x54, 0xd2, 0x0, 0x6d, 0x73, 0x95,
    0x6a, 0xd5, 0x1d, 0x0, 0xa, 0x80, 0x2, 0xd3,
    0x4, 0xed, 0x0,

    /* U+88C5 "装" */
    0x0, 0x8b, 0x40, 0x24, 0xc0, 0xe, 0x99, 0x0,
    0x7f, 0xf0, 0x24, 0xdc, 0x23, 0xb9, 0x67, 0xdd,
    0x8, 0x2, 0x98, 0x23, 0xb9, 0x67, 0xdd, 0x8,
    0x15, 0x68, 0x7, 0xf8, 0xbf, 0x30, 0x3, 0x54,
    0x82, 0xaa, 0x40, 0x16, 0xb1, 0xd0, 0x9e, 0xc5,
    0x77, 0x2c, 0x0, 0x22, 0x6, 0x10, 0xc5, 0x5c,
    0x40, 0xd, 0xdd, 0xec, 0x9b, 0xbc, 0xa1, 0x98,
    0xd4, 0x2d, 0x5b, 0xcf, 0xf, 0x50, 0x6b, 0xf4,
    0xc2, 0xba, 0xb8, 0xf3, 0x0, 0xc, 0x53, 0x8a,
    0x4f, 0xbb, 0xc0, 0x13, 0x9f, 0xa6, 0xec, 0x59,
    0x53, 0xc6, 0x1, 0x47, 0xe4, 0xa8, 0x1, 0xb7,
    0xc,

    /* U+88D5 "裕" */
    0x0, 0x19, 0x80, 0x30, 0x80, 0x88, 0x3, 0x3e,
    0x88, 0x2, 0x20, 0xf, 0xa0, 0x10, 0xab, 0x10,
    0x13, 0x40, 0x33, 0xb8, 0xf, 0xfc, 0xd8, 0xfd,
    0x3, 0xc3, 0x52, 0x27, 0xdc, 0xc1, 0x5b, 0x67,
    0x17, 0x1d, 0x10, 0xa, 0x64, 0xe, 0x33, 0x70,
    0x26, 0x1, 0x42, 0x1f, 0xe, 0xca, 0x46, 0x80,
    0x4e, 0xc1, 0x7f, 0xac, 0xe0, 0xcb, 0x82, 0xb3,
    0xa3, 0x58, 0x2b, 0xff, 0x30, 0x2a, 0xb0, 0x81,
    0x72, 0x17, 0xfe, 0x59, 0x40, 0x20, 0x8, 0xc0,
    0x3f, 0xf8, 0x62, 0x67, 0x8, 0x7, 0xf2, 0xff,
    0xca, 0x1, 0x87, 0x80, 0xb, 0xd9, 0x97, 0x28,
    0x0,

    /* U+8981 "要" */
    0xc, 0xcb, 0x7f, 0x31, 0xf9, 0x98, 0x1, 0x99,
    0x71, 0xe6, 0x3, 0x73, 0x20, 0x2, 0xff, 0x69,
    0xf7, 0x3, 0xfb, 0xd8, 0x2, 0x5e, 0xd3, 0xee,
    0x7, 0xf3, 0x0, 0x66, 0x5b, 0x15, 0x50, 0x3a,
    0xa8, 0x2, 0x74, 0xd0, 0x7, 0xeb, 0xf6, 0xa2,
    0x80, 0xa, 0x21, 0x45, 0x71, 0x1c, 0x60, 0x3f,
    0xf6, 0x87, 0x7f, 0xf9, 0x87, 0xfd, 0x27, 0xff,
    0x70, 0xe7, 0xf9, 0x80, 0x5, 0x3, 0xa, 0x99,
    0x26, 0x1, 0xc5, 0xdc, 0x3a, 0xb2, 0xe5, 0x0,
    0xd5, 0x9d, 0xc2, 0xbf, 0xef, 0xef, 0x70, 0x4,
    0x77, 0x36, 0x50, 0x5, 0xaf, 0x98, 0x0,

    /* U+8986 "覆" */
    0x6, 0x77, 0xbd, 0xdd, 0xf0, 0xef, 0x0, 0x12,
    0xf3, 0x1, 0x98, 0x3, 0xcc, 0x8, 0x6, 0xbb,
    0x5, 0xd8, 0x6a, 0xfb, 0x80, 0x3, 0x7d, 0xb4,
    0xeb, 0x5a, 0xbe, 0xe0, 0x0, 0x78, 0x2a, 0x5,
    0xdf, 0xb0, 0x1, 0x3d, 0xf, 0xa8, 0x9e, 0xb0,
    0x5, 0x4c, 0xc, 0x30, 0x6, 0x52, 0x0, 0xe,
    0x2b, 0xb8, 0x37, 0x70, 0x80, 0x7, 0x14, 0x0,
    0x35, 0x64, 0x0, 0x92, 0x1, 0xed, 0x0, 0x3c,
    0x16, 0xfc, 0x40, 0x40, 0x38, 0x89, 0xcc, 0x0,
    0x6c, 0x0, 0xf0, 0xf5, 0x1e, 0x79, 0x55, 0x90,
    0x1, 0xa0, 0xee, 0xd2, 0xcb, 0x37, 0x62,

    /* U+89C1 "见" */
    0x0, 0x27, 0xff, 0xee, 0x0, 0xe2, 0xee, 0xf5,
    0x80, 0x78, 0x46, 0x26, 0x11, 0x38, 0x7, 0xf3,
    0x60, 0x7, 0xff, 0x0, 0xc4, 0x3, 0xff, 0x80,
    0x26, 0x1, 0xff, 0xc0, 0xd1, 0x20, 0xf, 0xf9,
    0xca, 0x0, 0x3e, 0x4c, 0x5, 0x3c, 0x0, 0x1f,
    0x8, 0x7, 0x15, 0xd8, 0x3, 0x96, 0x80, 0x2,
    0xfb, 0x2a, 0x2, 0x1, 0x19, 0x5, 0x76, 0xe3,
    0x82, 0x2f, 0xfd, 0x36, 0x11, 0xd4, 0x60, 0x2,
    0xef, 0xfb, 0x8c,

    /* U+89C2 "观" */
    0x4e, 0xeb, 0xdb, 0x3f, 0xfb, 0x1, 0x3f, 0xe7,
    0x10, 0xcf, 0xdf, 0xc0, 0x9, 0x44, 0x44, 0x60,
    0x1, 0xc0, 0xe, 0x93, 0x7, 0x50, 0xf, 0xe9,
    0xe2, 0x1, 0x0, 0xfe, 0x47, 0xf4, 0x0, 0xc6,
    0x1, 0xeb, 0x2d, 0x0, 0x89, 0x80, 0x3c, 0x41,
    0xa1, 0x24, 0x8c, 0xc2, 0x90, 0xa, 0x20, 0xe2,
    0xa3, 0x49, 0xe2, 0xa0, 0x6, 0x63, 0xb9, 0x2,
    0x53, 0x80, 0x5, 0x47, 0x3c, 0x12, 0xb0, 0xb2,
    0x1, 0x31, 0x95, 0x18, 0x2, 0xcb, 0x0, 0xdf,
    0x27, 0x45, 0x40, 0x2a, 0xa0, 0x1, 0x3b, 0x35,
    0x0,

    /* U+89C4 "规" */
    0x0, 0xbc, 0x3, 0xff, 0x88, 0x3f, 0xdd, 0x7f,
    0x0, 0xd, 0x0, 0xcc, 0x3, 0xdd, 0x60, 0x5,
    0xf0, 0x1f, 0x20, 0x15, 0x0, 0x76, 0x60, 0x32,
    0x80, 0x24, 0x10, 0xe, 0x10, 0xf, 0xf9, 0x7f,
    0x83, 0xfc, 0x60, 0x10, 0x80, 0x4b, 0xfa, 0x3f,
    0xe3, 0x0, 0x8, 0x7, 0x9c, 0x60, 0x6, 0xc,
    0x20, 0xa0, 0x2, 0xc8, 0x46, 0x6, 0x92, 0x11,
    0x30, 0x4, 0xeb, 0xd6, 0x8, 0x8a, 0x0, 0x15,
    0x4, 0xa1, 0x13, 0x52, 0xb4, 0x2, 0x63, 0x24,
    0xb0, 0x3, 0x4e, 0x99, 0x9f, 0x6b, 0x4b, 0x44,
    0x0, 0xda, 0x60, 0x9d, 0xbc, 0x80,

    /* U+89C6 "视" */
    0x0, 0x1a, 0x80, 0x7f, 0xf0, 0x6, 0xcc, 0x13,
    0xfb, 0xb8, 0x0, 0x40, 0xcc, 0x10, 0x3e, 0xeb,
    0x0, 0x3, 0xfe, 0x5b, 0xd0, 0xb, 0x4, 0x2,
    0x1d, 0xd8, 0xe4, 0x2, 0x20, 0xf, 0xa1, 0x94,
    0x3, 0xfc, 0xce, 0x60, 0x18, 0x44, 0x1, 0x9e,
    0x45, 0x18, 0x3, 0xf1, 0xd5, 0x86, 0xe9, 0xa5,
    0x1, 0x8e, 0x0, 0xf5, 0x80, 0x6c, 0x97, 0x8b,
    0x85, 0x80, 0x3f, 0x2b, 0xd0, 0x0, 0xa8, 0x3,
    0xcb, 0x1e, 0x1, 0x31, 0x80, 0x72, 0xf6, 0x11,
    0xb6, 0x4e, 0x80, 0xb, 0x81, 0x6c, 0x41, 0x3b,
    0x35, 0x0,

    /* U+89C8 "览" */
    0x0, 0xff, 0xe2, 0xf, 0x0, 0x22, 0x0, 0x18,
    0xb4, 0x3, 0x97, 0x44, 0x60, 0xf, 0x8c, 0xa3,
    0x32, 0x70, 0xf, 0x44, 0x3d, 0xb3, 0x5c, 0x4,
    0x2, 0x10, 0x72, 0xec, 0x0, 0x16, 0x0, 0xf0,
    0xd8, 0x1, 0x70, 0x3, 0x7f, 0xff, 0x0, 0x77,
    0x7f, 0x4f, 0xfb, 0x0, 0x3f, 0x14, 0x0, 0x7f,
    0xcc, 0xa, 0x1, 0xf4, 0x9, 0x5b, 0x58, 0x15,
    0x88, 0x4, 0x93, 0x91, 0x40, 0x1, 0x56, 0x86,
    0xef, 0xf7, 0x31, 0x1f, 0x75, 0x36, 0xdd, 0x8c,
    0x1, 0x6f, 0x76, 0x30,

    /* U+89E3 "解" */
    0x0, 0x1b, 0x80, 0x7f, 0xf0, 0x2a, 0x6e, 0x81,
    0xe7, 0xea, 0x7c, 0x40, 0x5f, 0x3c, 0x41, 0xec,
    0x6a, 0x40, 0x42, 0xd0, 0x74, 0xc4, 0x21, 0xc0,
    0x44, 0x6, 0xa0, 0x88, 0x18, 0xa4, 0x89, 0xc7,
    0x3, 0x8d, 0x66, 0x68, 0x6d, 0x8e, 0x62, 0x40,
    0x3, 0x70, 0xbc, 0xf, 0x61, 0x42, 0x1, 0x97,
    0x4b, 0x41, 0x87, 0x83, 0xb8, 0x20, 0x22, 0x70,
    0x10, 0xde, 0xe0, 0x77, 0x4, 0x3c, 0xe8, 0xb4,
    0xa, 0xac, 0x2e, 0xca, 0x5, 0x10, 0x5f, 0xb,
    0x88, 0x4, 0x41, 0x1, 0xcc, 0x3, 0x11, 0x98,
    0xc, 0xc2, 0x68, 0x3, 0xb5, 0xe0, 0x1f, 0x1c,
    0x80, 0x1b, 0x98, 0x2, 0xf0, 0x8,

    /* U+89E6 "触" */
    0x0, 0xff, 0xe2, 0x25, 0x80, 0x76, 0x20, 0x7,
    0x72, 0xdd, 0x0, 0x7f, 0xa, 0x67, 0x88, 0x8,
    0xf8, 0x1, 0x8, 0x3b, 0x83, 0xf8, 0x51, 0x9e,
    0x6, 0xcc, 0x87, 0xc6, 0xd, 0x4e, 0xd0, 0x1,
    0xb5, 0x4a, 0x78, 0x7, 0xf7, 0x47, 0xa4, 0x80,
    0x7f, 0xa3, 0xd2, 0x40, 0x18, 0xbf, 0x80, 0x1f,
    0xd5, 0x26, 0x93, 0x40, 0xf, 0x8f, 0x5a, 0x4,
    0x51, 0xc3, 0x70, 0x1, 0x6f, 0xad, 0x0, 0x72,
    0xc0, 0x1, 0xcc, 0x2, 0xe6, 0x82, 0xad, 0x42,
    0x37, 0x0, 0xa7, 0xb3, 0xeb, 0x3a, 0x54, 0xe8,
    0xa, 0xb5, 0xe9, 0xd0, 0x81, 0x9c,

    /* U+8A00 "言" */
    0x0, 0xf6, 0x98, 0x7, 0xff, 0x2, 0x34, 0x3,
    0xc3, 0xdd, 0xd6, 0x3d, 0xdc, 0xc3, 0xdd, 0xef,
    0xee, 0xe6, 0x0, 0x16, 0xef, 0xe3, 0x0, 0xc5,
    0x99, 0xf8, 0xc0, 0x31, 0x55, 0x7e, 0x20, 0xc,
    0x53, 0x3f, 0x88, 0x3, 0x8c, 0xff, 0x0, 0x72,
    0xf6, 0x67, 0xb9, 0x80, 0x39, 0x37, 0x7c, 0xa0,
    0x1f, 0x11, 0x78, 0x40, 0x3c, 0xb3, 0x3e, 0x50,
    0xe, 0x5e, 0xbb, 0xf7, 0x30, 0x0,

    /* U+8B66 "警" */
    0x0, 0x4a, 0x96, 0x0, 0xe, 0x0, 0x31, 0x5b,
    0xcc, 0x8e, 0xd2, 0x17, 0x32, 0x32, 0x81, 0x71,
    0x23, 0xc4, 0x9c, 0xf, 0x32, 0xd4, 0x22, 0x79,
    0xfe, 0xcb, 0xb8, 0xc0, 0x9b, 0x65, 0x18, 0x5c,
    0xda, 0x38, 0x2, 0xda, 0x97, 0x82, 0x6c, 0xdd,
    0x76, 0x90, 0xc, 0x6f, 0x51, 0xe4, 0x93, 0x7d,
    0x90, 0x19, 0xc4, 0x39, 0xa6, 0x78, 0x40, 0xe,
    0x9b, 0xbf, 0x91, 0xc0, 0x21, 0x33, 0xfc, 0x1,
    0xcc, 0x67, 0xf9, 0xc0, 0x31, 0x1d, 0x57, 0x88,
    0xc0, 0x39, 0x2a, 0xbc, 0xa0, 0x1c, 0xdb, 0x55,
    0xed, 0x70, 0x0,

    /* U+8BA1 "计" */
    0x0, 0x39, 0x0, 0x61, 0xf0, 0xf, 0x16, 0x18,
    0x7, 0xfc, 0xb1, 0xe0, 0x1f, 0xfc, 0x6, 0xc0,
    0xf, 0xe1, 0x66, 0x38, 0x8, 0xc4, 0x2, 0x30,
    0x1e, 0x62, 0x6, 0xfb, 0x98, 0x1d, 0xd4, 0x15,
    0x50, 0x1, 0x5f, 0xee, 0xf, 0xfa, 0x0, 0x3f,
    0xfa, 0xaa, 0x1, 0xff, 0xc0, 0xde, 0x0, 0xff,
    0x30, 0x5d, 0x80, 0x3f, 0xcb, 0x8e, 0x1, 0xfc,

    /* U+8BA2 "订" */
    0x0, 0x8, 0x7, 0xff, 0x0, 0xbc, 0x80, 0x95,
    0x7e, 0x20, 0x2b, 0xc2, 0x7e, 0xed, 0x5d, 0xc6,
    0x0, 0x2c, 0x1a, 0xdd, 0xd2, 0x17, 0x64, 0x2,
    0x22, 0x88, 0x7, 0xf2, 0x7f, 0xb0, 0x40, 0x3f,
    0x93, 0x74, 0x20, 0x1f, 0xfd, 0xf4, 0x20, 0xf,
    0xfa, 0xa4, 0x3, 0xfc, 0x82, 0x7a, 0x42, 0x30,
    0x7, 0xd9, 0x0, 0x8, 0xec, 0x60, 0xe, 0x43,
    0x0, 0xa7, 0xfd, 0x20, 0x10,

    /* U+8BA4 "认" */
    0x0, 0x30, 0x80, 0x64, 0xc0, 0xf, 0x76, 0x8,
    0x7, 0xfd, 0x9, 0x60, 0x1f, 0xfc, 0x9, 0xb0,
    0xc, 0xe0, 0x1c, 0x44, 0x31, 0x0, 0x84, 0x3,
    0x93, 0xfd, 0x80, 0x18, 0x98, 0x3, 0x26, 0xe8,
    0x3, 0xb8, 0x80, 0x3f, 0xf8, 0xa, 0x8, 0x1,
    0xff, 0x1c, 0x68, 0x7, 0xe4, 0x5, 0x37, 0x70,
    0x80, 0x7a, 0xfc, 0x22, 0x41, 0xe0, 0x3, 0x28,
    0x65, 0xc8, 0xa8, 0x43, 0xa8, 0x6, 0xc7, 0x72,
    0x68, 0x0, 0x76, 0xd0, 0x0, 0xa6, 0xf, 0x82,
    0x1, 0x1f, 0xa0,

    /* U+8BA9 "让" */
    0x0, 0x41, 0x0, 0x66, 0xb0, 0xf, 0x6e, 0x18,
    0x7, 0xfc, 0xb1, 0xe0, 0x1f, 0xfc, 0x6, 0xd0,
    0xf, 0xf2, 0x21, 0x44, 0x3, 0x84, 0x40, 0x2,
    0xff, 0x50, 0x7, 0x27, 0x72, 0xc0, 0xae, 0xc0,
    0x1e, 0x4f, 0xf5, 0x80, 0x7f, 0xf5, 0x9c, 0x3,
    0xff, 0x81, 0xbc, 0x1, 0xfe, 0x71, 0x9f, 0x88,
    0x6b, 0x44, 0x4c, 0x0, 0x3f, 0x40, 0x8, 0xd4,
    0x3, 0x0,

    /* U+8BAE "议" */
    0x0, 0xfc, 0x20, 0x1f, 0x69, 0x81, 0x98, 0x3c,
    0x80, 0xa0, 0x2, 0x9d, 0x15, 0xa0, 0x98, 0x7,
    0x30, 0x9, 0x28, 0x55, 0x1, 0x9c, 0x30, 0xc0,
    0x4, 0x47, 0x3, 0x30, 0x8b, 0x41, 0x30, 0x7,
    0xf3, 0x80, 0x8, 0xe0, 0x1, 0x24, 0x1, 0xdc,
    0x0, 0xba, 0xc0, 0xc, 0xa0, 0x1f, 0x90, 0x10,
    0x26, 0x40, 0x1f, 0xd7, 0x32, 0x53, 0x0, 0xfe,
    0x61, 0x6a, 0x0, 0xf1, 0xc5, 0x82, 0x18, 0xc8,
    0x7, 0x38, 0x95, 0x3d, 0x5e, 0x2d, 0x90, 0x4,
    0x53, 0x19, 0x78, 0x85, 0xa5, 0xae, 0x0, 0x76,
    0x29, 0xc2, 0x0, 0xa7, 0x98,

    /* U+8BB0 "记" */
    0x0, 0x28, 0x7, 0xff, 0x7, 0xac, 0x1, 0x9f,
    0xfc, 0xc0, 0x15, 0x85, 0x6, 0xf7, 0x65, 0x10,
    0xd, 0x76, 0x1, 0x1e, 0x30, 0x0, 0xaa, 0x98,
    0x40, 0x3f, 0x8a, 0x66, 0x0, 0x84, 0x3, 0xc7,
    0x98, 0x0, 0xa3, 0xbf, 0xe6, 0x0, 0xfe, 0x7f,
    0xfa, 0x48, 0x3, 0xff, 0x80, 0xca, 0x1, 0xff,
    0xc1, 0x10, 0xe, 0x7c, 0x0, 0xf4, 0x30, 0x0,
    0xc3, 0x34, 0x4, 0x3, 0x21, 0x0, 0x1a, 0x2c,
    0x6d, 0xff, 0xf0, 0xa0,

    /* U+8BB8 "许" */
    0x0, 0xf9, 0xc0, 0x3f, 0x6a, 0x0, 0x12, 0xc0,
    0x3f, 0x75, 0x20, 0x63, 0xa2, 0x70, 0x4, 0x7a,
    0xe0, 0xaf, 0x17, 0xff, 0x0, 0x8, 0x80, 0x6a,
    0x39, 0xa1, 0x77, 0x1, 0xff, 0xb0, 0x37, 0xc0,
    0x3e, 0x3d, 0xd0, 0x2, 0xc, 0x3, 0xff, 0x81,
    0xbf, 0xee, 0xf, 0xfa, 0x0, 0x3b, 0x7f, 0xdc,
    0x1f, 0xf4, 0x0, 0x70, 0x80, 0x7f, 0xf0, 0x2a,
    0xc0, 0x3f, 0xc8, 0x1b, 0x40, 0x1f, 0xe5, 0xc7,
    0x0, 0xfe,

    /* U+8BBA "论" */
    0x0, 0x8, 0x7, 0x9c, 0x40, 0x38, 0x7d, 0x40,
    0x33, 0xc2, 0x80, 0x70, 0xe5, 0xb8, 0x0, 0xa6,
    0x28, 0x40, 0x38, 0xb0, 0x2, 0xe6, 0x79, 0xd0,
    0xc, 0x44, 0x17, 0x1c, 0x68, 0x7, 0x5c, 0x10,
    0x3c, 0xc8, 0x7d, 0xb0, 0x2, 0x95, 0xd0, 0x3e,
    0xe0, 0xe, 0x44, 0x0, 0x28, 0x86, 0x80, 0x78,
    0x80, 0x26, 0xe3, 0x1, 0x0, 0xfc, 0x3b, 0x54,
    0xb1, 0x0, 0xff, 0x4e, 0x20, 0x7, 0xe8, 0xb0,
    0x14, 0x0, 0x95, 0x0, 0x22, 0x3, 0xa3, 0x10,
    0xd, 0xe4, 0x1, 0x2b, 0xd8, 0x88, 0xff, 0xf3,
    0xb8, 0x2, 0x78, 0x0, 0xb3, 0xff, 0x68, 0x80,

    /* U+8BBE "设" */
    0x0, 0x8, 0x7, 0xff, 0x0, 0xbd, 0x0, 0x7,
    0xff, 0x90, 0x2, 0x2d, 0xa3, 0x0, 0x1f, 0xf8,
    0xc0, 0x38, 0xf0, 0xc1, 0x54, 0x1, 0xe3, 0x67,
    0x10, 0x38, 0xa0, 0x3, 0xf4, 0x8, 0x75, 0xd8,
    0x62, 0x8c, 0x1, 0x5d, 0x82, 0x70, 0x80, 0x27,
    0x19, 0x96, 0xc8, 0x7, 0xd4, 0x51, 0xff, 0x13,
    0x0, 0x78, 0xa7, 0x8c, 0xd4, 0xc4, 0x1, 0xc6,
    0x4e, 0xd0, 0xe9, 0x20, 0x1c, 0xba, 0x21, 0xcf,
    0x1c, 0x1, 0xcc, 0xfe, 0x13, 0x8e, 0xd9, 0x26,
    0x1, 0x5d, 0xf, 0x8f, 0xc4, 0xe8, 0xf8, 0x80,

    /* U+8BBF "访" */
    0x0, 0x20, 0x7, 0x1b, 0x0, 0x7b, 0xac, 0x3,
    0xc, 0x0, 0x7a, 0x81, 0xc9, 0x54, 0xe4, 0xab,
    0x10, 0x5, 0x6e, 0x9d, 0x70, 0xfd, 0xd2, 0x2,
    0xac, 0xd, 0x6f, 0x57, 0x79, 0x86, 0x65, 0x40,
    0x1f, 0x8, 0x0, 0x73, 0x0, 0x18, 0xe3, 0xfd,
    0xd0, 0x1, 0xf9, 0xaf, 0xfc, 0xfe, 0x1, 0xf8,
    0xd4, 0x0, 0x22, 0x0, 0xe2, 0x73, 0x21, 0x0,
    0x19, 0x80, 0x3b, 0xa, 0x94, 0x2, 0x61, 0x0,
    0xa0, 0xb1, 0x9e, 0x40, 0x23, 0x50, 0xa, 0xb0,
    0xa2, 0xc4, 0xbf, 0xca, 0x20, 0x11, 0x8, 0x5a,
    0x81, 0x7f, 0xa8, 0x0,

    /* U+8BC1 "证" */
    0x4, 0x20, 0xf, 0xfe, 0xe, 0x18, 0x5f, 0x77,
    0xb4, 0x0, 0x95, 0xc1, 0x5f, 0xed, 0x1f, 0xf6,
    0x0, 0x49, 0xa0, 0x23, 0xf8, 0xd, 0xdc, 0x60,
    0x4, 0x0, 0xf9, 0xb6, 0x90, 0x6, 0xc0, 0x3e,
    0x5a, 0x50, 0xf, 0xf, 0xfa, 0x80, 0x3f, 0xc3,
    0xfe, 0xa0, 0xf, 0xfe, 0x3b, 0x18, 0x7, 0xf8,
    0x66, 0x80, 0x3f, 0xc2, 0xee, 0xeb, 0x8, 0xb1,
    0x88, 0x88, 0x6, 0xe4, 0x3a, 0x3f, 0xa3, 0xfe,
    0x30,

    /* U+8BC4 "评" */
    0x0, 0xff, 0xe1, 0xc5, 0x2, 0xff, 0xfc, 0xe0,
    0x8, 0x9, 0x5e, 0xff, 0xe, 0xff, 0x38, 0x5,
    0x5a, 0x14, 0x80, 0x1b, 0xc8, 0x4, 0x8d, 0x43,
    0x70, 0x2, 0x23, 0x20, 0x6f, 0xc7, 0x5, 0x40,
    0x9, 0x54, 0x0, 0x7d, 0x60, 0x1, 0xc8, 0x4,
    0x72, 0x1, 0xea, 0xfa, 0xf1, 0xdb, 0xef, 0x10,
    0xd, 0x5d, 0xd0, 0xe7, 0x74, 0x20, 0x18, 0x84,
    0x60, 0x11, 0xc0, 0x1a, 0xe4, 0x3, 0xfe, 0x47,
    0xb0, 0xf, 0xfa, 0xe8, 0x3, 0xfc,

    /* U+8BC6 "识" */
    0x3, 0x20, 0xf, 0xf9, 0xb0, 0xc0, 0x7f, 0xfc,
    0x40, 0xb5, 0xc0, 0x17, 0xfe, 0x10, 0x9, 0x34,
    0x3, 0xf9, 0x26, 0x48, 0x1, 0xfc, 0xfe, 0x46,
    0x1, 0xfc, 0x6c, 0x60, 0x1b, 0x33, 0x8, 0x7,
    0x87, 0x3f, 0xf6, 0x10, 0x7, 0x89, 0xcc, 0xce,
    0x60, 0x1b, 0xe0, 0x5f, 0xc0, 0x1d, 0x0, 0x10,
    0xb9, 0x5, 0xf0, 0x2, 0x1c, 0x40, 0x5a, 0x2a,
    0x45, 0x40, 0x4, 0xb2, 0x3, 0x8e, 0x5, 0xc0,
    0x1a, 0x7c,

    /* U+8BCA "诊" */
    0x0, 0x8, 0x7, 0x9c, 0x3, 0xd7, 0x40, 0x19,
    0xe0, 0x80, 0x3a, 0x86, 0x40, 0x7, 0x31, 0xe2,
    0x1, 0xd7, 0x60, 0x3d, 0xa7, 0xbf, 0x30, 0x1,
    0x10, 0xc9, 0xf6, 0x91, 0x9e, 0xf1, 0xc7, 0xfd,
    0x80, 0x3e, 0xb5, 0xe2, 0xba, 0x83, 0xba, 0x0,
    0x32, 0x66, 0xca, 0x20, 0x8c, 0x3, 0xc3, 0xee,
    0x92, 0xc0, 0x1f, 0x90, 0xa2, 0x7c, 0x9c, 0x3,
    0xc2, 0x9c, 0x3a, 0x53, 0x80, 0x1d, 0x14, 0xb9,
    0x23, 0x4b, 0x40, 0x12, 0x1, 0x58, 0x9b, 0xf9,
    0x60, 0x80, 0x47, 0x34, 0x19, 0xdc, 0xc8, 0x0,
    0xe7, 0x60, 0x7, 0xfa, 0x48, 0x3, 0x0,

    /* U+8BD1 "译" */
    0x2, 0x10, 0xf, 0xfe, 0x5, 0x50, 0x1, 0xff,
    0xf0, 0x80, 0x21, 0x94, 0x3c, 0xf3, 0xfd, 0xe,
    0x20, 0x17, 0x38, 0x3, 0xb8, 0x91, 0xd0, 0x0,
    0x12, 0x3, 0x0, 0x15, 0xd9, 0x24, 0x2, 0x6f,
    0xc7, 0x27, 0xcf, 0xe9, 0xc9, 0x40, 0x7d, 0x60,
    0x71, 0xd9, 0xf7, 0xca, 0x10, 0xe, 0x5e, 0xdc,
    0x1e, 0xc8, 0x50, 0xf, 0x57, 0xf8, 0x67, 0xe4,
    0x3, 0xe2, 0x33, 0x3, 0x99, 0x0, 0x75, 0xff,
    0xe1, 0xdf, 0xf6, 0x0, 0x48, 0xdd, 0xff, 0xe,
    0xff, 0xb0, 0x2, 0xbb, 0x8, 0x7, 0xf0,

    /* U+8BD5 "试" */
    0x2, 0x70, 0xf, 0x6a, 0xc8, 0x4, 0x74, 0xe0,
    0x1e, 0x63, 0x70, 0x0, 0xe5, 0x80, 0x70, 0x85,
    0x80, 0x61, 0xc6, 0xff, 0xc7, 0x9d, 0x4, 0x71,
    0x3, 0x6f, 0xfc, 0x95, 0xfe, 0x20, 0xf4, 0x40,
    0x7, 0x9, 0x80, 0x46, 0xe8, 0x0, 0xaf, 0xf8,
    0x4, 0x3, 0xf5, 0x61, 0xfe, 0xf0, 0x7, 0xff,
    0x0, 0x88, 0x1, 0xf8, 0x40, 0x26, 0x50, 0x30,
    0xd, 0x9c, 0xe8, 0x7c, 0x2, 0x52, 0x60, 0x5,
    0x6d, 0xac, 0x9f, 0x36, 0x94, 0x30, 0x5, 0xe9,
    0xe5, 0xb0, 0x84, 0x2b, 0x80, 0x4c, 0x1, 0xf0,
    0xf4, 0x80,

    /* U+8BDD "话" */
    0x1, 0x10, 0x7, 0x85, 0x20, 0x40, 0xf, 0x82,
    0xb, 0x37, 0xdc, 0xff, 0x18, 0x1, 0x97, 0x0,
    0x72, 0x28, 0xad, 0xc8, 0x2, 0x8e, 0x4, 0x53,
    0x70, 0xe, 0x12, 0x32, 0x2, 0x33, 0x29, 0x9e,
    0x27, 0xfc, 0x60, 0xbf, 0xf5, 0x8f, 0xfc, 0x8d,
    0xae, 0x0, 0x9c, 0xc7, 0x16, 0x64, 0xc0, 0x1f,
    0xfc, 0x74, 0xff, 0x61, 0x7f, 0xa0, 0x3, 0x84,
    0x47, 0xff, 0x98, 0x3, 0xb3, 0xc8, 0x3, 0xfc,
    0x8d, 0x86, 0x26, 0x7c, 0x1, 0x93, 0x48, 0xb,
    0xff, 0x20, 0x6, 0x80, 0x2, 0x7e, 0x66, 0xe8,
    0x0,

    /* U+8BE2 "询" */
    0x3, 0x50, 0x9, 0x2c, 0x3, 0xe1, 0xb5, 0x0,
    0x71, 0x80, 0x7c, 0x59, 0x20, 0x4a, 0xdd, 0xdc,
    0x20, 0x2, 0xc0, 0x86, 0xff, 0xe1, 0x1, 0x23,
    0x15, 0x55, 0x0, 0x42, 0x20, 0x4, 0xfe, 0x38,
    0x46, 0x6e, 0xb8, 0x80, 0x3, 0x1a, 0xa0, 0xaa,
    0x3c, 0xc1, 0x80, 0x7f, 0x8f, 0x74, 0x60, 0x22,
    0x0, 0xf8, 0xf7, 0x46, 0x6, 0x60, 0xc, 0x32,
    0x27, 0x98, 0x30, 0x61, 0x0, 0xd0, 0x22, 0x3d,
    0xd7, 0x11, 0x18, 0x0, 0x2b, 0x50, 0x58, 0x23,
    0x6, 0x68, 0x0, 0x71, 0x40, 0x31, 0xff, 0x9d,
    0x80, 0x23, 0x0, 0xe3, 0xff, 0x68, 0x80,

    /* U+8BE5 "该" */
    0x0, 0x30, 0x7, 0x33, 0x80, 0x7b, 0x60, 0x3,
    0x2c, 0x0, 0x7a, 0xd4, 0xfb, 0xfd, 0x81, 0xff,
    0x18, 0x5, 0x87, 0xdf, 0x63, 0xdf, 0xf1, 0x94,
    0xca, 0x0, 0x3, 0x5a, 0x2b, 0x40, 0x3, 0xff,
    0x30, 0x1e, 0x4, 0xdd, 0xa4, 0x0, 0x2c, 0xc0,
    0x3, 0xd5, 0xe2, 0x41, 0xb0, 0x7, 0x91, 0xc6,
    0x29, 0xa7, 0x40, 0x3c, 0x55, 0x3a, 0xb0, 0x94,
    0x1, 0xea, 0xdd, 0x1c, 0xb6, 0x8, 0x7, 0x67,
    0x3a, 0x69, 0x1b, 0x0, 0x65, 0xa, 0x2b, 0xa8,
    0xbc, 0xba, 0x0, 0x87, 0x12, 0x37, 0x94, 0x7,
    0x8, 0x0,

    /* U+8BED "语" */
    0x0, 0xff, 0xe1, 0xb5, 0x1, 0xff, 0xfd, 0x60,
    0x6, 0xda, 0x3f, 0xf5, 0x1f, 0xfd, 0x60, 0x13,
    0xd8, 0x3f, 0x51, 0xf7, 0x3c, 0x0, 0x91, 0x2,
    0x7, 0xe3, 0xbe, 0xf1, 0x0, 0x8, 0x95, 0x40,
    0x11, 0xa0, 0x19, 0x80, 0xb, 0x28, 0x19, 0xdc,
    0xe, 0xe6, 0x17, 0x8, 0x6, 0xce, 0xe7, 0xf7,
    0x5f, 0xc2, 0x1, 0xcb, 0xff, 0xe6, 0x0, 0xe1,
    0x25, 0xff, 0xcc, 0x20, 0x1b, 0x3f, 0x40, 0x3f,
    0xc4, 0x95, 0xe2, 0x45, 0x8c, 0x3, 0x1f, 0xa0,
    0x2f, 0x76, 0x40, 0xd, 0x2, 0xb, 0xd9, 0x9b,
    0x9c, 0x0,

    /* U+8BEF "误" */
    0x0, 0xff, 0xe1, 0xb6, 0x8, 0x3, 0xff, 0xd0,
    0x0, 0x65, 0xd0, 0xb, 0xff, 0x38, 0x6, 0x9a,
    0x0, 0xff, 0x9, 0x1b, 0x80, 0x7, 0xbb, 0x37,
    0x82, 0x47, 0x48, 0x3, 0xff, 0xce, 0xb, 0x4a,
    0x0, 0x5f, 0xfb, 0xbf, 0xda, 0x1, 0xe5, 0xee,
    0x5a, 0xf7, 0x34, 0x3, 0xd9, 0x95, 0xa6, 0x64,
    0x80, 0x18, 0xbf, 0xb8, 0x3, 0xfd, 0xc4, 0x0,
    0x97, 0x4, 0x94, 0xa2, 0x4, 0x40, 0x9, 0x5b,
    0xc6, 0xa9, 0xce, 0x58, 0x80, 0x17, 0x58, 0x7e,
    0xe8, 0x82, 0x65, 0x4,

    /* U+8BF4 "说" */
    0x0, 0xf2, 0x80, 0x48, 0x60, 0x13, 0x60, 0x5,
    0x8, 0x0, 0x96, 0x0, 0x99, 0x30, 0x1, 0x10,
    0x5, 0x5, 0x0, 0xd1, 0x41, 0x5c, 0x37, 0x60,
    0xb0, 0x0, 0x91, 0xb8, 0x27, 0xf4, 0x6c, 0xa0,
    0x2, 0x73, 0x12, 0x0, 0x53, 0x39, 0x40, 0x28,
    0xe7, 0x0, 0xa5, 0xde, 0x60, 0xf, 0xd2, 0x11,
    0xf1, 0xf0, 0x1, 0xf3, 0xd1, 0x40, 0xcb, 0x80,
    0x79, 0xc9, 0x1c, 0x3, 0xf0, 0xbd, 0x9d, 0x78,
    0x6, 0x61, 0x2, 0x67, 0xc8, 0x5, 0x0, 0x18,
    0x59, 0x81, 0x54, 0x59, 0x68, 0x1, 0x37, 0xc4,
    0x80, 0xa, 0x15, 0x62, 0x0, 0xaf, 0xf6, 0x0,

    /* U+8BF7 "请" */
    0x4, 0x30, 0xe, 0xd3, 0x0, 0xed, 0x31, 0xdd,
    0x8b, 0xb7, 0x4e, 0x9, 0x5e, 0x3b, 0x98, 0x29,
    0xcc, 0x38, 0x1, 0x30, 0x22, 0xa8, 0x51, 0x54,
    0x13, 0x67, 0x32, 0xcf, 0xf0, 0xd7, 0xf9, 0x5b,
    0xad, 0x18, 0xce, 0x91, 0x33, 0x96, 0x10, 0x11,
    0x15, 0x5e, 0x60, 0xe, 0x76, 0xdd, 0xc6, 0x1,
    0xf2, 0xdd, 0xe1, 0x0, 0xe2, 0x5, 0xbb, 0xc2,
    0x1, 0xab, 0xc1, 0x33, 0x30, 0x80, 0x4a, 0xd8,
    0x9, 0x99, 0x84, 0x2, 0xab, 0x10, 0xd, 0x7a,
    0x42,

    /* U+8BFA "诺" */
    0x2, 0x20, 0x4, 0x7a, 0x0, 0xb5, 0x0, 0x93,
    0xc4, 0x3, 0xfe, 0x6a, 0xd3, 0xed, 0x2e, 0xe2,
    0x5f, 0x8, 0x1, 0xe0, 0xfb, 0x4b, 0xb8, 0x97,
    0xc2, 0x4a, 0xcc, 0x0, 0x1d, 0xe0, 0x4a, 0x80,
    0x4, 0xe9, 0x63, 0x31, 0x7, 0x9d, 0x98, 0x13,
    0x65, 0x9, 0xe8, 0x1b, 0xee, 0xc2, 0x1, 0x84,
    0xbd, 0x90, 0x8b, 0x0, 0x7a, 0x91, 0xbf, 0xf4,
    0x80, 0x74, 0x21, 0xcf, 0xfd, 0x20, 0x1d, 0xa9,
    0xea, 0x1, 0xfc, 0xa9, 0x22, 0x1c, 0x67, 0x70,
    0x4, 0x2b, 0xea, 0x0, 0x5f, 0xf9, 0x40, 0x21,
    0x91, 0x0, 0x4e, 0xe6, 0x5b, 0x20,

    /* U+8BFB "读" */
    0x4, 0x30, 0xe, 0x87, 0x0, 0xf6, 0xa0, 0x1d,
    0x51, 0x6a, 0xa3, 0x0, 0x25, 0x48, 0x14, 0xc9,
    0xd2, 0x64, 0x40, 0x12, 0x68, 0x22, 0xa8, 0x49,
    0x54, 0x80, 0x24, 0x62, 0x1b, 0xfe, 0x21, 0xfd,
    0xf0, 0x8f, 0xc7, 0x8, 0x1e, 0xb7, 0x93, 0xf0,
    0x9d, 0x60, 0x2, 0x50, 0x50, 0x3, 0x94, 0x3,
    0xcd, 0x5, 0x62, 0xc, 0x1, 0xe4, 0x91, 0x9e,
    0x2b, 0xb8, 0x3, 0x8e, 0x21, 0xe7, 0x1f, 0x10,
    0x0, 0xd3, 0x64, 0x70, 0xaa, 0x97, 0x30, 0x9,
    0xdb, 0x13, 0x42, 0xcf, 0xe5, 0x80, 0x2b, 0x93,
    0x98, 0xb0, 0x1, 0x66, 0x0,

    /* U+8C01 "谁" */
    0x1, 0x20, 0x8, 0x9c, 0x58, 0x3, 0x97, 0xc,
    0x1, 0x5c, 0x30, 0x40, 0x19, 0x2b, 0x40, 0x5f,
    0xd, 0xd0, 0xc8, 0x2, 0x4c, 0x8, 0xe, 0x86,
    0xa8, 0xa0, 0x37, 0x70, 0xa3, 0xd, 0xd8, 0xba,
    0xe0, 0x0, 0x39, 0x65, 0x43, 0x76, 0x2e, 0xb4,
    0x3, 0x63, 0x6, 0x41, 0x88, 0x14, 0xc2, 0x80,
    0x7e, 0x33, 0x3, 0x98, 0x80, 0x7c, 0x3f, 0xe2,
    0xdf, 0x50, 0xe, 0x73, 0x1f, 0xf1, 0x6f, 0xa8,
    0x6, 0x6b, 0x10, 0xf, 0xf2, 0xbe, 0x10, 0xf7,
    0xb, 0x3b, 0x82, 0x0, 0x89, 0x0, 0xf, 0xfb,
    0xbf, 0xe1,

    /* U+8C03 "调" */
    0x0, 0x8, 0x7, 0xfc, 0x9e, 0x81, 0x3f, 0xff,
    0x2, 0x6c, 0x88, 0x57, 0xcc, 0xbf, 0xc0, 0x11,
    0xe8, 0x80, 0x32, 0x21, 0xa2, 0x9, 0x32, 0x40,
    0xb, 0x22, 0x74, 0x41, 0xf8, 0xb0, 0x0, 0x73,
    0x57, 0x28, 0x6, 0xe6, 0x1, 0x1d, 0x7f, 0xa9,
    0x40, 0x3c, 0x63, 0x33, 0x58, 0x80, 0x78, 0x5d,
    0xd1, 0x5, 0x0, 0xf0, 0xb1, 0x1, 0x10, 0x3,
    0xcb, 0xe0, 0x27, 0x98, 0x60, 0xc, 0xac, 0xea,
    0x11, 0x98, 0xb0, 0xd, 0x76, 0x59, 0x6, 0x0,
    0x5f, 0x20, 0x1, 0x83, 0x4, 0x3, 0x5f, 0x58,

    /* U+8C61 "象" */
    0x0, 0xd0, 0xa0, 0x1f, 0xf3, 0xba, 0xf7, 0x58,
    0x1, 0xf4, 0xdf, 0xf6, 0xb2, 0x0, 0x70, 0xeb,
    0xe, 0xec, 0x8b, 0xbb, 0x0, 0x7, 0x87, 0x37,
    0x4f, 0x3b, 0xaf, 0x30, 0x8, 0xc3, 0x31, 0xab,
    0x59, 0x8f, 0x0, 0xef, 0xb1, 0x38, 0xcc, 0xa5,
    0x80, 0x2b, 0xfe, 0xcb, 0x86, 0x1a, 0x9c, 0x0,
    0xa7, 0xb2, 0xbf, 0x27, 0x13, 0x90, 0x2, 0x4d,
    0xd4, 0xc7, 0x92, 0x5f, 0x0, 0x66, 0xda, 0x8e,
    0xf8, 0x25, 0x7b, 0x0, 0x9f, 0x63, 0xb0, 0xf0,
    0x82, 0x87, 0x84, 0x17, 0xed, 0x3b, 0xd6, 0x0,
    0x15, 0xa2, 0x4, 0x40, 0x7, 0x7e, 0x8, 0x4,
    0x60,

    /* U+8C6B "豫" */
    0x0, 0xf9, 0xcc, 0x3, 0xa3, 0xba, 0xf3, 0x34,
    0x76, 0xfa, 0x0, 0x22, 0xf9, 0x60, 0xb7, 0x36,
    0x49, 0x0, 0x23, 0xe1, 0x6c, 0x1f, 0xdb, 0xc,
    0xd0, 0x3, 0x63, 0x7, 0x8e, 0x7a, 0x6e, 0x8c,
    0x2b, 0x74, 0x3c, 0x83, 0xb8, 0xbb, 0x80, 0xa,
    0xd1, 0xc2, 0x4f, 0x50, 0xed, 0xcb, 0x0, 0xc6,
    0x9, 0x80, 0x8e, 0xb8, 0x60, 0x1d, 0xef, 0xc2,
    0x71, 0xce, 0xc0, 0x18, 0xca, 0x3a, 0xb8, 0x25,
    0x84, 0x3, 0xd7, 0xd0, 0x2a, 0xd3, 0x0, 0x1e,
    0x88, 0x4b, 0x34, 0xaa, 0x45, 0xf2, 0x10, 0xba,
    0x4d, 0x62, 0xd, 0x45, 0xfc, 0x0, 0x8, 0x36,
    0xd0, 0x0, 0x40,

    /* U+8D1F "负" */
    0x0, 0xc7, 0xa2, 0x1, 0xff, 0x71, 0xd5, 0xda,
    0x80, 0x3e, 0xa6, 0xc9, 0x91, 0x8, 0x7, 0xa9,
    0xac, 0x88, 0xf, 0x40, 0x1d, 0x8e, 0x7f, 0xf6,
    0x8f, 0x7e, 0x0, 0x5d, 0xe3, 0xff, 0xeb, 0x10,
    0x8, 0x80, 0x31, 0x70, 0x7, 0xff, 0x1, 0x88,
    0x3, 0xff, 0x80, 0x6a, 0x1, 0xff, 0xc0, 0xaa,
    0x0, 0x7e, 0x2f, 0x1b, 0x72, 0xda, 0x7c, 0x0,
    0x85, 0x23, 0xce, 0x87, 0x73, 0xa8, 0xc0, 0x17,
    0xff, 0x40, 0x4, 0xdb, 0xa8, 0x0,

    /* U+8D25 "败" */
    0x0, 0xfc, 0xa4, 0x1, 0xdd, 0xff, 0x80, 0x10,
    0x20, 0x1e, 0xfd, 0xf1, 0x1, 0x27, 0x44, 0x80,
    0x36, 0x0, 0x4e, 0x5d, 0xcb, 0xf0, 0xf, 0xd7,
    0xd5, 0x41, 0xb0, 0xf, 0x98, 0x80, 0x2, 0x40,
    0x1f, 0xcd, 0x40, 0x8a, 0x1, 0xf9, 0xa5, 0xc3,
    0xf0, 0x3, 0x9, 0x80, 0x66, 0x94, 0x50, 0xa,
    0x55, 0xc2, 0x40, 0x12, 0xec, 0x1, 0x9f, 0xb3,
    0x58, 0x0, 0xa0, 0xa2, 0x1, 0x2b, 0x32, 0x34,
    0x12, 0xb5, 0x70, 0x81, 0x23, 0x41, 0x51, 0xab,
    0x4e, 0x2f, 0x5, 0x34, 0x40, 0x10, 0xdc, 0x60,
    0x6, 0xe1,

    /* U+8D26 "账" */
    0x0, 0xfb, 0x84, 0x3, 0xdb, 0xdd, 0x60, 0x7,
    0x4b, 0x0, 0x5d, 0x9e, 0x1, 0xc8, 0xec, 0x1,
    0xb0, 0x3, 0x8e, 0xb4, 0x3, 0xfc, 0x5b, 0x66,
    0x1, 0xf8, 0x40, 0x69, 0x4, 0x40, 0x1e, 0x2f,
    0x1c, 0xbf, 0xf8, 0x80, 0x38, 0xb8, 0x7d, 0xa3,
    0xb8, 0x40, 0x11, 0x80, 0x76, 0xe8, 0x3, 0x29,
    0xb8, 0x58, 0x4, 0x8c, 0x60, 0x14, 0x56, 0xd3,
    0x80, 0x6b, 0xf0, 0x9, 0x15, 0xf5, 0x80, 0x13,
    0xa8, 0xf4, 0x7, 0x1a, 0xc, 0xa, 0x0, 0xf2,
    0xb0, 0x13, 0xc1, 0x0, 0x32, 0x74, 0x10, 0x2,
    0x84,

    /* U+8D34 "贴" */
    0x0, 0xfe, 0xf0, 0xe, 0xef, 0xfc, 0x1, 0xfe,
    0xfe, 0xf1, 0x0, 0xff, 0xbc, 0x3, 0xdf, 0xf3,
    0x0, 0x7f, 0xbf, 0xe6, 0x0, 0xff, 0xeb, 0x27,
    0xf8, 0x3f, 0xe0, 0x8, 0x4c, 0x2, 0x5f, 0xfc,
    0x1, 0x4a, 0x38, 0xc8, 0x7, 0xf3, 0xce, 0x61,
    0x80, 0x3f, 0xa0, 0x1a, 0xa8, 0x9, 0x99, 0x80,
    0x8, 0x8d, 0x7, 0xf0, 0x5f, 0xfc, 0x0, 0x4c,
    0x10, 0x2, 0x22, 0xcc, 0xf7, 0x80,

    /* U+8D39 "费" */
    0x0, 0xee, 0x10, 0xd2, 0x0, 0xe4, 0xcc, 0x87,
    0x70, 0xbb, 0x35, 0xc0, 0x9, 0x99, 0xe, 0xe1,
    0x76, 0x40, 0x6, 0xdc, 0xc0, 0xee, 0x17, 0x64,
    0x90, 0x4, 0x5b, 0xe3, 0xba, 0x28, 0xdd, 0x20,
    0x0, 0x53, 0x70, 0xaa, 0x85, 0xf5, 0x4f, 0x0,
    0x11, 0x94, 0xe5, 0xd9, 0x26, 0xcd, 0xc0, 0x8,
    0x0, 0x8e, 0xe9, 0x73, 0x92, 0x40, 0xf, 0x47,
    0xdc, 0xca, 0xee, 0x61, 0x0, 0x7e, 0xb3, 0x0,
    0xff, 0x91, 0xca, 0xc, 0xc, 0x3, 0xae, 0xd1,
    0x89, 0xd1, 0xea, 0x40, 0xd, 0xee, 0x7e, 0x10,
    0xb5, 0xe7, 0x70, 0x0,

    /* U+8D44 "资" */
    0x0, 0xf0, 0xc8, 0x7, 0xc9, 0xd2, 0x21, 0x28,
    0xcd, 0x9c, 0x41, 0x38, 0x6d, 0x1a, 0xf2, 0x83,
    0xa4, 0x40, 0x28, 0xa8, 0xd6, 0x60, 0x37, 0xc0,
    0x4, 0xb5, 0xda, 0x70, 0xf7, 0x66, 0x60, 0x3,
    0xb9, 0x9e, 0x98, 0x56, 0xfd, 0xf2, 0x41, 0xd6,
    0xc3, 0xb1, 0x40, 0x5, 0xff, 0x18, 0x0, 0xff,
    0x9a, 0xbb, 0xb7, 0xb0, 0x80, 0x47, 0xdc, 0xc7,
    0xee, 0x60, 0x7, 0xf2, 0x80, 0x7f, 0x98, 0xa,
    0x72, 0xc, 0x14, 0x3, 0x1d, 0xb6, 0x42, 0x7f,
    0x7e, 0x8, 0x2, 0x77, 0xfd, 0x8c, 0x2f, 0xbd,
    0xbc, 0x41, 0x79, 0xd2, 0x40, 0x18, 0xeb, 0x88,

    /* U+8D56 "赖" */
    0x0, 0xff, 0xe2, 0xf0, 0x80, 0x52, 0xc0, 0x1f,
    0xf0, 0xb6, 0x4c, 0x80, 0xf, 0xdc, 0x1e, 0xe3,
    0xca, 0xe8, 0x38, 0x1, 0xfb, 0x83, 0xdc, 0x45,
    0xa7, 0x2a, 0x0, 0xb7, 0x43, 0xfc, 0xa5, 0x98,
    0x79, 0x90, 0x0, 0xf4, 0xf8, 0x90, 0x72, 0x7a,
    0x0, 0x3f, 0xef, 0x10, 0xe, 0xd3, 0xd3, 0x0,
    0x84, 0x40, 0x1b, 0x94, 0x1b, 0xc8, 0x0, 0xe6,
    0x1, 0x89, 0x44, 0xa8, 0x2, 0x21, 0x0, 0x87,
    0xe0, 0x20, 0xcb, 0x55, 0x19, 0xec, 0x11, 0xd4,
    0x1, 0x24, 0xf1, 0x3, 0xf7, 0x5, 0xa0, 0xd,
    0x5d, 0xe4, 0xb9, 0xc4, 0x1, 0x70, 0x85, 0x50,
    0x80, 0x3, 0x64,

    /* U+8D70 "走" */
    0x0, 0xf6, 0x20, 0x7, 0xff, 0x4, 0x40, 0x3e,
    0x1f, 0xfc, 0x75, 0xff, 0x60, 0x4, 0x3f, 0xf8,
    0xef, 0xfe, 0xc0, 0x0, 0x99, 0xf0, 0x91, 0x9e,
    0x20, 0x5f, 0xfe, 0x2b, 0xff, 0xd0, 0x9, 0x9b,
    0x19, 0x83, 0x9c, 0xcd, 0x40, 0x12, 0xc0, 0x7,
    0xff, 0x0, 0xd8, 0x2, 0xbf, 0xfb, 0x80, 0x35,
    0xa0, 0x80, 0x2f, 0xfe, 0xe0, 0x8, 0xc9, 0xa8,
    0x3, 0xfd, 0xf3, 0x5, 0xc4, 0x41, 0x0, 0xe7,
    0x78, 0x27, 0x5e, 0xfb, 0xff, 0xb, 0xd8, 0x4,
    0x73, 0xbf, 0xfc, 0x20,

    /* U+8D77 "起" */
    0x0, 0xb8, 0x40, 0x3f, 0xf8, 0x93, 0xff, 0x9c,
    0x13, 0xfc, 0x3d, 0xeb, 0x3f, 0xf3, 0x80, 0x13,
    0xfc, 0x3d, 0xea, 0x1, 0xf1, 0x22, 0x5, 0x10,
    0x60, 0x1f, 0x2f, 0xf8, 0xa7, 0xed, 0xbf, 0xe7,
    0x0, 0x3c, 0xdd, 0xa2, 0xe0, 0x1b, 0xfd, 0xaa,
    0x0, 0xe3, 0x3, 0x38, 0x3, 0x11, 0x0, 0x3a,
    0xe2, 0x80, 0x39, 0xc8, 0x9, 0x42, 0x2e, 0x40,
    0xc0, 0x2a, 0x0, 0xd, 0x88, 0x4, 0x8f, 0xff,
    0x31, 0x21, 0xdc, 0x61, 0x1, 0x6f, 0xfd, 0x61,
    0xd6, 0xd6, 0x59, 0xff, 0xf1, 0x4b, 0x2, 0x57,
    0x7f, 0xfc, 0x40,

    /* U+8D85 "超" */
    0x0, 0xb8, 0x40, 0x3f, 0xf8, 0x69, 0xbd, 0xfb,
    0xaf, 0x22, 0x7f, 0x87, 0xbc, 0x36, 0x57, 0x74,
    0x26, 0x5f, 0xe1, 0xef, 0x40, 0xaf, 0x0, 0x8,
    0x89, 0x98, 0x2e, 0xc7, 0xc, 0x8c, 0xe4, 0x3,
    0xdc, 0x3c, 0xe9, 0x2b, 0x11, 0x7, 0x1, 0xf5,
    0x2c, 0xc5, 0x36, 0x62, 0xed, 0x0, 0xd, 0x10,
    0xfb, 0x62, 0xdc, 0xc7, 0x28, 0x1, 0xdc, 0x15,
    0xe8, 0x1, 0xf8, 0x74, 0x15, 0x8, 0xc, 0x46,
    0x0, 0x89, 0x14, 0x2, 0x5f, 0xcc, 0x72, 0x81,
    0x9b, 0x8e, 0x8c, 0x2f, 0x77, 0x58, 0x52, 0x1e,
    0x87, 0x7f, 0xfd, 0x10, 0x90, 0x29, 0xdf, 0xff,
    0xa0,

    /* U+8D8A "越" */
    0x0, 0xb8, 0x40, 0x32, 0xd4, 0x10, 0x0, 0x44,
    0x6, 0x20, 0x10, 0x86, 0x70, 0x3, 0xfc, 0x39,
    0xea, 0xb6, 0x30, 0xa1, 0x7, 0x70, 0x7f, 0x96,
    0xb0, 0x89, 0x82, 0xc4, 0x88, 0x4, 0x41, 0x4,
    0xc1, 0x4e, 0x23, 0xf7, 0xa, 0x79, 0x80, 0x4,
    0x40, 0x80, 0x58, 0xbb, 0x4d, 0x20, 0x6, 0x7a,
    0x0, 0x5a, 0x81, 0x18, 0x80, 0xc, 0xa5, 0x80,
    0x6, 0x0, 0xa8, 0x70, 0xd5, 0x77, 0x19, 0x0,
    0xe8, 0x45, 0x8b, 0x60, 0xb2, 0xba, 0x2, 0xa6,
    0x0, 0x1e, 0x62, 0xf1, 0xad, 0xc8, 0x9c, 0x9e,
    0x62, 0x1b, 0x83, 0x5c, 0x37, 0x47, 0xc7, 0xdc,
    0xfb, 0xff, 0xcb, 0xc, 0x3, 0x3b, 0xff, 0xf2,
    0x80,

    /* U+8DB3 "足" */
    0x0, 0x6f, 0xff, 0xee, 0x0, 0xec, 0xff, 0xf6,
    0x80, 0x7f, 0xf2, 0x11, 0x57, 0xc8, 0x1, 0xc9,
    0x9d, 0xc8, 0xbe, 0xe6, 0xa0, 0x6, 0x99, 0x5d,
    0xa9, 0xee, 0xea, 0x0, 0xc3, 0xa0, 0x11, 0x80,
    0x7e, 0x42, 0x0, 0x97, 0xff, 0x28, 0x5, 0x84,
    0x40, 0x3, 0x7f, 0xe5, 0x0, 0xb, 0x3f, 0x88,
    0x7, 0xf5, 0xac, 0x57, 0xd9, 0x88, 0x7, 0x23,
    0xd0, 0x3e, 0x2b, 0xff, 0xf2, 0x23, 0x40, 0x22,
    0x9d, 0xef, 0xfc, 0x80,

    /* U+8DD1 "跑" */
    0x0, 0xf9, 0x80, 0x3e, 0xee, 0xbc, 0xca, 0xc0,
    0x3f, 0x77, 0x14, 0x20, 0xbf, 0xf4, 0x0, 0x79,
    0x1f, 0xff, 0x40, 0x6, 0xee, 0x2f, 0x1e, 0xec,
    0x1, 0xdd, 0xe7, 0xf2, 0x7f, 0x80, 0x1e, 0xa0,
    0x0, 0x80, 0xc, 0x40, 0x1f, 0xe0, 0x2, 0x1,
    0x61, 0x84, 0xb9, 0x80, 0x7c, 0x5a, 0x60, 0x12,
    0x2a, 0x10, 0x7, 0xe9, 0x7e, 0xf4, 0x50, 0x8,
    0x8e, 0x98, 0x2, 0x4a, 0x84, 0x25, 0x1c, 0x4f,
    0x70, 0x30, 0xd, 0xec, 0xcb, 0xfa, 0x51, 0xac,
    0xee, 0xce, 0x80,

    /* U+8DDD "距" */
    0xe, 0xeb, 0xe5, 0xff, 0xfc, 0x20, 0xe, 0xe5,
    0x0, 0x17, 0xff, 0x84, 0x3, 0xff, 0x89, 0xdc,
    0xa0, 0x2, 0xff, 0xe1, 0x0, 0x77, 0x7, 0xe4,
    0x17, 0xfe, 0x10, 0x9, 0xc0, 0x3f, 0xf8, 0x32,
    0x0, 0xeb, 0x0, 0xff, 0xe0, 0x7d, 0x2, 0xff,
    0xc2, 0x1, 0xe1, 0x10, 0x2f, 0xfe, 0x10, 0xe,
    0x8b, 0x0, 0xfc, 0x83, 0xe7, 0xf2, 0x2, 0x89,
    0xc2, 0x13, 0xd8, 0xe4, 0x47, 0x88, 0xe5,

    /* U+8DDF "跟" */
    0xe, 0xeb, 0xea, 0x3f, 0xba, 0xf7, 0x0, 0xbb,
    0x94, 0x3, 0x1d, 0xd3, 0x80, 0x7f, 0x5c, 0xcc,
    0x80, 0x1b, 0xb9, 0x40, 0x5, 0xaa, 0x98, 0x2,
    0xee, 0xf, 0xd0, 0x9, 0x14, 0x60, 0x15, 0x0,
    0x4, 0x40, 0xd9, 0xd8, 0x82, 0x0, 0x40, 0x6,
    0x40, 0x4e, 0x96, 0xe8, 0x3, 0xdb, 0x20, 0x13,
    0xb6, 0x60, 0x3, 0xfd, 0xd3, 0x2a, 0x0, 0x88,
    0x26, 0xc0, 0x24, 0x46, 0x80, 0x18, 0x7d, 0xb2,
    0x4b, 0x2b, 0x29, 0x68, 0x5f, 0xb6, 0x54, 0x80,
    0xfb, 0x7, 0xc, 0x40,

    /* U+8DE8 "跨" */
    0x0, 0xfe, 0x40, 0xe, 0xee, 0xbd, 0x0, 0x7,
    0x0, 0x1e, 0xee, 0x28, 0xff, 0xb0, 0xff, 0xe3,
    0x0, 0xe1, 0xf6, 0x5f, 0x49, 0xf3, 0x0, 0x77,
    0x14, 0x69, 0xfd, 0x76, 0x18, 0x1, 0xdc, 0xf,
    0x32, 0xad, 0xd7, 0x6d, 0x20, 0x48, 0x0, 0x53,
    0x8b, 0xba, 0x5a, 0x50, 0x40, 0x1c, 0x5f, 0xba,
    0xff, 0xc0, 0x18, 0x75, 0xe4, 0x7e, 0x67, 0x8,
    0x7, 0x84, 0xf3, 0xfe, 0x50, 0x8, 0xc6, 0xb0,
    0x7f, 0xf2, 0x8, 0x29, 0x73, 0x7e, 0x80, 0x72,
    0xa8, 0x13, 0xb6, 0x54, 0x40, 0x1b, 0xae, 0x41,
    0x1, 0x10, 0x7, 0xb7, 0x5d, 0x40, 0x0,

    /* U+8DEF "路" */
    0x0, 0xfc, 0xe0, 0x1e, 0xee, 0xbe, 0x80, 0xe4,
    0x44, 0x40, 0x1b, 0xb9, 0x40, 0xf, 0x3c, 0xc6,
    0xa0, 0x7, 0xce, 0x6b, 0xb0, 0x48, 0x1, 0x77,
    0x29, 0xa7, 0x55, 0x57, 0x20, 0x17, 0x70, 0x7f,
    0x38, 0xa6, 0x91, 0x0, 0x14, 0x0, 0x71, 0x4a,
    0x21, 0x40, 0x26, 0x0, 0x75, 0xc6, 0x5d, 0xb6,
    0x30, 0xc0, 0x37, 0xf8, 0x86, 0x3b, 0x48, 0x8,
    0x3, 0xa, 0x41, 0x77, 0x4a, 0x82, 0x1, 0x9e,
    0x80, 0x3f, 0x28, 0xf9, 0x7c, 0x81, 0x91, 0x42,
    0x0, 0x19, 0xed, 0x83, 0x1, 0xee, 0x94, 0x0,
    0x8c, 0x20, 0x11, 0x7e, 0x65, 0xd0, 0x0,

    /* U+8DF3 "跳" */
    0x0, 0xf8, 0xb0, 0x78, 0x3, 0x6f, 0x73, 0xd4,
    0x3, 0xfd, 0xfc, 0xbb, 0x0, 0x1d, 0x46, 0x1,
    0xda, 0xa8, 0x1, 0x1b, 0x98, 0x2, 0xe9, 0x2,
    0xe8, 0x2, 0x89, 0x0, 0x67, 0x3e, 0x2b, 0xc0,
    0x5, 0x8, 0x0, 0xb5, 0x1, 0x19, 0xc0, 0x2,
    0xc0, 0x13, 0x1, 0x7a, 0xa6, 0xb8, 0x2, 0x1c,
    0x3, 0x1e, 0x62, 0x98, 0x40, 0x72, 0x98, 0x3,
    0xaf, 0xc3, 0x40, 0x3, 0x8e, 0x0, 0x52, 0xb9,
    0x16, 0x50, 0x8, 0xd5, 0x47, 0x2d, 0xf5, 0x44,
    0x20, 0x10, 0x7d, 0x4e, 0xd8, 0x4a, 0x1a, 0x1,
    0x2f, 0xad, 0x11, 0x0, 0x57, 0x60, 0xb, 0x7f,
    0xc8,

    /* U+8E29 "踩" */
    0x0, 0xff, 0x84, 0x80, 0x1f, 0xdc, 0xf1, 0x57,
    0x9b, 0xdf, 0xb0, 0x1, 0x77, 0x8, 0x34, 0x7b,
    0x99, 0xfe, 0x0, 0xf0, 0xa3, 0x16, 0xb, 0x70,
    0x0, 0xbb, 0x84, 0xa, 0xca, 0xe1, 0x32, 0x0,
    0x7d, 0x3f, 0x85, 0x98, 0x30, 0xd8, 0x80, 0x10,
    0x3, 0x12, 0x83, 0x8a, 0x80, 0x6, 0x1, 0xe8,
    0xff, 0xe0, 0xff, 0x70, 0x6, 0x59, 0x3f, 0xf1,
    0x1, 0xff, 0x0, 0x62, 0x30, 0x4, 0x38, 0x34,
    0x0, 0x72, 0xc9, 0x32, 0xd8, 0x5b, 0x38, 0x29,
    0xd3, 0xfb, 0x47, 0x88, 0xe, 0x49, 0xbd, 0x7d,
    0xb2, 0x79, 0x0, 0x45, 0xe6,

    /* U+8E2A "踪" */
    0x0, 0xfc, 0x6a, 0x1, 0xdd, 0xd7, 0x98, 0x0,
    0x6c, 0x3, 0xdd, 0xc3, 0x7f, 0xec, 0xe, 0xe7,
    0x88, 0x7, 0x87, 0xbb, 0x84, 0x2, 0xcc, 0x1b,
    0xdb, 0xc4, 0x4f, 0x62, 0x1d, 0xa3, 0xc6, 0xa7,
    0x99, 0x1a, 0x80, 0x28, 0x4c, 0xc2, 0x4c, 0xdc,
    0x40, 0x4, 0x1, 0xf6, 0xff, 0xb7, 0xfe, 0x40,
    0x8, 0xb5, 0xf7, 0x34, 0x37, 0x35, 0x0, 0x3c,
    0x98, 0x1, 0x61, 0x80, 0x46, 0x6b, 0x8a, 0x90,
    0xa, 0x78, 0x14, 0x79, 0xbc, 0x5d, 0x0, 0x24,
    0x64, 0x47, 0x6c, 0x24, 0xc9, 0x38, 0x80, 0x16,
    0x82, 0x20, 0xe, 0x4e, 0xd0, 0xc,

    /* U+8EAB "身" */
    0x0, 0xf3, 0x18, 0x7, 0xf1, 0x10, 0xe5, 0xc8,
    0xc8, 0x3, 0xdb, 0xde, 0x71, 0xdd, 0x0, 0x7d,
    0x99, 0xd2, 0x1, 0xfb, 0x33, 0xa4, 0x3, 0xf6,
    0x67, 0x48, 0xb, 0x80, 0x76, 0xef, 0x48, 0x68,
    0x7, 0xb7, 0x7a, 0x4d, 0x5c, 0x1, 0xbe, 0x1f,
    0xfd, 0x67, 0x20, 0x16, 0xff, 0xf4, 0xb, 0x0,
    0x7f, 0x36, 0xf7, 0xe8, 0x7, 0x8e, 0x7b, 0x3e,
    0x44, 0x1c, 0x2, 0x2e, 0xeb, 0xe8, 0xbb, 0xef,
    0x0, 0x22, 0xfd, 0x71, 0x0, 0x77, 0xf9, 0xc0,
    0x20,

    /* U+8F6C "转" */
    0x0, 0xc, 0x0, 0x73, 0x20, 0x7, 0x22, 0x0,
    0x3a, 0x84, 0x2, 0x4f, 0xa3, 0xfd, 0x7f, 0xf1,
    0xd7, 0xf8, 0x13, 0xcb, 0x7f, 0x5f, 0xe8, 0xff,
    0xe0, 0x1, 0xd, 0x38, 0x22, 0x39, 0x91, 0x22,
    0xa, 0xa0, 0x5, 0xfe, 0x41, 0xff, 0x9c, 0x1f,
    0x5a, 0xa9, 0x7e, 0x37, 0x79, 0x43, 0x29, 0xd6,
    0xc3, 0x47, 0xfe, 0xb0, 0x1, 0x88, 0x80, 0x86,
    0x7b, 0xf4, 0x60, 0xa, 0x2d, 0x99, 0x6, 0x28,
    0x1d, 0x26, 0x0, 0xff, 0x24, 0xd9, 0x1c, 0xf3,
    0xb8, 0x0, 0x4e, 0x84, 0x1, 0x16, 0x4a, 0xa0,
    0x7, 0xfc, 0xf5, 0x0, 0x1d, 0xe, 0x1, 0xc9,
    0x80, 0x0,

    /* U+8F6E "轮" */
    0x0, 0x1b, 0x0, 0x75, 0x8, 0x6, 0x14, 0xf1,
    0x0, 0x99, 0x54, 0x1, 0xf, 0x43, 0x76, 0x0,
    0xc4, 0xd0, 0x80, 0x7, 0xc7, 0x7f, 0x2, 0x99,
    0x93, 0xa0, 0x11, 0xac, 0x28, 0x50, 0x40, 0x3a,
    0xe0, 0x85, 0xe8, 0x1, 0x0, 0x48, 0x1, 0x28,
    0xa0, 0xf2, 0xb5, 0x14, 0xe2, 0xb, 0xd4, 0x81,
    0xbe, 0xb5, 0x80, 0x6, 0xab, 0xb1, 0x0, 0x8,
    0x2, 0x20, 0x5, 0x1f, 0xa8, 0x0, 0x5a, 0x52,
    0xb0, 0x1, 0x72, 0x20, 0x11, 0xe8, 0x94, 0xf0,
    0x1, 0xc0, 0x2b, 0x12, 0xb8, 0x63, 0x0, 0xf9,
    0x4, 0x3, 0xe5, 0xcf, 0xf9, 0x40,

    /* U+8F6F "软" */
    0x0, 0xa9, 0x0, 0x28, 0x90, 0xe, 0x55, 0x89,
    0x50, 0xf, 0x80, 0x3b, 0xe0, 0x73, 0xf4, 0x12,
    0x77, 0x67, 0xa, 0x78, 0xaa, 0x4a, 0x8e, 0x7f,
    0x9c, 0x40, 0x8, 0x8d, 0x0, 0x4b, 0x3, 0x93,
    0x20, 0x3b, 0x8c, 0x0, 0x85, 0x2d, 0xc0, 0x24,
    0x14, 0xdc, 0x5f, 0xbc, 0x22, 0x0, 0x68, 0x3,
    0x3f, 0x8b, 0xe4, 0x0, 0x4a, 0x1, 0x84, 0x2,
    0x24, 0x0, 0x58, 0x90, 0x0, 0x66, 0xfc, 0xbf,
    0x80, 0xcd, 0x14, 0x0, 0x11, 0x75, 0x16, 0xd0,
    0x74, 0x33, 0x8, 0x1, 0xa, 0xa0, 0x0, 0xd8,
    0xb8, 0xcf, 0x8, 0x7, 0x98, 0x30, 0x0, 0xea,
    0xe0, 0x10, 0xe8, 0x3d, 0x80, 0x69, 0x60,

    /* U+8F7B "轻" */
    0x0, 0x1b, 0x80, 0x7f, 0xf0, 0x2f, 0x80, 0xf,
    0xff, 0xca, 0x9, 0xee, 0xdf, 0xcf, 0xff, 0x51,
    0x28, 0x27, 0x8f, 0xfb, 0x80, 0x24, 0xbe, 0x0,
    0x91, 0x61, 0x80, 0x27, 0xb5, 0x20, 0xb, 0x78,
    0x40, 0xb, 0xb7, 0xb9, 0xf0, 0x0, 0x69, 0x78,
    0xaf, 0x8c, 0x27, 0xf1, 0x0, 0x67, 0x23, 0x47,
    0x7d, 0x55, 0x7e, 0x0, 0x32, 0x3f, 0x16, 0xff,
    0x2e, 0x7a, 0x81, 0x45, 0xbc, 0xc1, 0x2a, 0x85,
    0x14, 0xc0, 0x1f, 0xe4, 0x8b, 0x0, 0xfc, 0x4e,
    0x86, 0x2, 0xcd, 0xa, 0xb3, 0x4, 0x3, 0x8a,
    0x66, 0x8, 0x99, 0x10,

    /* U+8F7D "载" */
    0x0, 0xda, 0x40, 0x7, 0x84, 0x50, 0x9, 0xf7,
    0x45, 0x9b, 0x0, 0x2d, 0x8, 0x0, 0x7d, 0xd1,
    0x66, 0xc0, 0x81, 0x70, 0x81, 0x4c, 0xc5, 0x13,
    0x2a, 0x49, 0xac, 0x33, 0x6e, 0x8e, 0x3b, 0x75,
    0x63, 0xbb, 0x10, 0xb3, 0x11, 0xc, 0xd1, 0x82,
    0x9, 0x8, 0x76, 0x1f, 0xf7, 0x40, 0x41, 0xc6,
    0x0, 0xc3, 0xf9, 0x6c, 0xc2, 0x9, 0x2a, 0x80,
    0xe, 0x59, 0x4b, 0xd8, 0x5, 0xd2, 0x1, 0x37,
    0xf5, 0x2f, 0x60, 0x39, 0x38, 0x4, 0x8c, 0xfc,
    0x99, 0xa6, 0xe4, 0xc, 0xc0, 0xce, 0x12, 0x5d,
    0xc8, 0x42, 0x5f, 0x20, 0x98, 0x6c, 0x11, 0x41,
    0x4e, 0xda, 0x20, 0x3, 0x2d, 0x4, 0xc8, 0xf,
    0xb4, 0x0,

    /* U+8F83 "较" */
    0x0, 0x1d, 0x0, 0x62, 0xc0, 0xe, 0x4a, 0x64,
    0x30, 0x1, 0x3a, 0x0, 0x43, 0xec, 0x1f, 0x57,
    0xdc, 0x4a, 0xee, 0x10, 0xd8, 0xf5, 0x4d, 0xfc,
    0xff, 0xa3, 0x88, 0xd, 0x52, 0x0, 0x13, 0xe0,
    0x34, 0x80, 0xa, 0xe0, 0x9, 0x16, 0x0, 0x1d,
    0x42, 0xd, 0x52, 0xd9, 0xae, 0xe0, 0x29, 0x91,
    0x7, 0x7c, 0xb6, 0x4c, 0x48, 0x51, 0xb9, 0x80,
    0x80, 0x44, 0x4, 0x90, 0xd2, 0x0, 0x19, 0xb8,
    0x68, 0x0, 0x43, 0xb0, 0x80, 0x5d, 0xc6, 0x65,
    0x0, 0x28, 0x98, 0x80, 0x2, 0xeb, 0xc0, 0x1,
    0xb4, 0xd8, 0xc6, 0x0, 0xfb, 0x73, 0x0, 0xd5,
    0x42, 0x0, 0x9a, 0x43, 0x1c, 0x2, 0x4c, 0x20,

    /* U+8F91 "辑" */
    0x0, 0x11, 0x80, 0x7f, 0xf0, 0x12, 0x80, 0x3,
    0xf9, 0x97, 0x50, 0x16, 0xcb, 0xee, 0x0, 0xe6,
    0x50, 0x0, 0x2d, 0x1f, 0xdc, 0x2, 0xcc, 0xa8,
    0x80, 0x4, 0x49, 0x50, 0x64, 0xbb, 0xde, 0x61,
    0x56, 0x26, 0x6, 0xe6, 0x77, 0x68, 0x83, 0x4b,
    0x4c, 0x90, 0x3b, 0xa5, 0x22, 0x5, 0x73, 0x4c,
    0x80, 0x11, 0x12, 0x0, 0x48, 0x1, 0xff, 0xc1,
    0x47, 0x48, 0xd0, 0x4, 0x44, 0x80, 0x2, 0xff,
    0x34, 0xe8, 0x2, 0x27, 0x98, 0xd0, 0xae, 0x8,
    0x4f, 0x4e, 0x65, 0xa2, 0xe, 0x1, 0xc7, 0xb9,
    0x75, 0x38, 0x66, 0x0, 0xa5, 0x80, 0x3c, 0xf0,
    0x0,

    /* U+8F93 "输" */
    0x0, 0x39, 0x0, 0x61, 0x80, 0xf, 0x50, 0x7,
    0x6b, 0x10, 0x4, 0xbe, 0x5b, 0xe4, 0x38, 0x9b,
    0xea, 0x0, 0x5c, 0x4f, 0xf3, 0xfa, 0xc9, 0x74,
    0x59, 0x2, 0x6e, 0x83, 0x65, 0x77, 0x5e, 0xfa,
    0x0, 0xc7, 0x30, 0x90, 0xbb, 0x7e, 0xd6, 0x11,
    0x12, 0xc6, 0x96, 0x83, 0x53, 0x1, 0xc0, 0xa7,
    0xc3, 0xdc, 0x3, 0xf9, 0x94, 0x50, 0x4, 0x40,
    0x1e, 0x16, 0x91, 0xc7, 0x11, 0x80, 0x38, 0xb3,
    0xc3, 0x5c, 0x48, 0x80, 0x20, 0x11, 0xd3, 0x8,
    0x1, 0x97, 0xc3, 0x0, 0x3f, 0x8, 0x1d, 0x1b,
    0x6b, 0x0, 0x6e, 0x2, 0xa3, 0xc4, 0x6d, 0xb0,

    /* U+8FA8 "辨" */
    0x0, 0xff, 0xe2, 0x60, 0x80, 0x5c, 0x3, 0xa0,
    0x1c, 0xac, 0x1, 0xc2, 0xca, 0x0, 0x3e, 0x68,
    0xe2, 0x0, 0x3f, 0x25, 0x70, 0x1c, 0xf7, 0x18,
    0x58, 0x1d, 0xdf, 0x92, 0x1, 0x3a, 0x7b, 0x80,
    0x44, 0x36, 0x40, 0x21, 0xdc, 0x13, 0x30, 0x9,
    0x2a, 0x98, 0x17, 0x15, 0xb7, 0x18, 0x18, 0xa8,
    0x60, 0x92, 0xd6, 0xaf, 0x4c, 0x1e, 0xd6, 0x2c,
    0x85, 0xd3, 0x1d, 0x88, 0x80, 0x20, 0x22, 0x0,
    0x84, 0x40, 0x4, 0x43, 0x62, 0x5e, 0x0, 0xb8,
    0x43, 0x85, 0x5b, 0x6a, 0x56, 0x80, 0x14, 0x48,
    0x19, 0x86, 0x1, 0xf4, 0xf0, 0x3, 0x6c, 0x3,
    0xf6, 0x10, 0x2, 0xc4, 0x2, 0xb4, 0x0, 0x0,

    /* U+8FB9 "边" */
    0xb, 0x30, 0xd, 0x4e, 0x1, 0xed, 0xe0, 0xc,
    0x22, 0x0, 0xf3, 0x3c, 0x80, 0x4e, 0x1, 0x8,
    0x6, 0xbd, 0x7f, 0xf1, 0xcf, 0xfb, 0xa4, 0x2,
    0x14, 0x7f, 0xf0, 0xef, 0xf9, 0xc4, 0x2b, 0xfc,
    0x80, 0x1, 0x11, 0x0, 0x4, 0x1, 0x5e, 0x60,
    0x12, 0x18, 0x4, 0x7e, 0x1, 0xf7, 0x58, 0x4,
    0x24, 0x1, 0xe4, 0x57, 0x0, 0x98, 0x40, 0x39,
    0x2a, 0x80, 0x46, 0xa4, 0xa0, 0x3, 0x23, 0x2a,
    0x40, 0x4f, 0x99, 0x8, 0x26, 0xc5, 0xe3, 0x80,
    0x1b, 0x30, 0x86, 0x3b, 0xd, 0x9b, 0xdf, 0xfd,
    0xb8, 0x12, 0xc0, 0x7, 0xdf, 0xf7, 0x7f, 0xe1,

    /* U+8FBE "达" */
    0x4, 0x50, 0xe, 0xb5, 0x0, 0xe6, 0xa1, 0x0,
    0xff, 0x89, 0xec, 0x3, 0x38, 0x80, 0x7a, 0x75,
    0x3f, 0xe3, 0xbf, 0xf9, 0x40, 0x2, 0xe9, 0xff,
    0x7, 0x7f, 0xca, 0x39, 0x8a, 0x0, 0x8c, 0x2c,
    0x3, 0xc, 0x4a, 0x0, 0x56, 0xad, 0x20, 0x19,
    0x1c, 0x2, 0x16, 0x9d, 0x47, 0x0, 0xfd, 0x4e,
    0x63, 0xf0, 0xa0, 0x1c, 0x38, 0x12, 0x0, 0x2a,
    0xa0, 0x80, 0x20, 0x4a, 0x6c, 0x3, 0x2e, 0x8,
    0x59, 0xef, 0xe9, 0x88, 0x8, 0x88, 0x8, 0x42,
    0x4b, 0x3f, 0xfe, 0xe6, 0x1b, 0x0, 0x9f, 0x3b,
    0xfb, 0x9b, 0xa4,

    /* U+8FC1 "迁" */
    0x1, 0x0, 0xfc, 0x90, 0x1, 0x4d, 0x80, 0xbc,
    0x5e, 0xf7, 0xf8, 0x40, 0x10, 0x54, 0x21, 0xd0,
    0x1b, 0x6e, 0x20, 0x14, 0xe0, 0x3b, 0x18, 0x80,
    0x7e, 0x60, 0xf, 0xf8, 0x44, 0xf, 0x77, 0x1f,
    0xdd, 0xc6, 0x3f, 0xee, 0x4f, 0xf8, 0xaf, 0xfe,
    0x21, 0xec, 0x3, 0x44, 0x85, 0x13, 0x8, 0x7,
    0xff, 0x4a, 0x84, 0x40, 0x1f, 0xe9, 0x2c, 0xd6,
    0x10, 0xf3, 0x1, 0x31, 0x2, 0xa3, 0xde, 0xde,
    0xde, 0xe7, 0xf1, 0x5, 0x80, 0x6, 0x33, 0xbb,
    0xb4, 0xc0,

    /* U+8FC7 "过" */
    0x2, 0x30, 0xf, 0xb8, 0x80, 0x26, 0xd2, 0x0,
    0xff, 0x92, 0x38, 0x3, 0xe1, 0x0, 0xcd, 0x6b,
    0xff, 0xc3, 0x9e, 0x20, 0x13, 0xaf, 0xff, 0xe,
    0xf8, 0x85, 0xda, 0x81, 0xac, 0x3, 0xf7, 0xf2,
    0x3, 0x4, 0x0, 0x7c, 0x8e, 0x1, 0x4a, 0x80,
    0x7f, 0xf0, 0xb, 0x40, 0x3f, 0xf8, 0x22, 0x44,
    0x10, 0xe, 0xa1, 0x20, 0x2, 0xe6, 0x14, 0x80,
    0x2b, 0x3a, 0xf8, 0x57, 0xdd, 0x4a, 0x29, 0x0,
    0xda, 0xef, 0xf7, 0xf7, 0xfa, 0x38, 0x0,

    /* U+8FD0 "运" */
    0x0, 0xff, 0xe1, 0xc5, 0x88, 0x1f, 0xff, 0xb0,
    0x1, 0x7, 0xe4, 0x7f, 0xfe, 0xc0, 0xa, 0x34,
    0x80, 0x3f, 0xf8, 0x6, 0x6c, 0xcf, 0xd4, 0x5f,
    0xeb, 0x2f, 0xf2, 0x87, 0xc7, 0xfa, 0x4b, 0xe9,
    0xc4, 0xcc, 0xf0, 0x7e, 0xc6, 0x60, 0x0, 0x80,
    0x4c, 0x48, 0x11, 0x60, 0x1f, 0xc, 0x78, 0x90,
    0x14, 0x0, 0x7a, 0x47, 0x3b, 0xfc, 0xce, 0x40,
    0x2, 0x11, 0x4e, 0xff, 0xb7, 0x2a, 0x40, 0xf,
    0x6b, 0x8e, 0x1, 0xe7, 0x11, 0x57, 0xc6, 0x7e,
    0x7f, 0xf7, 0x40, 0xe9, 0x0, 0xcf, 0x7f, 0xfa,
    0xc0,

    /* U+8FD1 "近" */
    0x2, 0x30, 0xc, 0x26, 0xaf, 0x54, 0x0, 0xe,
    0x98, 0x3, 0xf2, 0x3f, 0xe8, 0x0, 0x1d, 0x68,
    0x80, 0x32, 0xea, 0x14, 0x80, 0x24, 0xd1, 0x0,
    0xff, 0xe0, 0x18, 0x5, 0x75, 0x5c, 0xa1, 0xdc,
    0xc0, 0xa, 0x21, 0x2b, 0x10, 0x40, 0xca, 0x20,
    0x20, 0x22, 0x80, 0x88, 0x20, 0x4c, 0x0, 0x63,
    0x0, 0xff, 0xe0, 0x62, 0x80, 0x7f, 0xf0, 0x17,
    0x40, 0x3f, 0xa8, 0x51, 0xd0, 0x2, 0x20, 0xd,
    0x47, 0x92, 0x46, 0x22, 0xc, 0x24, 0x30, 0x1b,
    0x3d, 0xff, 0xfa, 0x54, 0x2c, 0x2, 0x7c, 0xee,
    0xdb, 0xa6,

    /* U+8FD4 "返" */
    0x1, 0x0, 0xf8, 0x91, 0xc4, 0x1, 0x8c, 0x0,
    0xcd, 0xef, 0xfb, 0x94, 0x1, 0xf0, 0x80, 0x79,
    0xdf, 0xb7, 0x28, 0x0, 0x2c, 0x40, 0x2, 0xa2,
    0x70, 0x6, 0x20, 0xb, 0xbb, 0xac, 0x81, 0xb3,
    0x6, 0x21, 0x51, 0x54, 0xf3, 0x20, 0x4f, 0x17,
    0x32, 0x26, 0x30, 0xdf, 0x80, 0x8, 0xc4, 0x1d,
    0x8b, 0xef, 0xdc, 0xc0, 0x3d, 0x98, 0x0, 0x8,
    0x10, 0x7, 0x89, 0x95, 0xfd, 0x38, 0x70, 0x40,
    0x4, 0x41, 0xa0, 0xdc, 0x80, 0xa4, 0x30, 0x3c,
    0x8b, 0xc6, 0x83, 0x11, 0x15, 0xb0, 0xa5, 0xb6,
    0x7f, 0xfd, 0xd0, 0x2e, 0xa0, 0x6, 0xbd, 0xee,
    0xb7, 0x58, 0x0,

    /* U+8FD8 "还" */
    0x7, 0x20, 0xf, 0xfe, 0xe, 0x13, 0xff, 0xfd,
    0xc0, 0x7, 0x77, 0x3f, 0x74, 0xc9, 0xdc, 0xf0,
    0xa, 0x74, 0x4, 0x46, 0xd0, 0x23, 0x0, 0x61,
    0x0, 0xb8, 0x4, 0x80, 0x2a, 0xff, 0x20, 0x2,
    0x9c, 0x1f, 0xc, 0x1, 0x5e, 0x60, 0xb, 0x7a,
    0x4, 0xad, 0x30, 0xe, 0xd7, 0xc1, 0x0, 0x25,
    0xe8, 0x7, 0x7e, 0x8, 0x6, 0x5c, 0x0, 0xe2,
    0x0, 0xf8, 0x80, 0x6, 0x58, 0x1, 0xfe, 0x4d,
    0xb3, 0xb4, 0x10, 0xf1, 0x1, 0x32, 0xd8, 0x5b,
    0xd8, 0xef, 0xfd, 0xd8, 0xd2, 0xc0, 0x6, 0xcf,
    0xf7, 0x7f, 0xe4,

    /* U+8FD9 "这" */
    0x0, 0xff, 0xe1, 0x90, 0x7, 0x1e, 0x80, 0x7a,
    0xf0, 0x3, 0x18, 0xb0, 0x7, 0x4b, 0x54, 0x66,
    0x45, 0x79, 0x92, 0x80, 0x2a, 0x2b, 0xfe, 0xde,
    0x66, 0x7a, 0x0, 0x44, 0x4a, 0x13, 0x39, 0x24,
    0xc4, 0x11, 0x6, 0x19, 0x85, 0x6, 0x23, 0x0,
    0xf, 0xc4, 0x1, 0x72, 0x2a, 0x3c, 0x2, 0x1b,
    0x80, 0x8, 0xbd, 0x40, 0x40, 0x3f, 0x93, 0x1e,
    0x31, 0x0, 0x3c, 0x77, 0x57, 0xd, 0x56, 0xc0,
    0x11, 0xb3, 0xe7, 0xa8, 0x1, 0x30, 0xc0, 0x11,
    0x29, 0x24, 0x1, 0xc4, 0xc6, 0x2b, 0x93, 0xdd,
    0x7f, 0xee, 0xc5, 0x1d, 0x20, 0x3b, 0xff, 0x77,
    0x3f, 0xe6,

    /* U+8FDB "进" */
    0x5, 0x80, 0xd, 0xe0, 0xe, 0x20, 0x9, 0x19,
    0x0, 0x3f, 0xe1, 0xa9, 0x1, 0x10, 0x8, 0xe0,
    0xc, 0x90, 0x1d, 0xc0, 0xee, 0x6, 0x70, 0x6,
    0x50, 0xff, 0x7, 0xf8, 0x77, 0x80, 0x19, 0x8a,
    0x0, 0xff, 0xb7, 0xd1, 0x7b, 0xc3, 0xb8, 0x3b,
    0xc6, 0x2, 0x20, 0x5f, 0xa3, 0xff, 0x6, 0x79,
    0x80, 0x70, 0xe5, 0x88, 0xf0, 0x7, 0x8d, 0xd8,
    0x3, 0xf5, 0x9, 0x26, 0x88, 0x1, 0xcc, 0x2,
    0xa3, 0xbf, 0x11, 0x0, 0x50, 0x66, 0x21, 0x6b,
    0x4c, 0xee, 0xbf, 0xbf, 0x38, 0x45, 0x80, 0x1,
    0x8c, 0xef, 0xee, 0xb4, 0xc0,

    /* U+8FDC "远" */
    0x0, 0xff, 0xe1, 0xcc, 0x80, 0x9, 0xff, 0xec,
    0x0, 0x48, 0x68, 0x27, 0xff, 0xb0, 0x2, 0x9e,
    0x0, 0xff, 0xe0, 0x9b, 0xe6, 0x7e, 0x72, 0xff,
    0x5b, 0x6e, 0x8a, 0x3c, 0xb7, 0x4c, 0x5f, 0x4e,
    0x23, 0x94, 0x40, 0x46, 0x0, 0x8, 0x4, 0x42,
    0x20, 0xf, 0xfa, 0x18, 0x3, 0x1c, 0x0, 0x61,
    0xa7, 0x90, 0x30, 0x4b, 0x10, 0x1, 0xc, 0x9e,
    0x8, 0xb, 0x71, 0x58, 0x35, 0xd2, 0xf8, 0x6,
    0x8a, 0xa0, 0xd, 0xe3, 0xe7, 0xfd, 0xdc, 0xff,
    0xa4, 0x74, 0x40, 0x67, 0xbf, 0xb9, 0xff, 0x58,

    /* U+8FDD "违" */
    0x1, 0x0, 0xf7, 0x8, 0x7, 0x4d, 0x80, 0x78,
    0xc0, 0x3a, 0xa, 0x27, 0xba, 0x1c, 0xee, 0x84,
    0x1, 0x3f, 0x3d, 0xd0, 0xff, 0x74, 0x20, 0x13,
    0x8f, 0x74, 0x3f, 0xdc, 0x70, 0x4, 0xc9, 0x87,
    0xba, 0x1f, 0xee, 0x38, 0x4, 0x54, 0x2, 0x30,
    0x10, 0x8c, 0x0, 0x9f, 0x9, 0xcc, 0x87, 0xb3,
    0x1c, 0xc0, 0x1a, 0x77, 0x61, 0xcd, 0xd2, 0x10,
    0x7, 0xf9, 0x15, 0x60, 0x0, 0x88, 0x3, 0xe3,
    0xd1, 0x6, 0x85, 0xc4, 0x0, 0x48, 0xa3, 0x18,
    0x85, 0xfc, 0x7f, 0xdd, 0x3d, 0xcf, 0xf2, 0x6,
    0x90, 0x1d, 0xff, 0x7f, 0xbb, 0xfc, 0xa0,

    /* U+8FDE "连" */
    0x3, 0x0, 0xe5, 0x10, 0xf, 0x4d, 0x0, 0x4,
    0xa8, 0x84, 0x70, 0x2, 0x9a, 0x1b, 0x30, 0x1d,
    0x99, 0x68, 0x5, 0xb4, 0xda, 0x55, 0xcb, 0xba,
    0xc0, 0x8, 0x48, 0x10, 0x55, 0xd0, 0x3, 0x47,
    0xf9, 0x2, 0x8b, 0xec, 0xff, 0xce, 0x11, 0xe6,
    0x0, 0xdf, 0xf5, 0x1f, 0xf9, 0xc0, 0x3c, 0x60,
    0x1, 0x0, 0xfe, 0x8f, 0xfa, 0xcf, 0xfe, 0x20,
    0xd, 0x1f, 0xf5, 0x9f, 0xfc, 0x40, 0x44, 0x30,
    0xf, 0xf1, 0xe4, 0x65, 0x20, 0x83, 0x50, 0x9,
    0x95, 0xcb, 0x5e, 0x47, 0x7e, 0xcf, 0xf6, 0x3c,
    0x38, 0x1, 0xb3, 0xfd, 0xdf, 0xf9, 0x40,

    /* U+8FDF "迟" */
    0x1, 0x30, 0xf, 0xfe, 0x1, 0x69, 0x80, 0xff,
    0xfb, 0x80, 0x7, 0xba, 0x10, 0x7, 0xfe, 0xd0,
    0xc, 0x78, 0x20, 0x1f, 0xfc, 0x2, 0x0, 0xaa,
    0xb4, 0x80, 0x7, 0xb9, 0xa0, 0x61, 0xfe, 0xcf,
    0xea, 0x1, 0xfd, 0x30, 0x12, 0x55, 0x40, 0x2a,
    0x0, 0x4, 0x40, 0x5, 0x60, 0x6, 0xda, 0x80,
    0x7d, 0xba, 0x0, 0x1d, 0x50, 0xc0, 0x38, 0xd1,
    0xc0, 0x24, 0x9d, 0x10, 0x5, 0x8b, 0x58, 0x80,
    0x66, 0xb1, 0xb, 0x3c, 0x9d, 0x42, 0x2e, 0x15,
    0x10, 0xa3, 0xcf, 0xfb, 0x31, 0xfe, 0x8d, 0x1b,
    0x0, 0x9a, 0xf7, 0xb9, 0xba, 0xc8,

    /* U+8FED "迭" */
    0x4, 0x0, 0x86, 0x2, 0xd4, 0x3, 0xbe, 0x80,
    0xe, 0x80, 0x1f, 0xad, 0x9c, 0x28, 0xb1, 0x23,
    0x30, 0xe0, 0x16, 0xb2, 0x1e, 0xf1, 0xd7, 0x71,
    0x80, 0x21, 0x17, 0x41, 0x93, 0x99, 0x10, 0x41,
    0x66, 0x45, 0xa, 0x44, 0x61, 0x22, 0x81, 0xb9,
    0x1a, 0x7b, 0xa2, 0x9e, 0xe4, 0x81, 0xb8, 0x85,
    0xe6, 0x28, 0x1f, 0x72, 0xc0, 0x3e, 0x28, 0xcc,
    0x88, 0x3, 0xe4, 0xc9, 0x37, 0x8c, 0x20, 0x0,
    0x88, 0xd2, 0xa8, 0xe0, 0x5, 0x84, 0x2, 0xca,
    0xef, 0xb6, 0x0, 0x8, 0x90, 0x81, 0x2d, 0xe6,
    0x3f, 0xba, 0xcc, 0x74, 0x3, 0x30, 0x0, 0x75,
    0x9d, 0xcd, 0xd6, 0x60, 0x0,

    /* U+8FF0 "述" */
    0x3, 0x10, 0xe, 0x4c, 0x47, 0x0, 0x93, 0x40,
    0x3e, 0x4a, 0x70, 0x3, 0xb4, 0x80, 0x61, 0x0,
    0x78, 0x6, 0xb3, 0x1f, 0xfa, 0x8f, 0xf6, 0x20,
    0x0, 0x1a, 0x1f, 0xf7, 0x0, 0x27, 0xfd, 0x3,
    0xfe, 0xd0, 0xa, 0x4c, 0xad, 0x0, 0x3, 0xfc,
    0x60, 0x2, 0x69, 0x1f, 0xa2, 0x0, 0xfb, 0xa0,
    0x40, 0xaf, 0xc0, 0x3d, 0x4e, 0xc0, 0x12, 0xb3,
    0x80, 0x61, 0x15, 0x0, 0x75, 0x38, 0x1, 0x4,
    0xec, 0x40, 0x38, 0x40, 0x11, 0x35, 0xd0, 0x62,
    0xba, 0x24, 0x68, 0x7, 0xab, 0x9d, 0x19, 0xff,
    0xd8, 0x16, 0x20, 0x6, 0xbd, 0xee, 0xb7, 0x20,

    /* U+8FF7 "迷" */
    0xb, 0x20, 0x1, 0x0, 0xf8, 0x0, 0xc4, 0x1,
    0x9e, 0x5, 0x80, 0x1d, 0xa4, 0x0, 0x77, 0x89,
    0x58, 0x2, 0x55, 0x18, 0x5, 0x6e, 0x1f, 0xe0,
    0xb, 0xa0, 0x3, 0x8, 0x18, 0x6a, 0x2, 0x7b,
    0x98, 0x4f, 0xf9, 0x27, 0xfd, 0x61, 0x5f, 0xe9,
    0x9, 0xf3, 0xa, 0xb9, 0x0, 0x1f, 0x5d, 0x0,
    0x7d, 0xf6, 0x1f, 0x6a, 0x1, 0xf6, 0x2a, 0x1,
    0x65, 0xa0, 0x7, 0x63, 0x40, 0x4, 0x5b, 0x0,
    0x3, 0x23, 0xea, 0x0, 0xe3, 0xc0, 0x4d, 0x8b,
    0x83, 0x11, 0x60, 0x0, 0x4c, 0x76, 0x1b, 0x37,
    0xb9, 0xf9, 0xfe, 0xec, 0x39, 0x60, 0x3, 0xef,
    0xfb, 0xbf, 0xf1, 0x0,

    /* U+8FFD "追" */
    0x0, 0xfc, 0xc6, 0x1, 0xcd, 0x40, 0x10, 0x8a,
    0x1c, 0x44, 0x1, 0x31, 0xd8, 0x27, 0x61, 0xce,
    0x70, 0x80, 0x53, 0xe0, 0x4, 0xdd, 0xc2, 0x1,
    0x8, 0x94, 0x0, 0xb7, 0x78, 0x40, 0x5, 0xdc,
    0xf0, 0x1, 0x4c, 0xed, 0x10, 0x2d, 0xb0, 0x9,
    0xc8, 0xb8, 0x2, 0x26, 0x0, 0x93, 0x77, 0x74,
    0x80, 0x7c, 0x9b, 0xba, 0x0, 0x3f, 0x84, 0x78,
    0x3, 0x8, 0x1, 0xdd, 0xbb, 0xaf, 0x80, 0x9,
    0xa9, 0x61, 0x99, 0xe6, 0x20, 0x9d, 0xaf, 0xfb,
    0xbb, 0x7f, 0x28, 0x69, 0x82, 0x67, 0xfd, 0xdc,
    0xff, 0x38,

    /* U+9000 "退" */
    0x0, 0xff, 0xe1, 0xae, 0x0, 0x17, 0xf7, 0x77,
    0x90, 0x1, 0x55, 0x80, 0x3, 0xdd, 0xc4, 0x1,
    0xa6, 0x80, 0x7, 0xbb, 0x88, 0x3, 0x98, 0x0,
    0x7b, 0xb8, 0x80, 0x2e, 0xe6, 0x0, 0xf, 0xbb,
    0x10, 0x5, 0xfa, 0x20, 0x3, 0xea, 0xfe, 0xbe,
    0x0, 0x8, 0x80, 0x38, 0x72, 0x65, 0xe0, 0x1f,
    0xc9, 0xcf, 0x6, 0x1, 0xe2, 0x26, 0x60, 0x72,
    0x18, 0x2, 0x73, 0x10, 0x9e, 0xd2, 0x27, 0xf0,
    0x1, 0xe2, 0x18, 0xa, 0x40, 0x11, 0xd1, 0x5,
    0xe3, 0x67, 0xf7, 0x77, 0xf9, 0x3, 0x4, 0x6,
    0x33, 0xbb, 0xb5, 0x80,

    /* U+9001 "送" */
    0x6, 0x0, 0x89, 0x80, 0x24, 0x60, 0xb, 0xec,
    0x0, 0x50, 0x40, 0x8, 0x30, 0xa, 0x42, 0x0,
    0x99, 0x49, 0x85, 0xc4, 0x2, 0xaa, 0x1f, 0xad,
    0x6d, 0x87, 0xc8, 0x4, 0x24, 0x7b, 0xb0, 0x66,
    0xea, 0x2, 0x3f, 0xc8, 0x1, 0xfe, 0x8e, 0x30,
    0xbe, 0xe7, 0x87, 0xf7, 0x40, 0x1, 0x0, 0x5f,
    0x72, 0x81, 0xbb, 0xa0, 0xf, 0x86, 0xe8, 0xe8,
    0x3, 0xf1, 0xe3, 0x2d, 0x8d, 0x0, 0x46, 0x44,
    0x5d, 0x88, 0x0, 0x2c, 0x50, 0xf, 0x62, 0xb3,
    0x54, 0x3, 0x53, 0x8c, 0xc3, 0x60, 0xf7, 0xff,
    0x76, 0x1d, 0x30, 0x2, 0x37, 0xfb, 0x9f, 0xf8,
    0x80,

    /* U+9002 "适" */
    0x0, 0xff, 0x12, 0x80, 0x7, 0x8, 0x9, 0xe6,
    0xb3, 0xbf, 0xc2, 0x3, 0x5e, 0x26, 0x39, 0x27,
    0x9b, 0x42, 0x0, 0x6a, 0x20, 0x74, 0x20, 0x11,
    0xc0, 0x13, 0x9e, 0x66, 0xe, 0xcc, 0x81, 0xaa,
    0x85, 0xbb, 0x87, 0xf7, 0x60, 0x4e, 0x76, 0x9,
    0x98, 0x62, 0x64, 0x20, 0x48, 0x20, 0x7, 0xdd,
    0x5f, 0x6b, 0x18, 0x7, 0xca, 0x89, 0x84, 0x3,
    0xf3, 0x3b, 0xe1, 0x0, 0x84, 0x46, 0x10, 0x23,
    0xd2, 0x40, 0x59, 0x5d, 0x64, 0x8c, 0xc7, 0x72,
    0x20, 0x12, 0xde, 0x63, 0xbb, 0x66, 0x3b, 0xc1,
    0x98, 0x0, 0x3a, 0xce, 0xe6, 0xeb, 0x2c, 0x0,

    /* U+9006 "逆" */
    0x1, 0x0, 0x8a, 0x40, 0x21, 0xa1, 0x0, 0x5c,
    0x0, 0x8, 0x8e, 0x0, 0xb1, 0x10, 0x2, 0x91,
    0xd1, 0x8e, 0xda, 0x17, 0x18, 0x40, 0x1a, 0x65,
    0xc0, 0x90, 0x4f, 0xfc, 0x60, 0x1, 0x46, 0x49,
    0x82, 0xe8, 0x94, 0x21, 0xff, 0x58, 0x10, 0x7,
    0x88, 0x7, 0xed, 0xc0, 0x3f, 0xf8, 0x9d, 0xe7,
    0x7f, 0xc0, 0x1f, 0x77, 0xf0, 0x77, 0xfb, 0x80,
    0x3f, 0x42, 0x88, 0x7, 0x84, 0x40, 0x76, 0x96,
    0x1, 0xe5, 0x85, 0xca, 0x3d, 0x10, 0xc, 0x21,
    0x1f, 0x1c, 0x6d, 0xdd, 0x7f, 0xca, 0x1a, 0x40,
    0x55, 0xdc, 0xfe, 0xff, 0x90,

    /* U+9009 "选" */
    0x3, 0x10, 0x8, 0xd0, 0xb8, 0x3, 0x93, 0xc4,
    0x1, 0x24, 0x1, 0xf3, 0xbb, 0x0, 0x56, 0x30,
    0x7b, 0xa2, 0x0, 0x4c, 0x5, 0xb7, 0x60, 0xf7,
    0x44, 0x1, 0x28, 0x74, 0x0, 0x7e, 0x22, 0x83,
    0xea, 0xe4, 0x6e, 0xe3, 0xf, 0xf4, 0x87, 0xf8,
    0xa, 0x93, 0xfc, 0x41, 0xb2, 0x0, 0x44, 0x36,
    0xa0, 0xa2, 0x4, 0x3, 0xca, 0x68, 0x1, 0x12,
    0x80, 0x73, 0xdd, 0x0, 0x88, 0xd7, 0x0, 0x26,
    0x3d, 0xc4, 0x0, 0x3c, 0x6d, 0x2, 0x52, 0x76,
    0x18, 0x5, 0x17, 0x44, 0x13, 0x53, 0xf9, 0xfe,
    0xee, 0x7f, 0xcc, 0x1a, 0x80, 0x55, 0xdf, 0xfe,
    0x70,

    /* U+9010 "逐" */
    0x0, 0xff, 0xe1, 0xf, 0x18, 0x6f, 0x75, 0xfd,
    0xd6, 0x0, 0xee, 0x8f, 0x7b, 0x4e, 0x7b, 0xac,
    0x0, 0x1d, 0x10, 0xcf, 0x30, 0x80, 0x2d, 0x40,
    0x24, 0x1d, 0xed, 0xd4, 0x26, 0x61, 0x42, 0x3f,
    0xc7, 0x8d, 0x39, 0x37, 0x67, 0x0, 0x47, 0x9b,
    0xb7, 0xfa, 0xbc, 0x25, 0x0, 0x3c, 0xfe, 0xf6,
    0x5, 0x74, 0x80, 0x1c, 0x2f, 0xfb, 0x22, 0xf5,
    0x20, 0x1d, 0xba, 0xc6, 0x13, 0x24, 0xd0, 0x8,
    0x4b, 0x6c, 0x2f, 0xd8, 0x3, 0xe, 0xa6, 0xda,
    0x7, 0xec, 0x9, 0x18, 0xbd, 0x4d, 0xff, 0x7d,
    0x6e, 0x63, 0xbc, 0x59, 0xc0, 0x9, 0x5b, 0xdc,
    0xdd, 0x66, 0x0,

    /* U+9012 "递" */
    0x0, 0xf4, 0x10, 0x1, 0x60, 0x2, 0x5c, 0x0,
    0xb6, 0x40, 0x6e, 0xc0, 0x12, 0xbb, 0x8f, 0xad,
    0x7b, 0x81, 0xba, 0x0, 0xa8, 0xf, 0xba, 0x5b,
    0xee, 0x18, 0x4, 0x2e, 0x19, 0xdc, 0x4a, 0xee,
    0x0, 0x55, 0x48, 0x2, 0xee, 0x25, 0x77, 0x40,
    0xe, 0xc4, 0x11, 0x6e, 0x92, 0xb7, 0x65, 0x4,
    0x50, 0x1f, 0xd7, 0xa, 0xdd, 0x20, 0x7, 0x86,
    0xcd, 0x0, 0x49, 0x44, 0x3, 0x26, 0x6c, 0x80,
    0x13, 0x99, 0x0, 0x14, 0x61, 0x8c, 0x1, 0x2e,
    0x50, 0x2, 0x8f, 0x66, 0x10, 0xe5, 0x8c, 0xca,
    0xa0, 0x5, 0x16, 0xff, 0x7f, 0xf7, 0x10,

    /* U+9014 "途" */
    0x0, 0xfd, 0x44, 0x1, 0xcd, 0xa6, 0x1, 0x53,
    0x48, 0x80, 0x66, 0x9d, 0x10, 0xa0, 0xcd, 0xc4,
    0x0, 0xc9, 0xe9, 0xa1, 0x26, 0xb5, 0x4c, 0x30,
    0x8, 0x4b, 0xce, 0x33, 0xf3, 0x68, 0xc7, 0x75,
    0x4e, 0x53, 0x65, 0xf6, 0x6c, 0x3, 0xf0, 0xcc,
    0xee, 0x8b, 0x7b, 0xa1, 0x2, 0x10, 0x6e, 0xae,
    0x2d, 0xd6, 0x70, 0x80, 0x74, 0x98, 0x6, 0xf1,
    0x0, 0xe5, 0x53, 0x80, 0x47, 0x74, 0x1, 0x18,
    0x8b, 0x4e, 0xc8, 0x80, 0xde, 0x0, 0x8b, 0xb4,
    0xa1, 0x4f, 0x8, 0x1, 0x44, 0x4b, 0xad, 0xff,
    0x6f, 0xf7, 0xfb, 0x88, 0x74, 0x40, 0xab, 0xbf,
    0xdd, 0xff, 0x18,

    /* U+901A "通" */
    0x0, 0xff, 0xe1, 0xc3, 0x80, 0x1b, 0x77, 0xbe,
    0x40, 0x13, 0x72, 0xd, 0xaf, 0x5c, 0xee, 0x90,
    0x0, 0xe0, 0x9, 0x27, 0x6e, 0x36, 0x18, 0x6,
    0x91, 0xa8, 0xd0, 0x15, 0xde, 0x1, 0x55, 0x20,
    0x2, 0xe6, 0xe, 0x64, 0x20, 0xe, 0x98, 0x0,
    0x4e, 0x79, 0x66, 0x4, 0x6, 0xfc, 0x2, 0x9c,
    0xf2, 0xcc, 0x8, 0x7, 0xd3, 0xbe, 0x5b, 0xa1,
    0x0, 0xfa, 0x77, 0xcb, 0x74, 0x20, 0x12, 0x10,
    0x6, 0x31, 0x3d, 0x60, 0x3, 0xdc, 0x66, 0x1c,
    0x7, 0xf, 0x68, 0x6, 0xb5, 0xbb, 0xb6, 0xeb,
    0xbf, 0xca, 0x3a, 0x20, 0x55, 0xdc, 0xcd, 0xef,
    0xf2, 0x80,

    /* U+901F "速" */
    0x0, 0xfd, 0x86, 0x1, 0xd3, 0x40, 0x1, 0x1c,
    0xe2, 0x30, 0x2, 0x59, 0xdd, 0x99, 0x14, 0xe6,
    0x44, 0x0, 0xdc, 0x7d, 0xd8, 0xe7, 0x76, 0x20,
    0x0, 0xd8, 0x76, 0xe8, 0xe7, 0x75, 0xc0, 0x37,
    0x6a, 0x0, 0x66, 0x9f, 0x6e, 0x0, 0x6, 0xe9,
    0x0, 0x19, 0xa7, 0xdb, 0x80, 0x1f, 0x76, 0xa0,
    0x1c, 0xef, 0x0, 0x7c, 0xe4, 0x77, 0x10, 0x0,
    0xf0, 0xd5, 0xd0, 0x36, 0x15, 0x0, 0x4a, 0x28,
    0x78, 0x20, 0x15, 0x78, 0x1, 0xa6, 0x27, 0x0,
    0x10, 0x40, 0x4, 0x10, 0xbc, 0x7e, 0xfe, 0xe5,
    0x7f, 0xdc, 0x41, 0xa2, 0x5, 0x5d, 0xcf, 0xef,
    0xf8, 0xc0,

    /* U+9020 "造" */
    0x1, 0x10, 0x4, 0xc8, 0x8c, 0x0, 0xf3, 0x60,
    0x80, 0x2d, 0x80, 0x3f, 0x3a, 0x68, 0x29, 0x65,
    0x1f, 0x74, 0x20, 0x14, 0xd8, 0xdd, 0xba, 0x8f,
    0xba, 0x10, 0xc, 0xe3, 0xa, 0x20, 0x23, 0x80,
    0x22, 0x28, 0xef, 0x31, 0x21, 0x99, 0x48, 0xf,
    0xfa, 0x4f, 0x77, 0xf4, 0x80, 0xec, 0x80, 0xb,
    0xfb, 0xb7, 0x98, 0x7, 0xe2, 0xee, 0xc4, 0x1,
    0xfe, 0x11, 0xc6, 0x1, 0xc2, 0xe0, 0x6d, 0x55,
    0x94, 0x40, 0x24, 0xb6, 0xc2, 0xbb, 0xf1, 0x98,
    0x1, 0x3b, 0x5f, 0x1f, 0xdd, 0xbf, 0xbc, 0x1,
    0xa6, 0x7, 0x7f, 0xdf, 0xee, 0xff, 0x60, 0x0,

    /* U+903B "逻" */
    0x0, 0xff, 0xe1, 0xad, 0x80, 0x3b, 0x7f, 0xb7,
    0xf7, 0xc4, 0x14, 0xf0, 0x1, 0xab, 0x9a, 0x9a,
    0x40, 0x14, 0x48, 0x1, 0x98, 0xac, 0xd1, 0x80,
    0x8, 0x8e, 0x16, 0x6d, 0x87, 0x7, 0x62, 0x2e,
    0xe6, 0x2, 0xba, 0xbf, 0xfc, 0x20, 0x39, 0xc0,
    0x3, 0xf9, 0xf9, 0x92, 0x38, 0x7, 0xf, 0x45,
    0x39, 0xda, 0x18, 0x7, 0xe, 0xac, 0x55, 0xa5,
    0x0, 0x7f, 0x8c, 0x70, 0x3, 0xa8, 0x45, 0x1b,
    0x13, 0x40, 0x1d, 0x67, 0x38, 0x53, 0x88, 0x1,
    0x11, 0x4d, 0x6d, 0xe1, 0x5f, 0xfd, 0xa8, 0x5a,
    0x0, 0x2a, 0xef, 0xef, 0xfc, 0xc0,

    /* U+9047 "遇" */
    0x7, 0xa1, 0xc, 0x86, 0xe7, 0x6e, 0x20, 0x3,
    0xee, 0x8, 0xf, 0x7, 0x70, 0x3, 0x9f, 0xc4,
    0x36, 0x83, 0x68, 0xc0, 0x21, 0x11, 0x0, 0x27,
    0x86, 0x78, 0x80, 0x2e, 0xe6, 0x6, 0x6e, 0x17,
    0xe7, 0x90, 0x3, 0xa8, 0x13, 0x76, 0x2c, 0xdd,
    0x58, 0x0, 0x44, 0x0, 0x4d, 0xd1, 0x65, 0xf3,
    0x80, 0x7c, 0xac, 0x77, 0xe, 0x1, 0xf8, 0x82,
    0xf6, 0x4c, 0x3, 0x61, 0x8, 0x9d, 0x95, 0x3,
    0x1c, 0x1, 0x7, 0x53, 0xa0, 0x19, 0xaa, 0x82,
    0x25, 0xb4, 0xdf, 0xee, 0xf8, 0x87, 0x40, 0x3,
    0x5d, 0xcf, 0xfe, 0x30,

    /* U+9053 "道" */
    0x0, 0xf3, 0x20, 0x1, 0x54, 0x1, 0x4d, 0x0,
    0x49, 0x20, 0x8, 0x70, 0xa, 0x46, 0x53, 0xb0,
    0xfb, 0x85, 0x9c, 0x60, 0xa, 0xf4, 0xee, 0x8b,
    0x7f, 0xb8, 0x60, 0x1, 0x60, 0x2d, 0xc3, 0xfc,
    0xd1, 0x0, 0x66, 0x28, 0x4, 0x33, 0xf3, 0x6,
    0x1, 0x7c, 0xa0, 0x0, 0xae, 0xf0, 0x80, 0x46,
    0xe0, 0x11, 0x5d, 0xe1, 0x0, 0xfc, 0x57, 0x78,
    0x40, 0x3f, 0x15, 0x56, 0x10, 0xc, 0xc2, 0x2,
    0x2d, 0xdc, 0x40, 0x13, 0x4c, 0x63, 0x66, 0x78,
    0x44, 0x17, 0x8f, 0xdd, 0xf7, 0xf9, 0x43, 0x44,
    0xa, 0xbb, 0x9f, 0xdc, 0xff, 0x20,

    /* U+9057 "遗" */
    0x8, 0x0, 0xe1, 0xe0, 0xf, 0xb0, 0x7, 0xf3,
    0x47, 0x31, 0xe6, 0x0, 0x87, 0x90, 0x19, 0xa0,
    0x99, 0x10, 0x6, 0xa8, 0x19, 0x21, 0x2, 0x25,
    0x10, 0x4, 0x21, 0x79, 0x90, 0x66, 0x56, 0x13,
    0xfe, 0x5a, 0xad, 0xd5, 0x55, 0x84, 0x61, 0x80,
    0xfe, 0xef, 0x78, 0x80, 0x98, 0x6, 0xdd, 0x3e,
    0x70, 0x7, 0xf8, 0x98, 0x3, 0xfd, 0x27, 0x15,
    0x9, 0x0, 0x11, 0x91, 0xf, 0x3f, 0x5e, 0xba,
    0xdc, 0xf, 0x6f, 0x6f, 0xb5, 0x80, 0xa3, 0x50,
    0x66, 0xd6, 0xfe, 0x3f, 0xb9, 0xff, 0x69, 0xd2,
    0x80, 0x1f, 0x7f, 0xb9, 0xff, 0x71, 0x0,

    /* U+9075 "遵" */
    0x0, 0xf4, 0x90, 0x1, 0xd0, 0x2, 0x97, 0x5,
    0x72, 0x97, 0x88, 0x63, 0x88, 0x45, 0x33, 0xb,
    0x98, 0x5a, 0xb4, 0x84, 0x7, 0xc, 0xd1, 0xe7,
    0xa3, 0xfe, 0x80, 0x8, 0x54, 0x42, 0xe, 0xcf,
    0x30, 0x40, 0x31, 0x6, 0x0, 0x5f, 0x7, 0x19,
    0x80, 0x31, 0x50, 0x10, 0x54, 0xde, 0x60, 0x0,
    0x31, 0xc0, 0x2c, 0x1, 0x98, 0xdc, 0x3, 0xa8,
    0x8b, 0x81, 0x8c, 0xc0, 0x1a, 0xa8, 0xd3, 0x76,
    0x18, 0xb3, 0x0, 0xe1, 0x8f, 0x0, 0x9c, 0x2,
    0x4a, 0x1a, 0x25, 0xf4, 0xb4, 0x30, 0x10, 0x9a,
    0xdc, 0xff, 0x65, 0x2a, 0x7f, 0x9c, 0x35, 0x1,
    0xb7, 0xfe, 0xee, 0x7f, 0x98,

    /* U+907F "避" */
    0x0, 0xfe, 0x26, 0x0, 0x87, 0x48, 0x23, 0xb7,
    0x80, 0xa0, 0x2, 0x18, 0xf0, 0x4, 0x68, 0x4e,
    0x9e, 0xe8, 0x0, 0xaa, 0x10, 0xd, 0x2f, 0xb5,
    0x0, 0x14, 0x8, 0x46, 0x98, 0x8, 0xad, 0x0,
    0x48, 0x80, 0x55, 0xba, 0xa7, 0xd3, 0xd1, 0x6f,
    0xd1, 0x6c, 0x66, 0x74, 0x94, 0xc8, 0x5f, 0x44,
    0x9, 0x46, 0xd5, 0xc1, 0x5c, 0x3, 0x33, 0x8b,
    0xb4, 0xc8, 0x7e, 0x40, 0x36, 0xd8, 0x5, 0x16,
    0x5b, 0x60, 0x1, 0x17, 0x10, 0xeb, 0x0, 0x78,
    0xbd, 0x66, 0x33, 0x74, 0x0, 0xe1, 0x10, 0x5c,
    0xd6, 0x86, 0x77, 0x6c, 0xfe, 0x19, 0x70, 0x4,
    0x6f, 0x76, 0xff, 0x84,

    /* U+90A3 "那" */
    0x4f, 0xff, 0xf, 0x7f, 0xe1, 0x4f, 0xf0, 0x7f,
    0x84, 0x1, 0xdf, 0x26, 0x20, 0x1, 0x0, 0x84,
    0x3, 0x5c, 0x0, 0x3f, 0x83, 0xfc, 0x1, 0x95,
    0x90, 0x1, 0xfa, 0x3f, 0xe0, 0xd, 0xd8, 0x1,
    0x84, 0x80, 0x3d, 0x54, 0x40, 0x2b, 0xe2, 0xbb,
    0x0, 0x61, 0xe9, 0x2, 0x87, 0x74, 0x40, 0x4,
    0x2, 0x33, 0x8, 0x1b, 0xd1, 0x98, 0x3, 0x84,
    0x40, 0x2, 0x33, 0x0, 0x80, 0x49, 0xdc, 0x61,
    0x9, 0x90, 0xa, 0x8, 0x1, 0x3f, 0xd2, 0x4,
    0xe, 0x7d, 0x52, 0x1, 0x8, 0x4, 0x56, 0x7,
    0xfe, 0x70, 0xe1, 0x0, 0xc0,

    /* U+90BB "邻" */
    0x0, 0xd0, 0x40, 0x1f, 0xf2, 0x3b, 0x80, 0x3,
    0xff, 0x84, 0x0, 0x33, 0x16, 0xe0, 0x1, 0xfd,
    0x21, 0x0, 0x52, 0x3f, 0xd4, 0x0, 0x55, 0x40,
    0x1b, 0xb, 0xb0, 0xe3, 0x10, 0x1, 0x58, 0xc,
    0xac, 0x8e, 0x7, 0xc8, 0xd, 0x84, 0xa, 0x4c,
    0xd7, 0x63, 0x10, 0x1, 0xb9, 0x80, 0xb, 0xff,
    0x62, 0x80, 0x51, 0xe0, 0x2, 0xcc, 0xa8, 0xd4,
    0x2, 0x42, 0x0, 0x90, 0x86, 0x38, 0x3, 0x84,
    0x2, 0x7f, 0xd8, 0x20, 0xa, 0x39, 0x0, 0x23,
    0xf2, 0x20, 0x6, 0x8f, 0xb0, 0xc, 0x5b, 0xa0,
    0xe, 0x10, 0x0,

    /* U+90E8 "部" */
    0x0, 0x91, 0xc0, 0x3f, 0xf8, 0xb, 0x0, 0x11,
    0xff, 0xe1, 0xd, 0xfe, 0xf, 0xf5, 0x82, 0x7e,
    0x88, 0x83, 0x53, 0xbf, 0x8a, 0xc0, 0x2a, 0x90,
    0x8, 0xd8, 0x1d, 0xc0, 0x19, 0x98, 0x0, 0x1d,
    0xd0, 0xd7, 0x88, 0x1, 0x14, 0x40, 0xf2, 0x1f,
    0x6, 0x31, 0xc1, 0x58, 0xc0, 0xf7, 0x7e, 0x70,
    0x19, 0xf0, 0x3, 0xff, 0xf3, 0x0, 0x48, 0x42,
    0x0, 0x7f, 0xf9, 0x40, 0x38, 0x44, 0x1, 0xfe,
    0x9d, 0x70, 0x9, 0xb7, 0x65, 0x0, 0xa7, 0x60,
    0x0, 0x2d, 0xff, 0x20, 0x7, 0xc0,

    /* U+90FD "都" */
    0x0, 0xa9, 0x40, 0x6, 0x1, 0xff, 0xc0, 0x58,
    0xdf, 0xfc, 0x61, 0x7e, 0xb5, 0xf5, 0x1, 0x9f,
    0xa2, 0x61, 0x7e, 0xb4, 0xec, 0x60, 0x14, 0x48,
    0x1c, 0xc9, 0xe5, 0xcd, 0xc0, 0x4, 0x8e, 0x3,
    0x98, 0x43, 0x9f, 0x30, 0x5, 0xb0, 0x0, 0x94,
    0x1f, 0x19, 0x50, 0x1, 0x4a, 0x60, 0x35, 0x43,
    0xed, 0xf2, 0x0, 0x1c, 0xf0, 0x21, 0x86, 0xec,
    0x40, 0x19, 0x0, 0x96, 0x43, 0x76, 0x20, 0xf,
    0x8, 0x5, 0xbb, 0x10, 0x1, 0xef, 0x58, 0xc0,
    0x2e, 0xe8, 0x80, 0xf, 0x5b, 0x60, 0x1b, 0xba,
    0x20, 0x8, 0x40, 0x3b, 0xc0, 0x2d, 0x2c, 0x30,
    0xc,

    /* U+914D "配" */
    0x1, 0x1f, 0x0, 0x7c, 0x59, 0x8f, 0xf6, 0x61,
    0x3f, 0xf8, 0xb, 0x79, 0xdd, 0xfa, 0x9f, 0xf8,
    0x2, 0x98, 0x47, 0x97, 0x0, 0xfc, 0x9e, 0xeb,
    0xd6, 0x1, 0xfc, 0x84, 0x47, 0x2, 0xbb, 0xc0,
    0x18, 0xf8, 0x2, 0x15, 0xff, 0x80, 0x34, 0xbf,
    0xc0, 0x0, 0xd1, 0x2c, 0x0, 0xa8, 0x5a, 0x0,
    0x3c, 0x60, 0x16, 0x65, 0xe0, 0x1e, 0x20, 0xb,
    0x32, 0xf0, 0xf, 0x2c, 0x0, 0x37, 0x6c, 0x0,
    0xf6, 0xf0, 0x3, 0x76, 0xc0, 0x30, 0xff, 0x9d,
    0xc1, 0x80, 0x11, 0x60, 0x6f, 0xfd, 0xa2,

    /* U+9192 "醒" */
    0x0, 0xff, 0xe1, 0x14, 0xe5, 0x74, 0xb7, 0x6e,
    0xee, 0x2, 0x94, 0x92, 0x96, 0xd, 0xdb, 0x0,
    0x28, 0x4a, 0x28, 0x30, 0xcc, 0xb4, 0x0, 0x2a,
    0xc2, 0x44, 0x40, 0xcc, 0xb4, 0x2, 0x1c, 0xb6,
    0xd0, 0x2d, 0xd7, 0x61, 0x0, 0x5c, 0x40, 0x15,
    0x2f, 0x96, 0xe0, 0x0, 0x48, 0x4e, 0x82, 0xdb,
    0xf, 0x74, 0x80, 0x30, 0x56, 0xb7, 0x5d, 0x87,
    0xba, 0x40, 0x2b, 0xb9, 0x2c, 0xb3, 0xcf, 0x2c,
    0x0, 0x53, 0x35, 0x82, 0xef, 0x1e, 0xd8, 0x0,
    0xf3, 0x29, 0x0, 0x8, 0x80, 0x40, 0x23, 0xff,
    0x98, 0x3b, 0x98, 0x5d, 0xca,

    /* U+91C7 "采" */
    0x0, 0xf0, 0x92, 0x34, 0x38, 0x5, 0x39, 0xbd,
    0xfd, 0xf1, 0x80, 0x20, 0x15, 0xff, 0xdb, 0x5b,
    0x95, 0x4e, 0x0, 0x8b, 0x80, 0x42, 0x80, 0x2b,
    0x10, 0xd, 0x50, 0x4, 0x68, 0x4, 0xf0, 0x1,
    0x99, 0xc0, 0x8, 0xe1, 0xd0, 0x20, 0x10, 0x86,
    0x8, 0x95, 0x86, 0x1c, 0x44, 0xb, 0xdd, 0xc5,
    0x5d, 0x7d, 0xcf, 0x5, 0xff, 0xb0, 0x46, 0x6f,
    0xfb, 0x80, 0x32, 0x6d, 0x1d, 0x95, 0x88, 0x7,
    0x45, 0x6a, 0x0, 0xd9, 0x7a, 0x0, 0x17, 0x8f,
    0xcc, 0x3, 0x4d, 0xd6, 0xa, 0x55, 0x88, 0x7,
    0x97, 0xa0, 0x40,

    /* U+91CA "释" */
    0x1, 0x35, 0x87, 0x0, 0xfc, 0x9f, 0xea, 0xf4,
    0x7f, 0xfe, 0xd0, 0x48, 0xc0, 0x7b, 0x76, 0x9f,
    0xf1, 0xf0, 0x3, 0xc, 0x10, 0x42, 0x69, 0xb2,
    0x4c, 0x1, 0x0, 0x7, 0x80, 0x2, 0xc8, 0x20,
    0x1, 0x33, 0x43, 0x75, 0x3c, 0x3d, 0x7f, 0x46,
    0x9d, 0x61, 0x79, 0xbd, 0x18, 0xdd, 0xe6, 0x0,
    0x90, 0x94, 0x1b, 0xb1, 0x55, 0x98, 0x1, 0x94,
    0x3b, 0xd3, 0xfc, 0x1d, 0xe8, 0x3, 0x10, 0x2,
    0xb1, 0x44, 0xb, 0xa1, 0x2, 0x48, 0x80, 0x5f,
    0xf0, 0xef, 0xf8, 0xd5, 0xc0, 0x37, 0xfc, 0x3b,
    0xfe, 0x30, 0xf, 0xfe, 0x10,

    /* U+91CC "里" */
    0x0, 0x76, 0x65, 0xfb, 0x99, 0x78, 0x6, 0xec,
    0xc1, 0xce, 0x63, 0x40, 0x3b, 0xae, 0xc5, 0x17,
    0x6d, 0x0, 0xe8, 0x99, 0x15, 0x4c, 0xa0, 0x3,
    0x98, 0x88, 0x4, 0x52, 0x80, 0x76, 0xff, 0x8e,
    0xff, 0xdc, 0x1, 0xbb, 0xfe, 0x3b, 0xff, 0xc0,
    0x1f, 0x8, 0x80, 0x3d, 0x1f, 0xf8, 0xab, 0xff,
    0x18, 0x47, 0xfe, 0x2a, 0xff, 0xc6, 0x1, 0xff,
    0xc1, 0x8f, 0xfe, 0x2a, 0xff, 0xe0,

    /* U+91CD "重" */
    0x0, 0xe1, 0x23, 0x56, 0x85, 0x0, 0x26, 0xeb,
    0x37, 0x53, 0xa3, 0xae, 0x6, 0x31, 0x9, 0x90,
    0x6e, 0x88, 0x1d, 0x40, 0x8b, 0x83, 0xc8, 0xb1,
    0x99, 0xf2, 0xee, 0x4, 0xbb, 0xb1, 0x80, 0xb,
    0xb9, 0x81, 0xec, 0xc7, 0x28, 0x6, 0xab, 0xb0,
    0xcd, 0xda, 0x40, 0x3a, 0xae, 0xc3, 0x37, 0x69,
    0x0, 0xcb, 0xb9, 0x81, 0xec, 0xc7, 0x28, 0x5,
    0x79, 0x90, 0xf6, 0x65, 0x60, 0x7, 0xdd, 0xc3,
    0xfb, 0xb8, 0x0, 0xfb, 0xb8, 0x7f, 0x77, 0x4,
    0x6e, 0xf1, 0xfe, 0xee, 0xc0,

    /* U+91CF "量" */
    0x0, 0x46, 0xd5, 0x7b, 0x60, 0x3, 0x84, 0x8b,
    0xc2, 0x1, 0xe1, 0x22, 0xf0, 0x80, 0x66, 0xeb,
    0xcc, 0xf5, 0xf3, 0x10, 0x8, 0xff, 0xf0, 0x41,
    0xf7, 0x37, 0x57, 0x6d, 0xda, 0xdc, 0xc0, 0xc,
    0x5b, 0xa7, 0x76, 0xe8, 0x88, 0x1, 0xd8, 0x88,
    0x12, 0x44, 0x60, 0x7, 0x27, 0xcc, 0x9d, 0x26,
    0x5c, 0xe0, 0x10, 0x88, 0xce, 0x11, 0x19, 0xc0,
    0x40, 0x1, 0xaa, 0xcc, 0xb5, 0x58, 0x80, 0xbf,
    0x33, 0x2b, 0x66, 0x6f, 0x60,

    /* U+9274 "鉴" */
    0x0, 0xc9, 0x80, 0x8, 0x10, 0xe, 0x3c, 0x0,
    0xc2, 0xc0, 0x23, 0x0, 0x7e, 0x80, 0xcc, 0xc6,
    0x1, 0xe4, 0x47, 0xa6, 0x6e, 0x8c, 0x3, 0xce,
    0xa3, 0x74, 0xa0, 0x11, 0xf0, 0x2a, 0x70, 0xeb,
    0xda, 0x0, 0x44, 0x97, 0xe3, 0xf1, 0xdd, 0x42,
    0x9, 0x7f, 0xca, 0x5d, 0xf0, 0x3f, 0xee, 0x22,
    0x6c, 0xa5, 0xda, 0x12, 0xe8, 0x5a, 0x8c, 0xb,
    0x77, 0x4a, 0xee, 0xe2, 0x0, 0x16, 0xaa, 0xb6,
    0x57, 0x65, 0xb4, 0x80, 0x35, 0xa0, 0x80, 0x51,
    0xe0, 0x10, 0xff, 0xb0, 0xfa, 0xd7, 0xce, 0xff,
    0xc2,

    /* U+9488 "针" */
    0x0, 0xff, 0xe2, 0x4a, 0x80, 0x77, 0x10, 0x6,
    0x17, 0x40, 0xf, 0xfa, 0xc7, 0xbf, 0x0, 0x3f,
    0x2b, 0xff, 0xd8, 0x1, 0xf9, 0x2a, 0xb3, 0x8,
    0xfc, 0x2, 0xbe, 0xbc, 0x1d, 0xd0, 0x67, 0x70,
    0x80, 0x94, 0x11, 0xbf, 0xe1, 0xdf, 0xf1, 0x13,
    0xb8, 0x1d, 0x80, 0x1f, 0x8b, 0xbc, 0x3b, 0x0,
    0x3f, 0xc2, 0x1, 0xff, 0xc3, 0x29, 0x0, 0xff,
    0x20, 0x7e, 0x0, 0x7f, 0x8a, 0x35, 0x40, 0x3f,
    0x0,

    /* U+949F "钟" */
    0x0, 0x42, 0x0, 0x77, 0x8, 0x6, 0x16, 0x50,
    0xf, 0xfa, 0x7, 0xfb, 0x0, 0x3f, 0x1a, 0x7f,
    0x73, 0x1b, 0x30, 0x3b, 0x98, 0x23, 0xae, 0xe9,
    0xfa, 0xf0, 0x7b, 0x4, 0x0, 0xf8, 0x3e, 0xe0,
    0x20, 0x3, 0x0, 0xe3, 0x11, 0x0, 0x7f, 0xd,
    0x50, 0x6a, 0x43, 0x8c, 0x50, 0xcc, 0x3, 0xfa,
    0x1f, 0x80, 0xde, 0x13, 0xe2, 0x0, 0x57, 0x15,
    0x56, 0xd6, 0xe, 0xe4, 0x18, 0x7, 0x32, 0xa0,
    0x6, 0x71, 0x0, 0x28, 0xe8, 0x80, 0x7f, 0xb2,
    0x35, 0xc0, 0x3f, 0x0,

    /* U+94A5 "钥" */
    0x0, 0x22, 0x0, 0x3f, 0xf8, 0x10, 0x1, 0x9f,
    0xff, 0x84, 0x1c, 0xef, 0xfc, 0x80, 0xdf, 0xf0,
    0x0, 0xab, 0xbf, 0xe4, 0x0, 0xf8, 0xab, 0xfb,
    0xa0, 0x3, 0x77, 0x40, 0x13, 0xe8, 0xff, 0x80,
    0xd, 0xdd, 0x0, 0x61, 0x1c, 0x1, 0xf8, 0x6e,
    0x46, 0xec, 0x40, 0x67, 0x80, 0x3, 0xd8, 0x1d,
    0xc3, 0xe7, 0xff, 0x80, 0x25, 0x50, 0xaa, 0x84,
    0xa3, 0x32, 0x0, 0xf0, 0xb0, 0x22, 0x0, 0x3e,
    0x61, 0xf1, 0x74, 0x10, 0xc, 0x20, 0xc, 0x7e,
    0x59, 0x80, 0x5, 0x7a, 0x0, 0x51, 0x0, 0x2e,
    0x30, 0x5, 0x7d, 0x80,

    /* U+94C1 "铁" */
    0x0, 0x4a, 0x0, 0x46, 0x1c, 0x40, 0x18, 0x5d,
    0x40, 0x2d, 0x0, 0xfa, 0xc7, 0xbf, 0xc6, 0x42,
    0xc, 0x22, 0x5, 0x6f, 0xfc, 0x81, 0x63, 0xf7,
    0x0, 0xb7, 0xdd, 0x4d, 0x75, 0xc, 0xd4, 0x80,
    0x1f, 0x7, 0xe7, 0x88, 0x3, 0xf1, 0x0, 0x85,
    0x54, 0x31, 0x54, 0x22, 0x77, 0x3, 0xb9, 0x98,
    0x20, 0x3c, 0xc1, 0x97, 0x78, 0x77, 0x15, 0xb8,
    0x0, 0xcc, 0x10, 0x0, 0x80, 0x75, 0x51, 0xc4,
    0x3, 0xc5, 0x0, 0xc0, 0xaf, 0x60, 0x19, 0x3,
    0xf5, 0x63, 0x42, 0x12, 0x0, 0x22, 0x8d, 0x49,
    0xc1, 0x1, 0xc3, 0x10,

    /* U+94FA "铺" */
    0x0, 0x3a, 0x0, 0x77, 0x8d, 0x88, 0x5, 0x22,
    0x84, 0x1, 0x87, 0xe8, 0x1, 0x25, 0xde, 0xbd,
    0xd0, 0x75, 0x29, 0x1a, 0x65, 0xd9, 0xfb, 0xa0,
    0xee, 0x88, 0xef, 0x76, 0x48, 0xee, 0x7, 0x73,
    0xc0, 0xd, 0xe7, 0x88, 0x37, 0xc3, 0xdc, 0x0,
    0xc6, 0x2, 0x0, 0x31, 0x1, 0x10, 0x5, 0x36,
    0x32, 0xc1, 0x7a, 0x3b, 0xa0, 0xb, 0x7c, 0x75,
    0x42, 0x30, 0x73, 0x0, 0x12, 0x20, 0x10, 0xc2,
    0xb8, 0x7b, 0x80, 0x1e, 0x47, 0xa, 0xe1, 0xee,
    0x0, 0x64, 0x1f, 0x50, 0xf, 0xf1, 0x4d, 0x90,
    0x6, 0x1e, 0x40,

    /* U+94FE "链" */
    0x2, 0x40, 0xf, 0x38, 0x80, 0x6a, 0x20, 0x6,
    0x10, 0x2, 0x44, 0x3, 0x34, 0xfc, 0x4c, 0x67,
    0x8f, 0x74, 0x90, 0xdf, 0xe8, 0x5c, 0xc2, 0xdc,
    0xf7, 0x12, 0xc6, 0x20, 0x40, 0xc2, 0xeb, 0x40,
    0x11, 0xd3, 0x62, 0xf6, 0xc1, 0x79, 0x76, 0x80,
    0xc, 0x15, 0xfc, 0xe3, 0xfc, 0x5d, 0xa0, 0x94,
    0x36, 0xc0, 0x1, 0x0, 0xf3, 0x78, 0x62, 0x80,
    0x2f, 0xb8, 0x5d, 0xc3, 0x25, 0x17, 0x30, 0x5,
    0xf7, 0xb, 0xb8, 0x60, 0x13, 0xb2, 0x8, 0x7,
    0xf0, 0xe8, 0x44, 0xe1, 0x8e, 0x80, 0x88, 0x19,
    0x97, 0xbc, 0xdf, 0x1f, 0xf7, 0x20, 0x34, 0x85,
    0x98, 0x1d, 0xff, 0xe5,

    /* U+9500 "销" */
    0x0, 0x41, 0x80, 0xc, 0x43, 0x84, 0xc, 0x0,
    0x2c, 0x40, 0x4, 0x90, 0x8, 0x74, 0x42, 0xc7,
    0xbe, 0xdd, 0x84, 0x1, 0x12, 0x26, 0xdf, 0xf5,
    0x85, 0x0, 0x5e, 0xe0, 0x69, 0xdd, 0x3c, 0xdf,
    0xf, 0x4f, 0x80, 0x23, 0x3, 0xdc, 0x2b, 0xff,
    0x0, 0x63, 0x1, 0x0, 0x18, 0x8e, 0x0, 0xa6,
    0xc6, 0x60, 0x23, 0x33, 0x0, 0x5b, 0xe3, 0xb6,
    0x17, 0xbb, 0x80, 0x24, 0x40, 0x21, 0x85, 0x77,
    0x60, 0xf, 0x1a, 0x85, 0x77, 0x60, 0xc, 0xa3,
    0xcc, 0x1, 0xfe, 0x39, 0xd3, 0x0, 0xdb, 0xc8,
    0x1, 0x3b, 0x0, 0x25, 0x40, 0x1b, 0xd6, 0x0,

    /* U+9501 "锁" */
    0x0, 0x32, 0x0, 0x42, 0x1c, 0x20, 0x20, 0x14,
    0x28, 0x0, 0xe8, 0x2, 0x1f, 0x0, 0x40, 0xf7,
    0xe9, 0x89, 0x80, 0x2e, 0x0, 0xd7, 0xfe, 0xd0,
    0xe7, 0x5, 0x24, 0x3, 0xbe, 0xea, 0xe, 0xec,
    0x36, 0xf8, 0x0, 0x6c, 0xf, 0x80, 0x4f, 0x9f,
    0xe0, 0xc, 0x60, 0x20, 0x1a, 0x44, 0x3, 0x6f,
    0xf, 0x60, 0x7, 0xf6, 0xe8, 0x7b, 0x0, 0x30,
    0x80, 0x71, 0x80, 0x71, 0x8, 0x7, 0xe2, 0x61,
    0xd9, 0x64, 0x9, 0x0, 0x94, 0x7c, 0xc3, 0x42,
    0xbb, 0x4, 0x2, 0xe8, 0xd0, 0xcd, 0xb2, 0xaf,
    0xd8, 0x0, 0x53, 0x82, 0xf3, 0x0, 0x45, 0x70,

    /* U+9519 "错" */
    0x0, 0x42, 0x0, 0x4b, 0x60, 0x78, 0x1, 0x99,
    0xc4, 0x40, 0x1f, 0xd0, 0x3b, 0xf7, 0x6a, 0x4e,
    0xc3, 0xe6, 0x36, 0xee, 0xaa, 0xe9, 0x3b, 0xf,
    0x98, 0xda, 0xea, 0x8a, 0x1, 0xfd, 0x5a, 0xb8,
    0x1f, 0x49, 0xf8, 0x7f, 0x40, 0x4c, 0x2c, 0xbf,
    0xff, 0x50, 0x66, 0x8e, 0x49, 0xff, 0x76, 0x70,
    0x7, 0x78, 0xf5, 0x81, 0xf7, 0x5a, 0x1, 0x11,
    0x0, 0x88, 0x7, 0xbb, 0x80, 0x3c, 0x6c, 0x7,
    0xbb, 0x80, 0x31, 0xe, 0x98, 0x0, 0x8a, 0x60,
    0xc, 0x91, 0xca, 0x5, 0x33, 0x80, 0x33, 0xb8,
    0x0, 0x7d, 0x77, 0x63, 0x80,

    /* U+952E "键" */
    0x0, 0xff, 0xe1, 0x95, 0x80, 0x7a, 0x88, 0x3,
    0x50, 0xa2, 0xff, 0xa7, 0x13, 0xb2, 0x0, 0xc,
    0x3e, 0x1e, 0x91, 0x89, 0xda, 0x41, 0x2f, 0x76,
    0x52, 0x79, 0xd5, 0xfc, 0x56, 0xd2, 0xaa, 0x25,
    0xcc, 0x6a, 0xfe, 0x2b, 0x24, 0x27, 0x3, 0x5e,
    0xe2, 0xfe, 0x80, 0x46, 0x8, 0x8f, 0x84, 0xc5,
    0xfc, 0xa0, 0x6d, 0x1d, 0x85, 0xe5, 0xd5, 0xfd,
    0x60, 0x6c, 0x1c, 0x98, 0x48, 0xd5, 0xfd, 0x60,
    0x0, 0x80, 0x89, 0xf, 0xb5, 0x7f, 0x68, 0x3,
    0x23, 0xf0, 0xc6, 0xaf, 0xed, 0x0, 0x4, 0x50,
    0x73, 0x2c, 0x6d, 0x30, 0xc, 0x8f, 0x93, 0x6f,
    0x98, 0xaf, 0xed, 0x20, 0x58, 0xc, 0x50, 0x2a,
    0xde, 0xe6, 0x90,

    /* U+955C "镜" */
    0x0, 0x19, 0x80, 0x3a, 0x4, 0x3, 0xbd, 0xc0,
    0x9, 0x32, 0x5d, 0x99, 0x8, 0x29, 0xdf, 0xc3,
    0x71, 0xcc, 0x2e, 0x8, 0xaf, 0xbf, 0xd0, 0xc4,
    0x80, 0x62, 0x22, 0x18, 0xfe, 0xe2, 0x11, 0x24,
    0xc2, 0x8c, 0x41, 0xb0, 0x7d, 0x16, 0xef, 0xb0,
    0xc0, 0x6, 0x22, 0x7, 0x6c, 0xcb, 0x54, 0x1,
    0xdc, 0x1e, 0xa0, 0x4a, 0xaa, 0xc0, 0x2e, 0xd1,
    0xea, 0x2, 0xee, 0xbc, 0x3, 0x18, 0x4, 0xd7,
    0x63, 0x9c, 0x80, 0xe, 0x59, 0x25, 0x17, 0x6d,
    0x60, 0x9, 0x6, 0x6c, 0x65, 0x80, 0x22, 0xb0,
    0x6, 0x46, 0x2f, 0x9c, 0x1, 0xcf, 0xe0, 0x2,
    0x5c, 0x1f, 0xa0, 0x1, 0x1b, 0xa7,

    /* U+957F "长" */
    0x0, 0x2e, 0x0, 0x71, 0xb8, 0x7, 0xf8, 0xf4,
    0x40, 0x3f, 0x9b, 0x21, 0x80, 0x3e, 0x3b, 0x8c,
    0x60, 0xf, 0xdc, 0x5e, 0x60, 0x18, 0x44, 0x60,
    0x39, 0x0, 0x23, 0x83, 0xb9, 0x27, 0xdd, 0xf9,
    0xbf, 0xd4, 0x7f, 0xe3, 0xaf, 0xfc, 0xc0, 0x1e,
    0x8b, 0x0, 0xff, 0x91, 0x16, 0x1, 0xff, 0x53,
    0xe0, 0x80, 0x70, 0xc6, 0x79, 0x62, 0xf4, 0x90,
    0x3, 0xc0, 0x11, 0xe4, 0x13, 0x84, 0xc0, 0xb,
    0xd8, 0x40, 0xc, 0x76, 0x80,

    /* U+95E8 "门" */
    0x15, 0x0, 0xff, 0xa1, 0x4f, 0xff, 0xe8, 0x1f,
    0xb1, 0xff, 0xf3, 0x7, 0x7, 0x90, 0x7, 0xf8,
    0x40, 0x3f, 0xff, 0xe0, 0x1f, 0xfc, 0x5f, 0x0,
    0xf8, 0x7f, 0xce, 0x7c, 0x40, 0x1c, 0x3f, 0xee,
    0x40,

    /* U+95ED "闭" */
    0x34, 0x0, 0xff, 0xa8, 0xd7, 0xff, 0xe7, 0x3a,
    0x95, 0xff, 0xf3, 0x5, 0x2d, 0x0, 0x45, 0xa0,
    0x19, 0x0, 0x38, 0x4c, 0x3, 0xd5, 0xff, 0x60,
    0xfe, 0x80, 0x6a, 0xff, 0x60, 0xf, 0xe8, 0x7,
    0x8b, 0x60, 0x3, 0xf2, 0x65, 0xa8, 0x7, 0x8e,
    0x6a, 0x8a, 0x1, 0xfb, 0xbd, 0x0, 0x40, 0x3c,
    0x6e, 0x29, 0xfa, 0xe0, 0x1f, 0x93, 0xfa, 0x43,
    0x5d, 0x0,

    /* U+95EE "问" */
    0x43, 0x0, 0xff, 0x3e, 0xa0, 0x7f, 0xfc, 0xa7,
    0xb4, 0x3f, 0xfe, 0x40, 0xa2, 0xe1, 0x0, 0xfc,
    0x86, 0xb, 0x77, 0x84, 0x3, 0xc4, 0x48, 0x82,
    0x0, 0x7e, 0xe3, 0x30, 0x80, 0x7f, 0xf2, 0x3c,
    0x44, 0x1, 0xfc, 0xd9, 0x83, 0x0, 0xf8, 0x6f,
    0x76, 0x10, 0xf, 0x32, 0x80, 0x7f, 0xf0, 0xef,
    0xd9, 0xf8, 0x80, 0x3d, 0x7f, 0xa4,

    /* U+95F2 "闲" */
    0x14, 0x0, 0xff, 0xe0, 0x4a, 0x23, 0xff, 0xf0,
    0xf, 0xd2, 0xff, 0xfc, 0x0, 0x92, 0xc1, 0x9,
    0x20, 0xf, 0x38, 0x90, 0x1, 0x44, 0x3, 0xf7,
    0x74, 0x7b, 0xdc, 0x90, 0xe, 0xee, 0x48, 0x3,
    0x3a, 0x40, 0x3c, 0x54, 0x73, 0x84, 0x1, 0xe1,
    0xfe, 0x4, 0x8f, 0x0, 0xe3, 0xc8, 0x30, 0x3,
    0x2a, 0x0, 0x63, 0xc5, 0x0, 0xd0, 0x80, 0x1c,
    0x20, 0x5, 0x10, 0xf, 0xfa, 0x48, 0x33, 0xfc,
    0xa1, 0xc2, 0x1, 0xec, 0xff, 0x50, 0x0,

    /* U+95F4 "间" */
    0x33, 0x0, 0x7f, 0x87, 0x4d, 0x7f, 0xfe, 0x72,
    0xa4, 0x5f, 0xff, 0x30, 0x52, 0xb8, 0x7, 0xf2,
    0x18, 0x67, 0x76, 0x30, 0xf, 0x17, 0xf7, 0x8,
    0x3, 0xff, 0x91, 0xfd, 0xc3, 0x0, 0xfd, 0xfd,
    0xc3, 0x0, 0xff, 0xe3, 0xae, 0x6e, 0x84, 0x3,
    0xeb, 0xdd, 0xc6, 0x1, 0xff, 0xf, 0x39, 0xf1,
    0x0, 0x78, 0x7b, 0x88,

    /* U+9605 "阅" */
    0x34, 0x0, 0xff, 0xd, 0x28, 0x7f, 0xfd, 0x65,
    0xa4, 0x3b, 0xfe, 0xbe, 0xf9, 0xa, 0x27, 0x5e,
    0x1, 0xa0, 0xc, 0x80, 0x4, 0x61, 0xb8, 0x10,
    0xe, 0x1f, 0x7c, 0x78, 0xd0, 0xf, 0x16, 0xee,
    0x0, 0xf8, 0xa6, 0x70, 0x7, 0x86, 0xd7, 0xdf,
    0xf8, 0x3, 0xc8, 0x2c, 0x68, 0x60, 0x1e, 0x94,
    0x0, 0x86, 0xc0, 0x35, 0x1c, 0x82, 0xe6, 0x34,
    0x3, 0x55, 0x0, 0x11, 0xba, 0x89, 0xce, 0x10,
    0xf, 0xbb, 0xdc,

    /* U+9608 "阈" */
    0x5, 0x0, 0xff, 0xba, 0xf, 0xff, 0xe8, 0x1a,
    0x50, 0xff, 0x3e, 0xe7, 0xb8, 0x79, 0xe9, 0x80,
    0x10, 0x24, 0x40, 0x21, 0xdd, 0xc7, 0x8f, 0xa0,
    0x10, 0xe6, 0x65, 0xaf, 0xe0, 0xd, 0x57, 0x6a,
    0x21, 0x57, 0x0, 0xea, 0xa0, 0x71, 0x5a, 0x80,
    0x62, 0xbb, 0x12, 0xca, 0x80, 0x74, 0xdc, 0x61,
    0xc, 0x30, 0x80, 0x1b, 0x75, 0x27, 0x64, 0xd8,
    0x20, 0x6, 0xdd, 0x50, 0xfe, 0x60, 0x80, 0x3e,
    0x75, 0x1c, 0x66, 0x67, 0x10, 0x7, 0x9f, 0xb8,
    0x80,

    /* U+961F "队" */
    0x0, 0xfa, 0xd4, 0x3, 0x6f, 0xfd, 0x60, 0x7,
    0x0, 0xf6, 0x7a, 0xe0, 0x4, 0x20, 0x1e, 0x14,
    0x60, 0xf, 0xf3, 0x38, 0x80, 0x5, 0xc0, 0x3c,
    0x68, 0x1, 0x12, 0x80, 0x79, 0x10, 0xe0, 0x21,
    0xe0, 0x1f, 0x6e, 0x2, 0x8b, 0x80, 0x78, 0x8c,
    0x1, 0x8c, 0x48, 0x1, 0xd1, 0x70, 0xd, 0x75,
    0xe0, 0x1d, 0x58, 0x6e, 0x46, 0xcc, 0x50, 0xf,
    0x2c, 0xf0, 0x3, 0xa9, 0x0, 0x3a, 0x74, 0x80,
    0x7, 0x70, 0x1a, 0x60, 0xc, 0x30, 0xc, 0x98,
    0x0,

    /* U+9632 "防" */
    0x0, 0xf9, 0x4c, 0x3, 0x77, 0xfc, 0x60, 0x2,
    0x90, 0xe, 0xee, 0xa, 0x33, 0x3d, 0xd9, 0xa0,
    0x9, 0xdd, 0xdf, 0x6, 0x9f, 0xf0, 0x80, 0x2a,
    0x93, 0x22, 0x89, 0x9c, 0x20, 0x1, 0x0, 0x84,
    0x4, 0x60, 0xd, 0xfc, 0x0, 0x2d, 0xff, 0x73,
    0x0, 0x44, 0x24, 0x22, 0xee, 0x94, 0x3, 0x84,
    0x48, 0xa0, 0x10, 0x98, 0x1, 0x7c, 0x4f, 0xf4,
    0x2, 0x71, 0x0, 0x2f, 0xe1, 0xa3, 0x0, 0x44,
    0xe0, 0x18, 0xf6, 0xc0, 0x22, 0x13, 0x0, 0xd1,
    0x4a, 0xd, 0xfa, 0xc0, 0xe, 0x10, 0xb4, 0x0,
    0x37, 0xfa, 0x40, 0x0,

    /* U+9635 "阵" */
    0x0, 0xf9, 0xc0, 0x3b, 0xbf, 0xdc, 0x0, 0x39,
    0x0, 0xf7, 0x5a, 0x57, 0xe0, 0xff, 0xe0, 0xb,
    0xb9, 0x5e, 0x77, 0xff, 0x80, 0x6, 0x88, 0x2,
    0x22, 0x71, 0x0, 0x63, 0x45, 0xb, 0x90, 0xf,
    0xd1, 0x2, 0x68, 0xe1, 0xde, 0xc0, 0x8, 0x8a,
    0xcf, 0xe1, 0xde, 0xc0, 0x1, 0x30, 0x81, 0x80,
    0x7f, 0x7d, 0x53, 0x32, 0x1f, 0xcc, 0x10, 0x14,
    0xa4, 0x7f, 0xc1, 0x3f, 0xe2, 0x0, 0xc4, 0x67,
    0xb, 0x19, 0x80, 0x3f, 0xf8, 0x40,

    /* U+9636 "阶" */
    0x0, 0xf9, 0x50, 0x3, 0x77, 0xfc, 0x40, 0x8,
    0xf0, 0xe, 0xec, 0x22, 0x3, 0xb0, 0x30, 0x7,
    0x4d, 0x81, 0xcc, 0xaa, 0xd4, 0x2, 0x27, 0x64,
    0xda, 0x21, 0xf8, 0x80, 0x0, 0x59, 0x7a, 0x84,
    0x0, 0xfe, 0x1, 0x1d, 0x5d, 0x2d, 0x0, 0x2c,
    0xe0, 0x2, 0x12, 0x30, 0xf, 0xe2, 0x28, 0x40,
    0x40, 0x3e, 0x5e, 0x62, 0x21, 0x80, 0x7c, 0xf9,
    0x1, 0x68, 0x1, 0xfe, 0x27, 0xa0, 0xf, 0xf4,
    0x39, 0x80, 0x7b, 0x84, 0x1, 0x50, 0x1, 0x70,
    0x80, 0x0,

    /* U+963B "阻" */
    0x0, 0xff, 0xe0, 0xf7, 0xfc, 0x5f, 0xfe, 0x20,
    0x7, 0x51, 0x90, 0x7f, 0xe1, 0x0, 0xdd, 0x0,
    0x1f, 0xe2, 0x54, 0x0, 0x66, 0x61, 0x0, 0x89,
    0xdc, 0x0, 0xff, 0xc2, 0x1, 0xa2, 0x40, 0x6,
    0x78, 0x3, 0x84, 0x88, 0x1, 0xfc, 0x64, 0x43,
    0xf, 0xfc, 0x20, 0x12, 0x74, 0x88, 0x7f, 0xe1,
    0x0, 0x9f, 0x1c, 0x3, 0xff, 0x80, 0xb0, 0x11,
    0x18, 0x60, 0x80, 0x21, 0xf8, 0xff, 0xd1, 0xa0,

    /* U+9645 "际" */
    0x0, 0xff, 0xe0, 0xf7, 0xfc, 0x99, 0xdd, 0xc6,
    0x0, 0xee, 0xa, 0x6f, 0xff, 0x18, 0x4, 0xec,
    0x2, 0x3e, 0x0, 0xdb, 0x40, 0xab, 0xf0, 0x80,
    0xd, 0x47, 0xfd, 0x10, 0xff, 0x88, 0x1, 0x12,
    0x35, 0x52, 0x55, 0x46, 0x1, 0x11, 0xb1, 0x80,
    0xd, 0xc0, 0x38, 0x42, 0xc4, 0x0, 0x70, 0x40,
    0x3, 0xe6, 0x0, 0x10, 0x4, 0xd0, 0x0, 0x3e,
    0xb9, 0xa0, 0xd, 0xaa, 0x20, 0x1b, 0x18, 0x7c,
    0x0, 0x8e, 0x60, 0x19, 0x83, 0x9b, 0x0, 0x10,
    0x40,

    /* U+9646 "陆" */
    0x0, 0xf8, 0x78, 0x3, 0x77, 0xfc, 0x20, 0x1f,
    0xdd, 0x68, 0x3d, 0xd0, 0xf7, 0x24, 0x2, 0xff,
    0x7, 0x73, 0x47, 0xb9, 0x20, 0x2, 0x74, 0x0,
    0x8c, 0x3, 0xc2, 0x6, 0x2, 0x22, 0x11, 0xc0,
    0x3, 0xff, 0x3f, 0xfb, 0x43, 0xfe, 0x60, 0x1,
    0x93, 0xf7, 0x3c, 0x7b, 0xa6, 0x3, 0x30, 0x8b,
    0x80, 0x3b, 0xc0, 0xb, 0xf2, 0x2, 0x1, 0xf9,
    0xb1, 0x80, 0x3f, 0xf8, 0x73, 0x63, 0x32, 0x0,
    0xf0, 0xd6, 0x7d, 0x66, 0x4, 0x0,

    /* U+9648 "陈" */
    0x0, 0xfa, 0x80, 0x3b, 0xbf, 0xdc, 0x0, 0x47,
    0x0, 0xf7, 0x5a, 0xe7, 0x59, 0x77, 0x66, 0x0,
    0x67, 0x67, 0x15, 0xf7, 0x66, 0x0, 0x22, 0x81,
    0x82, 0xf0, 0x7, 0x95, 0x41, 0x54, 0x0, 0xfd,
    0x52, 0x4d, 0x58, 0x3b, 0xac, 0x0, 0x8c, 0x8e,
    0xbe, 0x43, 0xfd, 0xc0, 0x11, 0x80, 0xb0, 0x28,
    0x93, 0x90, 0x0, 0xfa, 0x43, 0x9c, 0x2, 0xd8,
    0x0, 0x1e, 0xbb, 0x85, 0x40, 0x29, 0x62, 0x0,
    0x8a, 0x78, 0xc, 0x0, 0x32, 0xa0, 0x11, 0x79,
    0x4e, 0x38, 0x1, 0xdc,

    /* U+964D "降" */
    0x0, 0xf9, 0xc0, 0x3b, 0xbf, 0xe0, 0x5, 0x46,
    0x62, 0xc8, 0x1, 0xf2, 0xc1, 0x4b, 0xba, 0x95,
    0x30, 0xa, 0xae, 0x4a, 0xb9, 0xee, 0x84, 0x0,
    0x60, 0x53, 0xe, 0x12, 0x8a, 0x1, 0x1b, 0xa3,
    0x5e, 0x5e, 0x9f, 0x59, 0x0, 0x26, 0x3, 0xf9,
    0xf6, 0x7b, 0x84, 0x0, 0x22, 0x2d, 0x77, 0x3,
    0xbf, 0x80, 0x4, 0x82, 0x73, 0xdc, 0xe, 0xe5,
    0x80, 0x1e, 0x28, 0xec, 0x3, 0xf2, 0xe2, 0xa1,
    0xf7, 0x3, 0xfb, 0x86, 0x1, 0x9f, 0xfb, 0x81,
    0xfd, 0xc3, 0x0, 0xff, 0xe0, 0x80,

    /* U+9650 "限" */
    0x0, 0xff, 0xe0, 0xef, 0xfc, 0x7f, 0xdd, 0xbc,
    0xc0, 0x1d, 0xa4, 0x61, 0xdd, 0x8c, 0x3, 0x55,
    0x0, 0x19, 0x98, 0xc0, 0x33, 0x30, 0x1, 0xdd,
    0x88, 0x3, 0x4c, 0x80, 0x4, 0x58, 0x40, 0x33,
    0xb0, 0x3, 0xbb, 0x18, 0x7, 0x11, 0x87, 0x34,
    0xf7, 0xb8, 0x4, 0x44, 0x10, 0x5, 0x50, 0xb7,
    0x80, 0x5, 0xcc, 0x40, 0x2, 0x6c, 0x8a, 0x0,
    0x16, 0x40, 0x6, 0x90, 0x60, 0xf, 0x8, 0x46,
    0x2d, 0xe3, 0x0, 0x72, 0x9f, 0xf9, 0xd6, 0xf4,
    0x74, 0x40, 0x9, 0x8e, 0x60, 0x4, 0xb1,

    /* U+9664 "除" */
    0x0, 0xfc, 0xe0, 0x1b, 0xbf, 0xdc, 0x1, 0x44,
    0x8, 0x3, 0x7d, 0x20, 0x1, 0x96, 0xfc, 0x80,
    0x37, 0x70, 0x22, 0xf1, 0x27, 0x18, 0x0, 0x4c,
    0x98, 0xb0, 0xa8, 0x11, 0x6c, 0x0, 0x11, 0x74,
    0x77, 0xdf, 0xee, 0x30, 0x15, 0x41, 0x2d, 0xd0,
    0xdd, 0x84, 0x2, 0x74, 0x8a, 0xa8, 0x6a, 0xa4,
    0x0, 0x19, 0xaf, 0xba, 0xe, 0xe9, 0x41, 0xf2,
    0xf, 0x45, 0x5, 0x25, 0x84, 0x1f, 0x99, 0x10,
    0xa0, 0x14, 0xf0, 0x6, 0x1a, 0xf0, 0xc, 0x8a,
    0xa0, 0x8, 0x78, 0xb3, 0xd0, 0x1, 0x2b, 0xc0,
    0x1d, 0x9d, 0x40, 0x18,

    /* U+9669 "险" */
    0x0, 0xf8, 0x5c, 0x3, 0x77, 0xfb, 0x80, 0x28,
    0x80, 0x80, 0x6e, 0xa4, 0x0, 0x2a, 0x56, 0x8,
    0x6, 0xfe, 0x4, 0xbf, 0x5b, 0xc1, 0x0, 0x1b,
    0xa3, 0xd4, 0x9, 0xaa, 0xbd, 0x0, 0x23, 0xcd,
    0xd4, 0x45, 0xf4, 0x60, 0x71, 0x36, 0x77, 0x69,
    0xb7, 0x67, 0x0, 0x2a, 0x5, 0x89, 0x70, 0x17,
    0x80, 0x44, 0x0, 0xc7, 0x22, 0x5, 0x58, 0x1,
    0xf2, 0x41, 0x30, 0x8, 0x8a, 0xc0, 0x7, 0xe7,
    0x3, 0xe0, 0xca, 0xb0, 0xf, 0x55, 0xfd, 0xd9,
    0xf6, 0xd8, 0x3, 0x4c, 0x46, 0xc8, 0x82, 0x0,

    /* U+968F "随" */
    0x0, 0xfc, 0x86, 0x1, 0x77, 0xfa, 0x88, 0x2,
    0xf7, 0x0, 0xde, 0xfb, 0xc7, 0x9c, 0x95, 0xdc,
    0x70, 0x2, 0x37, 0x46, 0x34, 0x77, 0x4e, 0x4,
    0x2, 0x56, 0x6f, 0x3b, 0xaf, 0x0, 0x84, 0x48,
    0x8e, 0x3b, 0xdd, 0x0, 0x44, 0xb3, 0xb5, 0x89,
    0x19, 0x80, 0xd, 0x83, 0x20, 0x21, 0x19, 0x80,
    0xf, 0xf4, 0x66, 0x0, 0x25, 0x9d, 0x0, 0xd1,
    0x98, 0x0, 0x97, 0x51, 0x2, 0x1, 0xb0, 0xc0,
    0x31, 0xc4, 0xe5, 0xa8, 0x66, 0x0, 0x35, 0xf3,
    0x74, 0x76, 0xf7, 0xc7, 0x0, 0x20, 0x80, 0xaf,
    0xb7, 0xbe, 0x0,

    /* U+9690 "隐" */
    0x0, 0xf1, 0x98, 0x3, 0xb7, 0xfe, 0x1, 0xdd,
    0xc6, 0x1, 0x75, 0xa0, 0x6c, 0xf6, 0x98, 0x7,
    0x6e, 0xa9, 0xd4, 0xa5, 0xc4, 0x40, 0x12, 0x3c,
    0x4, 0xc8, 0x89, 0xf0, 0x0, 0x30, 0x32, 0x99,
    0xe5, 0x0, 0x8e, 0x64, 0x15, 0x11, 0x90, 0x3,
    0x22, 0x8d, 0xcc, 0xe4, 0x0, 0xc4, 0x27, 0x76,
    0xfb, 0xb0, 0x60, 0x1, 0x3e, 0x2, 0x75, 0x86,
    0x39, 0x40, 0x9, 0xaf, 0xc9, 0x14, 0x26, 0x32,
    0x1, 0x8c, 0x50, 0x1, 0xd, 0xe8, 0x40, 0x1a,
    0x44, 0x3b, 0x97, 0x92, 0x60,

    /* U+9694 "隔" */
    0x0, 0xff, 0xe0, 0xf7, 0xfb, 0x23, 0xbb, 0xe7,
    0xf, 0x84, 0x87, 0x44, 0xe9, 0x70, 0x5, 0x50,
    0x1e, 0xef, 0x75, 0x80, 0xc, 0x48, 0x0, 0xcd,
    0xb4, 0x2, 0x30, 0x30, 0xa2, 0x2d, 0x9e, 0x1,
    0x4c, 0x9a, 0x62, 0x3b, 0x90, 0x0, 0x8e, 0x35,
    0x1d, 0xbd, 0xe, 0x20, 0x28, 0x20, 0x4, 0xe0,
    0x84, 0x0, 0x93, 0xa0, 0x1, 0x1, 0x8b, 0x0,
    0x12, 0xda, 0x0, 0x27, 0x4b, 0xa4, 0x3, 0xff,
    0x9b, 0x48, 0xdc, 0x1, 0x3b, 0x80, 0x1c, 0x15,
    0xc6,

    /* U+9699 "隙" */
    0x0, 0xf8, 0xb4, 0x3, 0x6f, 0xfc, 0x27, 0x0,
    0x1, 0xa0, 0xb, 0xb0, 0xc7, 0xb4, 0x0, 0x3b,
    0x40, 0x15, 0xd4, 0x2a, 0x80, 0x27, 0x2, 0x0,
    0x2b, 0x53, 0xe7, 0xe, 0x6b, 0x10, 0x1, 0x90,
    0x7, 0x33, 0x70, 0x6, 0x98, 0x1, 0xcc, 0xde,
    0x1, 0x88, 0x80, 0x3f, 0xfa, 0x80, 0x31, 0x9,
    0xb5, 0xd6, 0xdf, 0x58, 0x1, 0x7e, 0x7, 0xb2,
    0xce, 0x5, 0x80, 0xb, 0xae, 0x70, 0xa0, 0x16,
    0xe0, 0x6, 0x2d, 0xd0, 0x80, 0x48, 0x87, 0x0,
    0x8b, 0xe, 0x31, 0xc0, 0x12, 0xfa, 0x20, 0x2,
    0x8, 0xea, 0x0, 0xc0,

    /* U+969C "障" */
    0x0, 0xfc, 0x68, 0x1, 0xdf, 0xf7, 0x36, 0xed,
    0x7b, 0xa8, 0x0, 0xbe, 0x5d, 0xb4, 0x3f, 0xcb,
    0xf0, 0x1, 0xaa, 0x93, 0x23, 0xb9, 0x6b, 0x91,
    0x0, 0x10, 0x1e, 0x62, 0xff, 0x2f, 0x30, 0x20,
    0x2, 0x4, 0x59, 0xee, 0xd2, 0x80, 0x1b, 0xe0,
    0xe, 0xef, 0x10, 0x7, 0x19, 0x80, 0x17, 0x55,
    0x8, 0x6, 0x13, 0x10, 0x1, 0x16, 0x0, 0xe5,
    0x8b, 0xd, 0xbc, 0x7a, 0xd1, 0x0, 0x92, 0xd7,
    0xb3, 0x14, 0x19, 0x8e, 0x20, 0xe, 0xee, 0xbc,
    0x7b, 0xa2, 0x1, 0x0, 0xff, 0xe0, 0x0,

    /* U+96BE "难" */
    0x0, 0xf8, 0xd9, 0x14, 0x3, 0x11, 0x46, 0x0,
    0xae, 0x7b, 0x0, 0x8b, 0xfe, 0xd7, 0x16, 0xd0,
    0x45, 0x31, 0x2c, 0xdd, 0x29, 0x40, 0xf4, 0x2f,
    0x42, 0x8f, 0x90, 0x28, 0x32, 0x5d, 0xd, 0xd9,
    0x6, 0x38, 0x82, 0x55, 0x2e, 0x86, 0xec, 0x0,
    0x67, 0xf7, 0xdf, 0x58, 0xf1, 0x88, 0x0, 0x54,
    0x58, 0x20, 0x26, 0xa0, 0x66, 0x0, 0x9c, 0x20,
    0x0, 0xbf, 0xc3, 0xfe, 0x10, 0x18, 0xc1, 0x70,
    0x5f, 0xe1, 0xff, 0x8, 0x6b, 0x9f, 0xa0, 0x7,
    0xe4, 0x69, 0x3, 0x30, 0x2f, 0x78, 0xf7, 0x1d,
    0x28, 0x3, 0x93, 0xfd, 0xdf, 0xe7,

    /* U+96C6 "集" */
    0x0, 0x9d, 0x41, 0x58, 0x3, 0xf1, 0xc1, 0xa1,
    0xca, 0x26, 0x10, 0x0, 0xe9, 0xfe, 0xd0, 0xee,
    0xe5, 0x1, 0xc0, 0x7e, 0xe3, 0x1f, 0x75, 0xe8,
    0x9, 0x4e, 0x46, 0x62, 0x13, 0x39, 0x40, 0xa,
    0xe0, 0xf1, 0x5, 0x28, 0x8a, 0x40, 0x3a, 0x73,
    0x10, 0x99, 0x95, 0x0, 0x74, 0xee, 0xa1, 0xf7,
    0x75, 0x80, 0x57, 0x9b, 0xa6, 0x9d, 0xdd, 0x60,
    0xdd, 0x98, 0xef, 0x4b, 0xee, 0xe0, 0x6e, 0xe6,
    0x22, 0x9, 0x8e, 0x3b, 0xa0, 0x2, 0xd7, 0xfa,
    0xc7, 0x73, 0xb6, 0xc, 0x1b, 0xbf, 0x54, 0x2,
    0x18, 0xdd, 0x48, 0x80,

    /* U+96E8 "雨" */
    0x9f, 0xff, 0xfb, 0xa7, 0xff, 0x87, 0x7f, 0xf7,
    0x0, 0x7f, 0xf0, 0xb7, 0xff, 0xe, 0xff, 0xe6,
    0x0, 0x67, 0xfc, 0x3b, 0xff, 0x30, 0x6, 0xc6,
    0x0, 0xe, 0xc0, 0x7, 0xb3, 0xd8, 0x7, 0x42,
    0x40, 0x38, 0xe5, 0x80, 0x4e, 0x24, 0x3, 0x3f,
    0xc0, 0x1, 0xfe, 0x84, 0x3, 0x3e, 0x2, 0x83,
    0x66, 0xb0, 0x7, 0xa1, 0x40, 0x27, 0x70, 0x7,
    0xfd, 0x5c, 0xea, 0x1a, 0x60, 0x17, 0x10, 0x57,
    0x70, 0xc0,

    /* U+96F6 "零" */
    0x2, 0x77, 0xdd, 0x2e, 0xf3, 0x0, 0x53, 0x99,
    0x85, 0x73, 0x2d, 0x80, 0x2, 0x57, 0xfa, 0x4e,
    0x3f, 0xf1, 0x80, 0x14, 0xc8, 0x82, 0x0, 0x22,
    0x9c, 0xc0, 0x14, 0x9b, 0xa5, 0xf6, 0xdd, 0x9a,
    0x0, 0x26, 0xbb, 0xe, 0xf4, 0xdd, 0x94, 0x3,
    0x24, 0xef, 0xcc, 0xd9, 0x8, 0x0, 0x3e, 0xe6,
    0x6c, 0x1, 0x5e, 0xf7, 0xe8, 0x9f, 0x14, 0x6e,
    0xaa, 0x9b, 0x93, 0xda, 0x20, 0x8, 0xd8, 0xfd,
    0xd4, 0xd, 0x28, 0x7, 0x8e, 0x77, 0x5d, 0xaa,
    0x1, 0xf3, 0x5e, 0x5b, 0x58, 0x7, 0xf8, 0x5b,
    0x6c, 0x3, 0x0,

    /* U+96FE "雾" */
    0x1, 0x77, 0xd9, 0x6e, 0xf8, 0x40, 0x1f, 0xbb,
    0x85, 0xb7, 0x6c, 0xc0, 0x0, 0x64, 0xcd, 0x8b,
    0x5a, 0x66, 0xf3, 0x0, 0x38, 0x8, 0x8c, 0x0,
    0x23, 0x3b, 0x0, 0x20, 0xe4, 0x1f, 0x4d, 0xea,
    0x87, 0x0, 0x11, 0xea, 0x4f, 0x7d, 0x76, 0xc0,
    0x4, 0xd3, 0x41, 0x91, 0x3, 0x7a, 0x80, 0x0,
    0x9e, 0x73, 0x4f, 0xf9, 0x83, 0xe6, 0xc, 0xda,
    0x19, 0x1c, 0xfb, 0xd5, 0x15, 0x86, 0x55, 0x48,
    0xed, 0x4d, 0xcd, 0xfb, 0x40, 0x1, 0x66, 0x28,
    0x33, 0x32, 0xf8, 0x4, 0xd9, 0x81, 0xd3, 0xa,
    0xc6, 0x50, 0x9, 0xb3, 0xe, 0x1, 0x56, 0x71,
    0x0, 0x0,

    /* U+9700 "需" */
    0x1, 0x88, 0xd9, 0x71, 0x18, 0x2, 0xa4, 0x4c,
    0x4c, 0x89, 0xac, 0x0, 0x9b, 0xfe, 0xe6, 0xaf,
    0xfb, 0x50, 0x0, 0x46, 0x88, 0x70, 0x2, 0xa2,
    0xc, 0x80, 0x1a, 0x99, 0x8d, 0x0, 0x7e, 0x61,
    0x74, 0x2, 0x6b, 0xb4, 0x52, 0xcd, 0xd9, 0xc0,
    0x3, 0xbb, 0xec, 0xdd, 0xe1, 0x16, 0xff, 0xe2,
    0xbf, 0xfd, 0xa2, 0x0, 0xd9, 0x96, 0xb7, 0x6f,
    0x4e, 0x28, 0x6, 0xbb, 0x5, 0xd8, 0xba, 0xd0,
    0x3, 0xff, 0x9d, 0x88, 0xc0, 0x17, 0x0, 0x3c,
    0x1, 0xa5, 0x9c, 0x60,

    /* U+9732 "露" */
    0x2, 0x77, 0xdd, 0x2e, 0xf8, 0x2, 0xec, 0xcc,
    0x2b, 0x99, 0xc0, 0x2, 0x92, 0x26, 0x1c, 0x11,
    0x52, 0x40, 0x7, 0x3b, 0xb2, 0x80, 0x2e, 0xe3,
    0x70, 0x4, 0x92, 0xa9, 0xd1, 0xa2, 0xd4, 0x24,
    0x0, 0xfd, 0x98, 0x8b, 0x4, 0x2c, 0xa3, 0x0,
    0x7a, 0x5d, 0x99, 0x38, 0xab, 0x5c, 0xc0, 0x1c,
    0xbb, 0xa7, 0x2c, 0x9e, 0x8d, 0x0, 0xd1, 0x49,
    0x1, 0x53, 0x53, 0x94, 0x61, 0xe4, 0x5, 0x80,
    0x7, 0xec, 0x2f, 0x30, 0xc, 0x74, 0xe5, 0x17,
    0x60, 0x70, 0x24, 0xba, 0x49, 0x50, 0xfb, 0xb0,
    0x4, 0x5b, 0xb6, 0x5b, 0xc6, 0x5d, 0xbc, 0x80,

    /* U+9752 "青" */
    0x0, 0xf6, 0x20, 0x7, 0x9b, 0x77, 0x1d, 0x6e,
    0xe2, 0x6, 0xdd, 0xc7, 0x5b, 0xb8, 0x80, 0x1b,
    0xb8, 0xe7, 0x76, 0x70, 0xb, 0x77, 0x1c, 0xee,
    0xce, 0xb, 0xbb, 0xc3, 0x3b, 0xbb, 0x17, 0x72,
    0xef, 0xf6, 0x60, 0x0, 0x50, 0x67, 0xeb, 0x40,
    0xc, 0x33, 0x3e, 0x30, 0xe, 0x2c, 0xcf, 0x28,
    0x7, 0x16, 0x67, 0x90, 0x3, 0x8b, 0x33, 0xc8,
    0x1, 0xfe, 0xcd, 0x67, 0x0,

    /* U+9759 "静" */
    0x0, 0xff, 0xe2, 0xda, 0x0, 0x50, 0xc0, 0x18,
    0x6a, 0x8b, 0x14, 0xc2, 0xf9, 0x2c, 0x0, 0x19,
    0x91, 0x54, 0xa4, 0x2f, 0x97, 0x80, 0x53, 0xe7,
    0x7f, 0x6f, 0x6e, 0xb0, 0x1, 0x56, 0x24, 0xe4,
    0x7, 0x68, 0xf5, 0x2, 0xe6, 0x1e, 0x32, 0x3b,
    0x83, 0xb4, 0x0, 0x5f, 0xbb, 0xda, 0xec, 0x35,
    0xee, 0x61, 0x7c, 0x66, 0xa1, 0x22, 0x7, 0x10,
    0x88, 0x0, 0xf1, 0x2, 0x77, 0x85, 0x79, 0x88,
    0x1, 0x19, 0x83, 0x8, 0xe1, 0xfb, 0x0, 0xd7,
    0x98, 0x30, 0xac, 0x1d, 0xc8, 0x0, 0xaf, 0x30,
    0x60, 0x1c, 0x24, 0x1, 0x87, 0x44, 0xdf, 0x8c,
    0x40, 0x34, 0x30, 0xee, 0x85, 0xfb, 0x40, 0x30,

    /* U+975E "非" */
    0x0, 0xff, 0xe3, 0xf8, 0x87, 0x80, 0x7f, 0xf2,
    0x2f, 0x76, 0x0, 0xdb, 0xb8, 0x1, 0x3d, 0xd0,
    0x6, 0xee, 0xc0, 0x2, 0x33, 0x80, 0x31, 0x9e,
    0x0, 0x12, 0x24, 0x1, 0x91, 0x22, 0x0, 0x2c,
    0x44, 0x1, 0xa2, 0x2a, 0x0, 0x3e, 0x64, 0x1,
    0xb3, 0x28, 0x0, 0x8, 0xe0, 0xc, 0x42, 0x30,
    0x17, 0x76, 0x0, 0xdb, 0xdd, 0x19, 0x7f, 0xe0,
    0xd, 0xff, 0x8c, 0x3, 0xff, 0xa0,

    /* U+9760 "靠" */
    0x0, 0x24, 0x80, 0x38, 0x80, 0x3c, 0x34, 0x57,
    0x61, 0xeb, 0xb9, 0xc0, 0xe8, 0xf3, 0x20, 0x4c,
    0xc8, 0x10, 0x7a, 0x8, 0xaa, 0xd2, 0x2c, 0xe4,
    0xbf, 0xdd, 0xfb, 0xcc, 0x0, 0xf1, 0x77, 0xe8,
    0x70, 0x9, 0x22, 0xef, 0xd0, 0x80, 0x14, 0xdf,
    0x1d, 0xc8, 0xdd, 0xa4, 0x13, 0x32, 0x82, 0x1,
    0x5b, 0xb9, 0xd2, 0xee, 0x70, 0x8, 0x73, 0x24,
    0x4, 0x48, 0x80, 0x23, 0x44, 0x8a, 0x23, 0x28,
    0x4, 0x5f, 0xf6, 0xc5, 0xde, 0x0, 0x8b, 0x33,
    0x0,

    /* U+9762 "面" */
    0x3f, 0xff, 0xfe, 0x1, 0x9b, 0xff, 0x8a, 0xbf,
    0xf8, 0xc0, 0x2, 0x31, 0x11, 0x4, 0x70, 0x5,
    0x1d, 0xfd, 0xa3, 0xfd, 0xcf, 0xe8, 0x0, 0xa3,
    0x9e, 0x3b, 0x8d, 0x3c, 0xe0, 0x1f, 0x56, 0x61,
    0xc0, 0x3f, 0xcb, 0xba, 0x40, 0xf, 0xf7, 0x88,
    0x8c, 0x3, 0xfd, 0x3b, 0xa6, 0x0, 0xff, 0x4e,
    0xe9, 0x80, 0x3e, 0xb9, 0x5b, 0x99, 0x25, 0x4a,
    0x80, 0x66, 0xfb, 0xaf, 0xf5, 0xd7, 0xb0, 0x0,

    /* U+97F3 "音" */
    0x0, 0xff, 0xe4, 0x53, 0x80, 0x7c, 0x97, 0x79,
    0xe2, 0xef, 0x30, 0x1, 0x7f, 0x7, 0xe6, 0xfc,
    0x8f, 0xd0, 0x0, 0x28, 0xaa, 0x44, 0xed, 0x42,
    0x0, 0xc4, 0x44, 0x0, 0x19, 0x94, 0x2, 0x3f,
    0xf8, 0xaf, 0xfd, 0x83, 0xff, 0x19, 0xbf, 0xff,
    0xf8, 0x6, 0x0, 0x4f, 0xee, 0xf7, 0xb8, 0x7,
    0x27, 0x77, 0x94, 0x3, 0xc9, 0xbb, 0xe5, 0x0,
    0xf2, 0x6e, 0xf9, 0x40, 0x3c, 0xe2, 0x3e, 0x0,
    0xf8, 0xf3, 0x3c, 0xa0, 0x1c, 0x9f, 0xbb, 0xef,
    0x70, 0x0,

    /* U+9875 "页" */
    0xf, 0xff, 0xfe, 0x0, 0x87, 0xff, 0x15, 0xff,
    0xf0, 0x80, 0x4, 0x64, 0x35, 0x11, 0xc0, 0x1a,
    0x3f, 0xd4, 0x1f, 0xfb, 0x40, 0x3a, 0x7b, 0x99,
    0x8e, 0xe5, 0x80, 0x7f, 0x55, 0x80, 0x7f, 0xf7,
    0xf, 0xc0, 0x3f, 0x6a, 0x3, 0xaa, 0x6b, 0xba,
    0x0, 0x32, 0x3d, 0xd6, 0x16, 0x6e, 0x10, 0x5,
    0x5d, 0x1d, 0xa4, 0x3, 0x5b, 0x56, 0x0, 0x9f,
    0xc5, 0x0, 0xe3, 0xc9, 0x0,

    /* U+9879 "项" */
    0x11, 0xee, 0xff, 0xf8, 0x9e, 0xbb, 0x6f, 0xbf,
    0xc3, 0x7f, 0xf1, 0x35, 0x97, 0xd3, 0x7f, 0x86,
    0xff, 0xc6, 0x1, 0xf3, 0x7e, 0xf7, 0x90, 0x7,
    0xfa, 0xd8, 0x3, 0xff, 0x94, 0x20, 0x1f, 0xe2,
    0x3e, 0xf0, 0x8, 0xc4, 0x3, 0x56, 0x3c, 0xf1,
    0x78, 0x22, 0x1, 0x44, 0x23, 0xa5, 0x1, 0x1a,
    0x91, 0xb6, 0xc8, 0x8, 0x3, 0x36, 0x9d, 0x24,
    0xeb, 0x80, 0x72, 0xe7, 0x48, 0x1, 0x3f, 0x40,

    /* U+987A "顺" */
    0xc, 0x13, 0xe, 0x4e, 0xe7, 0xfb, 0xb8, 0xc0,
    0x21, 0xc0, 0x4, 0xee, 0xf, 0x74, 0xc0, 0x1f,
    0x4d, 0x85, 0xd4, 0x80, 0x7e, 0x7f, 0xae, 0xf7,
    0x0, 0xfe, 0x4d, 0x54, 0x0, 0xff, 0x90, 0xc0,
    0x3f, 0xf8, 0xc6, 0x20, 0x1f, 0xfc, 0x63, 0x2,
    0x20, 0x10, 0x0, 0xc0, 0x3b, 0x54, 0x74, 0xb0,
    0x11, 0x83, 0x0, 0x22, 0xba, 0x9d, 0x50, 0xcd,
    0x1, 0x0, 0x2e, 0x42, 0x23, 0x6c, 0xe1, 0x80,
    0x2e, 0x4c, 0x60, 0x1, 0xe1, 0x80,

    /* U+987B "须" */
    0x0, 0x84, 0x40, 0x1f, 0xf1, 0x62, 0x57, 0xff,
    0xc2, 0xb, 0x90, 0xb5, 0xfe, 0x48, 0xff, 0x84,
    0x37, 0x4a, 0x0, 0xff, 0x24, 0x7f, 0x9c, 0x1,
    0x6, 0x6b, 0x0, 0x77, 0xfc, 0xa0, 0x19, 0x37,
    0xc0, 0x2, 0x96, 0x1, 0xcf, 0x5a, 0x80, 0x19,
    0xc0, 0x3d, 0xe6, 0x1, 0xff, 0x38, 0x86, 0x18,
    0x0, 0x5c, 0x3, 0xea, 0x63, 0x30, 0x6e, 0x6,
    0x90, 0x5, 0x4d, 0x41, 0x86, 0xc9, 0xc4, 0xa0,
    0x5a, 0x18, 0x2, 0xfb, 0xa3, 0xc9, 0xa0, 0x29,
    0xa0, 0x5, 0x77, 0x98, 0x16, 0x19, 0x80,

    /* U+9884 "预" */
    0x0, 0xff, 0xe1, 0xf, 0xff, 0x27, 0x75, 0xfd,
    0xca, 0x1f, 0xf8, 0xe1, 0x3b, 0x90, 0xbd, 0xca,
    0x6, 0xcc, 0x5b, 0x85, 0x74, 0xaf, 0x70, 0x81,
    0xa4, 0x88, 0x0, 0x1b, 0xff, 0x71, 0x81, 0x31,
    0xbd, 0x3a, 0x0, 0xa4, 0x80, 0x43, 0xde, 0xcf,
    0x58, 0x0, 0x13, 0x0, 0x8e, 0x20, 0x30, 0x72,
    0x1, 0xff, 0xd, 0x88, 0x0, 0xc0, 0x3f, 0xa,
    0x81, 0xbf, 0xe8, 0x21, 0x80, 0x7d, 0x0, 0xe3,
    0x72, 0x20, 0x1f, 0x3e, 0xd3, 0x1e, 0x88, 0x5f,
    0x20, 0x2, 0xb7, 0x10, 0x21, 0x58, 0x2f, 0xe8,
    0x1, 0x54, 0x20, 0xa, 0x1c,

    /* U+9891 "频" */
    0x0, 0x87, 0x80, 0x3f, 0xc2, 0xc0, 0x1, 0x15,
    0xff, 0xf2, 0x1, 0x68, 0xd, 0x5d, 0xbe, 0xd3,
    0xfc, 0x80, 0x18, 0x6e, 0x93, 0x29, 0xb2, 0x80,
    0xa5, 0x60, 0x66, 0x58, 0x9f, 0xed, 0x40, 0x1,
    0x31, 0x10, 0x44, 0x0, 0x29, 0x10, 0x1, 0x47,
    0x71, 0xe3, 0x38, 0x0, 0x20, 0x19, 0x30, 0x0,
    0x34, 0x0, 0x70, 0xe, 0x89, 0x0, 0x4b, 0x0,
    0x4, 0x80, 0x21, 0xb3, 0x60, 0x69, 0x3f, 0xde,
    0x2, 0x1, 0x70, 0x17, 0xa1, 0x57, 0x6f, 0x7c,
    0x0, 0xb, 0xe4, 0xa0, 0x1e, 0x4c, 0xb6, 0x80,
    0x15, 0xfe, 0x40, 0x3f, 0x87, 0xa, 0x24,

    /* U+9898 "题" */
    0xb, 0xdc, 0xc7, 0xbe, 0xeb, 0xfb, 0x74, 0xa0,
    0x5, 0x99, 0x3, 0x6e, 0xf, 0x6e, 0x94, 0x1,
    0xe2, 0x30, 0x6d, 0x2d, 0xe5, 0x0, 0x55, 0x10,
    0x10, 0x3b, 0x9a, 0xf1, 0x0, 0x5e, 0xe6, 0x3c,
    0x40, 0x10, 0x40, 0x14, 0xee, 0xf3, 0x80, 0x4,
    0x40, 0x14, 0xff, 0x8f, 0x74, 0xe0, 0x6, 0x20,
    0xd, 0x4e, 0x15, 0x43, 0x30, 0x80, 0x42, 0x0,
    0x23, 0x8, 0x81, 0xec, 0x55, 0xda, 0x80, 0xf,
    0x42, 0x45, 0x51, 0x3d, 0x8e, 0x9, 0x7, 0x8b,
    0xd, 0x7d, 0x80, 0x26, 0x86, 0x6c, 0xfc, 0x75,
    0x6f, 0xbb, 0x41, 0xd3, 0x0, 0xbe, 0x6f, 0x77,
    0x8c,

    /* U+989C "颜" */
    0x0, 0xa1, 0x0, 0x3f, 0xc4, 0x4f, 0xe2, 0x25,
    0xee, 0xbf, 0x74, 0x81, 0x3f, 0x83, 0xf3, 0x7b,
    0x2d, 0xba, 0x40, 0xb1, 0x8b, 0xa, 0x48, 0x81,
    0xc3, 0x80, 0x20, 0x7f, 0xe, 0xcf, 0xba, 0x99,
    0x0, 0x12, 0x3b, 0xdf, 0x80, 0xc7, 0x84, 0x3,
    0x32, 0x70, 0xa0, 0x4, 0x60, 0x1d, 0x5f, 0xed,
    0x30, 0xf, 0xeb, 0x88, 0x71, 0x80, 0x1b, 0x80,
    0x30, 0xdf, 0xe4, 0xb0, 0x3, 0x48, 0x3, 0x1d,
    0xf2, 0xf9, 0xba, 0x28, 0xaf, 0x1, 0x10, 0x6b,
    0xb8, 0xa3, 0x54, 0x5e, 0x80, 0x74, 0xaf, 0xd3,
    0x8d, 0xe7, 0x1b, 0x25, 0x54, 0x4a, 0x80, 0x23,
    0x14, 0x2, 0xa5,

    /* U+98A0 "颠" */
    0x0, 0xff, 0xe2, 0xb4, 0x80, 0x7f, 0xaa, 0x96,
    0xb5, 0x35, 0xdc, 0xfe, 0xe2, 0x84, 0x41, 0xaa,
    0x2e, 0xba, 0xd7, 0xb8, 0xa0, 0xbc, 0xfb, 0xce,
    0xbb, 0x49, 0xb8, 0x0, 0xf4, 0x8f, 0x63, 0x35,
    0x7e, 0x69, 0x0, 0x44, 0x50, 0x80, 0x45, 0xc0,
    0x1c, 0xd9, 0x86, 0x0, 0xce, 0x1, 0xd7, 0x72,
    0x0, 0x42, 0x20, 0xe, 0xc9, 0x92, 0x80, 0x4c,
    0x60, 0x11, 0xa0, 0x6, 0xde, 0xd, 0xf0, 0x8,
    0x64, 0x7b, 0xd7, 0xa1, 0xd8, 0x17, 0x80, 0x8d,
    0xdc, 0xc8, 0x63, 0x8c, 0xfd, 0x20, 0x75, 0x82,
    0x2c, 0x4f, 0xb8, 0x1b, 0x33, 0xb0, 0x40, 0x2,
    0x5c, 0xe0, 0x15, 0x18,

    /* U+98CE "风" */
    0x0, 0x7f, 0xff, 0x38, 0x7, 0x77, 0xff, 0x98,
    0x3, 0xe3, 0x0, 0xb0, 0x40, 0x3e, 0x3e, 0x60,
    0x40, 0x11, 0x0, 0x78, 0xfe, 0xf, 0xe4, 0x3,
    0xf0, 0x95, 0x6b, 0x28, 0x7, 0x84, 0x2, 0x40,
    0x10, 0xf, 0x88, 0x80, 0x9, 0x50, 0x80, 0xff,
    0x0, 0x4a, 0xe0, 0xcf, 0x5c, 0xe8, 0x22, 0x0,
    0xb3, 0x5e, 0x30, 0x4a, 0x64, 0x44, 0x53, 0x15,
    0x65, 0xc2, 0x0, 0x37, 0xaa, 0xb5, 0xdc, 0xc2,
    0x44, 0x0, 0xc4, 0x2e, 0xca, 0xd2, 0x1, 0xfd,
    0x3c, 0x20,

    /* U+997F "饿" */
    0x0, 0xff, 0xe1, 0x96, 0x0, 0x66, 0x8d, 0x45,
    0x0, 0x91, 0x40, 0xaf, 0xf2, 0xc5, 0xe1, 0x0,
    0x1e, 0xf9, 0xd2, 0x9c, 0x60, 0xe, 0x80, 0x3,
    0xd4, 0xb1, 0x0, 0x4e, 0x7, 0x80, 0xaa, 0x4d,
    0xd, 0x4a, 0xd4, 0xdd, 0x87, 0x3d, 0x6a, 0xfc,
    0xef, 0xd2, 0x3a, 0x46, 0x52, 0xcc, 0x49, 0xc4,
    0x88, 0x9, 0xa0, 0x1e, 0x17, 0xfb, 0xee, 0x55,
    0x80, 0x73, 0x79, 0x9a, 0x49, 0x9c, 0x80, 0x39,
    0xb9, 0x30, 0x84, 0x56, 0x1, 0xca, 0xe0, 0x1a,
    0x0, 0x5c, 0x80, 0x45, 0x26, 0x0, 0x1c, 0x55,
    0x36, 0x98, 0x1b, 0x68, 0xfb, 0x32, 0xe6, 0x20,
    0xc2, 0x5, 0x20, 0xbf, 0xa6, 0xe0, 0x5d, 0x80,

    /* U+9996 "首" */
    0x0, 0x9e, 0x0, 0x33, 0x48, 0x7, 0x99, 0x86,
    0x0, 0x18, 0xa0, 0x8, 0x7f, 0xdc, 0x39, 0xfe,
    0xe1, 0xcf, 0xf3, 0xf, 0xff, 0x1c, 0x7f, 0xf3,
    0x0, 0x1f, 0x32, 0x3a, 0xcc, 0xa0, 0x3, 0x6a,
    0x77, 0x37, 0xfb, 0x88, 0x40, 0x1d, 0xc4, 0x5e,
    0xf0, 0xf, 0x46, 0xef, 0xa4, 0x3, 0xd1, 0xbb,
    0xe9, 0x0, 0xf4, 0x6e, 0xfa, 0x40, 0x3d, 0x1b,
    0xbe, 0x90, 0xf, 0x46, 0xef, 0xa4, 0x3, 0xd3,
    0x99, 0xe6, 0x0, 0x80,

    /* U+9A6C "马" */
    0x0, 0xff, 0xe1, 0x17, 0xff, 0xee, 0x0, 0x8b,
    0xfb, 0xff, 0xb0, 0xc0, 0x3b, 0x80, 0x39, 0x98,
    0x1, 0x84, 0x40, 0x1c, 0x42, 0x1, 0x88, 0xc0,
    0x3b, 0x88, 0x3, 0x31, 0x5d, 0xf3, 0xad, 0xc0,
    0x1, 0x2f, 0xff, 0xaa, 0x48, 0x80, 0x1, 0x44,
    0xfc, 0x24, 0x7f, 0xff, 0xb8, 0xb, 0x8f, 0xff,
    0xf7, 0x3, 0xa8, 0x7, 0xf8, 0x88, 0x60, 0x1f,
    0xb7, 0xf6, 0x0, 0x3f, 0xb7, 0xfc, 0xe0,

    /* U+9A71 "驱" */
    0x0, 0xff, 0xe1, 0x17, 0x75, 0xe3, 0xdf, 0xfd,
    0x80, 0x5f, 0xdc, 0x11, 0x7, 0x7f, 0xec, 0x0,
    0x59, 0x80, 0x65, 0x70, 0x6, 0x90, 0x1, 0x84,
    0x46, 0x0, 0x5a, 0x43, 0x12, 0x0, 0x9, 0x11,
    0x80, 0x2f, 0xa8, 0xa0, 0x8, 0xcc, 0x80, 0x40,
    0x2, 0x94, 0x60, 0x9, 0x67, 0x5e, 0x40, 0x2d,
    0x4, 0x0, 0xae, 0xaa, 0x10, 0x1, 0xa5, 0xc8,
    0x4, 0x91, 0x9c, 0x40, 0x7d, 0x68, 0xee, 0x8,
    0xee, 0x68, 0xf8, 0x23, 0xa8, 0x41, 0x4, 0x53,
    0xa, 0x98, 0x14, 0x99, 0x85, 0x80, 0x2c, 0xd0,
    0x45, 0x8f, 0xfe, 0x10, 0x6, 0x6e, 0x5, 0xe6,
    0x78, 0x40,

    /* U+9A7B "驻" */
    0x0, 0xfc, 0x66, 0x0, 0xee, 0xeb, 0xcc, 0x0,
    0xfc, 0x1, 0xdf, 0xdc, 0x41, 0x19, 0x58, 0xc4,
    0x40, 0x8, 0x50, 0x63, 0xcc, 0x93, 0x73, 0x2,
    0x6, 0x20, 0x63, 0xbb, 0xe, 0x6e, 0x84, 0x5,
    0x80, 0x3f, 0xf8, 0xc, 0xc4, 0x32, 0x0, 0xfe,
    0x7f, 0xf3, 0x7d, 0x77, 0x7, 0x7a, 0x80, 0x15,
    0x76, 0x86, 0xae, 0xe0, 0xef, 0x50, 0xa, 0x46,
    0x20, 0x80, 0x7e, 0x4e, 0xdd, 0x9, 0x0, 0x7e,
    0x5a, 0x51, 0xcf, 0x55, 0x85, 0x15, 0x44, 0x0,
    0xbd, 0x73, 0xcc, 0x9b, 0xf3, 0xc, 0x0, 0xbd,
    0xd2, 0x4c, 0xfc, 0x80,

    /* U+9A8C "验" */
    0x0, 0xfe, 0x81, 0x0, 0x87, 0xba, 0xf2, 0x0,
    0x2b, 0x98, 0x4, 0x3f, 0xee, 0x33, 0x0, 0xc4,
    0x3c, 0x40, 0x29, 0x40, 0x21, 0xd, 0xb7, 0xad,
    0x10, 0x1, 0x8, 0x0, 0xb1, 0x54, 0x68, 0xd8,
    0x40, 0x2e, 0x26, 0x95, 0xf1, 0x16, 0xdb, 0x3,
    0x31, 0xc1, 0x5d, 0xd7, 0xb6, 0xe4, 0x80, 0x99,
    0xed, 0xb, 0x61, 0x42, 0x52, 0x0, 0x99, 0xa0,
    0x51, 0x0, 0xaa, 0xaa, 0x1, 0x3d, 0xea, 0x18,
    0x29, 0xe0, 0xab, 0x0, 0x8a, 0x74, 0x78, 0x2c,
    0xd4, 0xd0, 0x40, 0xd8, 0x83, 0xa, 0xae, 0xe8,
    0x5b, 0x20, 0x5, 0x6b, 0xac, 0xc4, 0x5b, 0xf0,
    0x40, 0xa, 0xdd, 0x1, 0x9f, 0xc0,

    /* U+9A97 "骗" */
    0x0, 0xfc, 0x50, 0x1, 0x87, 0xba, 0xf0, 0x8,
    0x98, 0xc0, 0x21, 0xee, 0x84, 0x3b, 0x74, 0x7d,
    0xbc, 0x0, 0x84, 0x12, 0x0, 0x6e, 0xf0, 0x4,
    0x4e, 0x6e, 0x0, 0xee, 0xe0, 0x8, 0x44, 0xc2,
    0x0, 0xee, 0xf0, 0x1, 0xc8, 0xa0, 0x5, 0xe6,
    0x70, 0x80, 0xed, 0xb9, 0x83, 0x40, 0x22, 0x0,
    0x2d, 0xd9, 0x40, 0xc1, 0x1f, 0x74, 0xe0, 0x4d,
    0x54, 0x17, 0x63, 0xd4, 0xbb, 0x20, 0x30, 0xc5,
    0x31, 0x19, 0xb5, 0x2e, 0xc8, 0x8, 0xe4, 0x21,
    0xb6, 0x1, 0xfd, 0x79, 0x46, 0x60, 0x6, 0x36,
    0xb0, 0x80, 0x2f, 0x5e, 0x3, 0x41, 0xce, 0x34,
    0x0,

    /* U+9AA4 "骤" */
    0x1, 0x11, 0x0, 0x7f, 0x9b, 0x32, 0x69, 0xd9,
    0xe6, 0xdd, 0x81, 0xb3, 0x58, 0xe8, 0xc, 0x12,
    0xe1, 0x40, 0x16, 0x64, 0x20, 0x2, 0x32, 0xcb,
    0xa0, 0x3, 0x8, 0x98, 0x1e, 0xcc, 0x8c, 0x1c,
    0x0, 0x24, 0xe7, 0xd, 0x21, 0x41, 0xfe, 0x0,
    0x12, 0x12, 0xde, 0x54, 0x67, 0xb5, 0x0, 0xa7,
    0xad, 0xa6, 0x5d, 0x40, 0x20, 0x0, 0x6e, 0xd4,
    0xb, 0xa3, 0x6a, 0xf0, 0xa0, 0x91, 0x92, 0x9,
    0xbc, 0x2d, 0xbe, 0xa0, 0x5b, 0xac, 0x15, 0xdf,
    0xa4, 0x0, 0xcc, 0xa2, 0x6a, 0x99, 0xd4, 0x7b,
    0xf6, 0x0, 0x1d, 0x9f, 0x6c, 0x50, 0x0, 0xdd,
    0x0,

    /* U+9AA8 "骨" */
    0x0, 0x7e, 0xef, 0xb8, 0x3, 0x9d, 0xe4, 0xdf,
    0x0, 0xf5, 0xda, 0x1c, 0x3, 0x9e, 0x2, 0x65,
    0x63, 0x16, 0x30, 0xf3, 0xf3, 0xdc, 0xf9, 0xef,
    0x9f, 0x90, 0x48, 0xbb, 0xf4, 0xa8, 0x70, 0x9e,
    0xef, 0x84, 0xf8, 0x0, 0x59, 0x9e, 0x10, 0xc,
    0x59, 0x9e, 0x10, 0xc, 0x5b, 0xbe, 0x10, 0xc,
    0x5b, 0xbe, 0x10, 0xf, 0xeb, 0xd2, 0x10,

    /* U+9AD8 "高" */
    0x0, 0xf4, 0xa8, 0x7, 0x85, 0xdf, 0x8a, 0x1d,
    0xf8, 0x3, 0xec, 0xa0, 0xf, 0xb, 0xba, 0xef,
    0xf3, 0x38, 0x6, 0x3c, 0xcf, 0x19, 0x80, 0x3d,
    0x55, 0xe0, 0xf, 0xb6, 0x23, 0xda, 0x40, 0x15,
    0x76, 0x67, 0xef, 0xa0, 0xa, 0xfb, 0xff, 0xdd,
    0x20, 0x1c, 0x3d, 0x55, 0xbc, 0x3, 0xfa, 0xee,
    0xa0, 0xf, 0xf6, 0x65, 0xaa, 0x1, 0xf0, 0xc6,
    0x66, 0xba, 0xbd, 0x0, 0x52, 0x83, 0x80, 0x75,
    0x6b, 0x80,

    /* U+9EA6 "麦" */
    0x0, 0xf6, 0x20, 0x7, 0xd7, 0xdd, 0x8e, 0xbb,
    0xb3, 0x0, 0x2f, 0xbb, 0x1d, 0x77, 0x66, 0x0,
    0xb7, 0x71, 0xd6, 0xed, 0x20, 0x1b, 0x77, 0x1d,
    0x6e, 0xd2, 0x0, 0x49, 0x9e, 0x2f, 0x99, 0xe0,
    0x6d, 0xd8, 0xd2, 0xff, 0x77, 0x80, 0x91, 0x18,
    0xa7, 0x31, 0x17, 0xa2, 0x0, 0xb, 0xa8, 0x5f,
    0xba, 0xe1, 0xc0, 0x8, 0x7a, 0x71, 0x34, 0xcb,
    0xd5, 0xc0, 0x21, 0xb4, 0x9, 0x6d, 0xcb, 0x80,
    0xe, 0x26, 0x9e, 0x69, 0x78, 0xc8, 0x53, 0x3,
    0xef, 0xfb, 0x1a, 0x3b, 0xfd, 0xde, 0x0,

    /* U+9ED1 "黑" */
    0x0, 0x74, 0xc4, 0x37, 0x22, 0x13, 0xc0, 0x1d,
    0x9, 0xf, 0x70, 0x96, 0x1, 0xf2, 0x20, 0x0,
    0xd6, 0x1, 0xf1, 0xdb, 0x87, 0xf2, 0x88, 0x7,
    0x17, 0xf7, 0x15, 0x97, 0xf9, 0x40, 0x36, 0x6e,
    0xca, 0xdb, 0xb5, 0x80, 0x6d, 0xdc, 0xad, 0xbb,
    0x80, 0x36, 0xee, 0x59, 0xdd, 0xc0, 0x3, 0xff,
    0xe5, 0x8f, 0xfe, 0x33, 0x7d, 0x77, 0xf7, 0xfb,
    0x7f, 0xab, 0xcc, 0xe, 0xc4, 0xf4, 0xb, 0x40,
    0x65, 0x80, 0x1d, 0x0, 0x44, 0x2, 0x35, 0xe,
    0x91, 0xf, 0x60, 0x1f, 0x0, 0x6a, 0x81, 0x70,
    0x80,

    /* U+9ED8 "默" */
    0x0, 0xfe, 0xb3, 0x0, 0xda, 0xaf, 0x6b, 0xa0,
    0x15, 0x38, 0x6, 0xd4, 0x3d, 0x0, 0xd5, 0x66,
    0x1, 0x6a, 0xf, 0x80, 0x61, 0xe0, 0xc, 0xe6,
    0x65, 0x3b, 0xb2, 0x74, 0xc0, 0x1, 0x26, 0x12,
    0x5f, 0xfc, 0x37, 0xfe, 0x0, 0x4d, 0x4a, 0xd4,
    0x22, 0x0, 0x8, 0x80, 0x4, 0xec, 0x2e, 0xd8,
    0x8, 0x60, 0x6, 0xa8, 0x52, 0xad, 0x14, 0x76,
    0x0, 0xd3, 0xc3, 0x60, 0x43, 0xfa, 0x8c, 0x1,
    0x14, 0x70, 0xae, 0x8b, 0xa5, 0xd8, 0x2, 0x32,
    0xb3, 0x73, 0x88, 0x1, 0x25, 0x1, 0x70, 0x2a,
    0x3d, 0x1a, 0x80, 0x25, 0x88, 0x8a, 0x12, 0x26,
    0x34, 0x1, 0xb0, 0x80,

    /* U+9F50 "齐" */
    0x0, 0xf2, 0x98, 0x7, 0xc2, 0x3c, 0x5e, 0x23,
    0xc0, 0x39, 0x8f, 0xf6, 0x50, 0xe7, 0x7e, 0x60,
    0x45, 0xba, 0xc3, 0xed, 0xd4, 0x8e, 0x6e, 0x84,
    0x2, 0x2f, 0xe7, 0x8a, 0xd2, 0x0, 0xf8, 0x52,
    0x1d, 0x1c, 0x3, 0x14, 0xe7, 0x47, 0xf7, 0xe7,
    0x73, 0x6c, 0x89, 0x9f, 0x42, 0xc2, 0xc, 0x3b,
    0x90, 0x40, 0xa6, 0xc, 0x1, 0x99, 0xc4, 0xc0,
    0x30, 0xb8, 0x7, 0xff, 0x3, 0xc, 0x3, 0xfe,
    0x56, 0xa0, 0xf, 0xf0, 0xcd, 0x90, 0x7, 0xf0,

    /* U+FF08 "（" */
    0x0, 0xe, 0x8, 0x2, 0xd0, 0x41, 0x1e, 0x0,
    0x1f, 0x0, 0x12, 0x28, 0x0, 0x88, 0x1, 0x8,
    0x80, 0x3f, 0x11, 0x80, 0x42, 0x46, 0x1, 0x5c,
    0x80, 0x4c, 0xe8, 0x1, 0x75, 0x8, 0x0, 0xf0,
    0x40,

    /* U+FF09 "）" */
    0x1c, 0x10, 0x0, 0xa5, 0x80, 0x50, 0xe8, 0x1,
    0x47, 0x80, 0x4a, 0x80, 0x18, 0x88, 0x1, 0x8,
    0x80, 0x3f, 0x19, 0x0, 0xc, 0x84, 0x1, 0x36,
    0x0, 0x47, 0x60, 0x1a, 0xe0, 0x0, 0xe1, 0x80,
    0x0,

    /* U+FF0C "，" */
    0x1, 0x6, 0xe8, 0x22, 0x1a, 0x59, 0xad, 0xc9,
    0xe0, 0x80,

    /* U+FF1A "：" */
    0x7d, 0x2d, 0x26, 0xad, 0x40, 0x20, 0xf, 0xf4,
    0xf9, 0x80, 0x53, 0xe6,

    /* U+FF1B "；" */
    0x7, 0xd2, 0xd, 0x26, 0xa, 0xd4, 0x0, 0x10,
    0x7, 0xf8, 0xf4, 0xc1, 0x4a, 0xc1, 0xa0, 0x2,
    0xba, 0xc, 0x92, 0xd, 0x50,

    /* U+FF1F "？" */
    0x3, 0xad, 0xb4, 0x4, 0xdc, 0xec, 0xb2, 0x4f,
    0x63, 0x72, 0x40, 0x10, 0x0, 0x91, 0x0, 0x21,
    0xd6, 0x40, 0xb, 0x5a, 0x40, 0x23, 0x35, 0x0,
    0x62, 0xa0, 0xe, 0x15, 0x0, 0xe4, 0xb1, 0x0,
    0xc6, 0x86, 0x1, 0x9f, 0xc8, 0x0
};


/*---------------------
 *  GLYPH DESCRIPTION
 *--------------------*/

static const lv_font_fmt_txt_glyph_dsc_t glyph_dsc[] = {
    {.bitmap_index = 0, .adv_w = 0, .box_w = 0, .box_h = 0, .ofs_x = 0, .ofs_y = 0} /* id = 0 reserved */,
    {.bitmap_index = 0, .adv_w = 224, .box_w = 5, .box_h = 5, .ofs_x = 0, .ofs_y = -1},
    {.bitmap_index = 12, .adv_w = 224, .box_w = 5, .box_h = 5, .ofs_x = 0, .ofs_y = -1},
    {.bitmap_index = 25, .adv_w = 224, .box_w = 5, .box_h = 14, .ofs_x = 9, .ofs_y = -2},
    {.bitmap_index = 54, .adv_w = 224, .box_w = 5, .box_h = 14, .ofs_x = 0, .ofs_y = -1},
    {.bitmap_index = 82, .adv_w = 224, .box_w = 14, .box_h = 3, .ofs_x = 0, .ofs_y = 4},
    {.bitmap_index = 94, .adv_w = 224, .box_w = 14, .box_h = 13, .ofs_x = 0, .ofs_y = -2},
    {.bitmap_index = 162, .adv_w = 224, .box_w = 14, .box_h = 12, .ofs_x = 0, .ofs_y = -1},
    {.bitmap_index = 199, .adv_w = 224, .box_w = 14, .box_h = 13, .ofs_x = 0, .ofs_y = -1},
    {.bitmap_index = 228, .adv_w = 224, .box_w = 14, .box_h = 12, .ofs_x = 0, .ofs_y = -1},
    {.bitmap_index = 269, .adv_w = 224, .box_w = 14, .box_h = 12, .ofs_x = 0, .ofs_y = -1},
    {.bitmap_index = 322, .adv_w = 224, .box_w = 13, .box_h = 14, .ofs_x = 0, .ofs_y = -2},
    {.bitmap_index = 381, .adv_w = 224, .box_w = 13, .box_h = 14, .ofs_x = 0, .ofs_y = -2},
    {.bitmap_index = 448, .adv_w = 224, .box_w = 14, .box_h = 12, .ofs_x = 0, .ofs_y = -1},
    {.bitmap_index = 492, .adv_w = 224, .box_w = 14, .box_h = 13, .ofs_x = 0, .ofs_y = -1},
    {.bitmap_index = 552, .adv_w = 224, .box_w = 14, .box_h = 13, .ofs_x = 0, .ofs_y = -1},
    {.bitmap_index = 633, .adv_w = 224, .box_w = 13, .box_h = 13, .ofs_x = 0, .ofs_y = -1},
    {.bitmap_index = 710, .adv_w = 224, .box_w = 13, .box_h = 12, .ofs_x = 0, .ofs_y = -1},
    {.bitmap_index = 777, .adv_w = 224, .box_w = 14, .box_h = 13, .ofs_x = 0, .ofs_y = -2},
    {.bitmap_index = 841, .adv_w = 224, .box_w = 14, .box_h = 13, .ofs_x = 0, .ofs_y = -1},
    {.bitmap_index = 886, .adv_w = 224, .box_w = 12, .box_h = 13, .ofs_x = 1, .ofs_y = -1},
    {.bitmap_index = 932, .adv_w = 224, .box_w = 12, .box_h = 13, .ofs_x = 1, .ofs_y = -1},
    {.bitmap_index = 991, .adv_w = 224, .box_w = 13, .box_h = 15, .ofs_x = 1, .ofs_y = -2},
    {.bitmap_index = 1061, .adv_w = 224, .box_w = 13, .box_h = 14, .ofs_x = 0, .ofs_y = -2},
    {.bitmap_index = 1139, .adv_w = 224, .box_w = 14, .box_h = 13, .ofs_x = 0, .ofs_y = -1},
    {.bitmap_index = 1195, .adv_w = 224, .box_w = 14, .box_h = 13, .ofs_x = 0, .ofs_y = -1},
    {.bitmap_index = 1278, .adv_w = 224, .box_w = 14, .box_h = 14, .ofs_x = 0, .ofs_y = -2},
    {.bitmap_index = 1354, .adv_w = 224, .box_w = 14, .box_h = 13, .ofs_x = 0, .ofs_y = -1},
    {.bitmap_index = 1429, .adv_w = 224, .box_w = 14, .box_h = 14, .ofs_x = 0, .ofs_y = -2},
    {.bitmap_index = 1507, .adv_w = 224, .box_w = 14, .box_h = 14, .ofs_x = 0, .ofs_y = -2},
    {.bitmap_index = 1576, .adv_w = 224, .box_w = 14, .box_h = 14, .ofs_x = 0, .ofs_y = -2},
    {.bitmap_index = 1644, .adv_w = 224, .box_w = 14, .box_h = 13, .ofs_x = 0, .ofs_y = -1},
    {.bitmap_index = 1711, .adv_w = 224, .box_w = 12, .box_h = 13, .ofs_x = 1, .ofs_y = -2},
    {.bitmap_index = 1769, .adv_w = 224, .box_w = 14, .box_h = 13, .ofs_x = 0, .ofs_y = -1},
    {.bitmap_index = 1833, .adv_w = 224, .box_w = 12, .box_h = 13, .ofs_x = 1, .ofs_y = -2},
    {.bitmap_index = 1869, .adv_w = 224, .box_w = 14, .box_h = 14, .ofs_x = 0, .ofs_y = -2},
    {.bitmap_index = 1928, .adv_w = 224, .box_w = 14, .box_h = 14, .ofs_x = 0, .ofs_y = -2},
    {.bitmap_index = 2004, .adv_w = 224, .box_w = 14, .box_h = 14, .ofs_x = 0, .ofs_y = -2},
    {.bitmap_index = 2087, .adv_w = 224, .box_w = 14, .box_h = 10, .ofs_x = 0, .ofs_y = 0},
    {.bitmap_index = 2109, .adv_w = 224, .box_w = 14, .box_h = 13, .ofs_x = 0, .ofs_y = -2},
    {.bitmap_index = 2155, .adv_w = 224, .box_w = 14, .box_h = 12, .ofs_x = 0, .ofs_y = -1},
    {.bitmap_index = 2219, .adv_w = 224, .box_w = 14, .box_h = 12, .ofs_x = 0, .ofs_y = -1},
    {.bitmap_index = 2277, .adv_w = 224, .box_w = 14, .box_h = 13, .ofs_x = 0, .ofs_y = -1},
    {.bitmap_index = 2344, .adv_w = 224, .box_w = 14, .box_h = 14, .ofs_x = 0, .ofs_y = -1},
    {.bitmap_index = 2423, .adv_w = 224, .box_w = 13, .box_h = 14, .ofs_x = 0, .ofs_y = -2},
    {.bitmap_index = 2485, .adv_w = 224, .box_w = 14, .box_h = 13, .ofs_x = 0, .ofs_y = -1},
    {.bitmap_index = 2551, .adv_w = 224, .box_w = 14, .box_h = 14, .ofs_x = 0, .ofs_y = -2},
    {.bitmap_index = 2626, .adv_w = 224, .box_w = 14, .box_h = 13, .ofs_x = 0, .ofs_y = -1},
    {.bitmap_index = 2689, .adv_w = 224, .box_w = 14, .box_h = 15, .ofs_x = 0, .ofs_y = -2},
    {.bitmap_index = 2738, .adv_w = 224, .box_w = 14, .box_h = 14, .ofs_x = 0, .ofs_y = -2},
    {.bitmap_index = 2815, .adv_w = 224, .box_w = 14, .box_h = 14, .ofs_x = 0, .ofs_y = -2},
    {.bitmap_index = 2887, .adv_w = 224, .box_w = 14, .box_h = 14, .ofs_x = 0, .ofs_y = -2},
    {.bitmap_index = 2967, .adv_w = 224, .box_w = 14, .box_h = 14, .ofs_x = 0, .ofs_y = -2},
    {.bitmap_index = 3047, .adv_w = 224, .box_w = 14, .box_h = 13, .ofs_x = 0, .ofs_y = -1},
    {.bitmap_index = 3115, .adv_w = 224, .box_w = 14, .box_h = 13, .ofs_x = 0, .ofs_y = -1},
    {.bitmap_index = 3185, .adv_w = 224, .box_w = 14, .box_h = 15, .ofs_x = 0, .ofs_y = -2},
    {.bitmap_index = 3257, .adv_w = 224, .box_w = 14, .box_h = 14, .ofs_x = 0, .ofs_y = -1},
    {.bitmap_index = 3333, .adv_w = 224, .box_w = 14, .box_h = 14, .ofs_x = 0, .ofs_y = -2},
    {.bitmap_index = 3407, .adv_w = 224, .box_w = 13, .box_h = 14, .ofs_x = 1, .ofs_y = -2},
    {.bitmap_index = 3481, .adv_w = 224, .box_w = 14, .box_h = 14, .ofs_x = 0, .ofs_y = -2},
    {.bitmap_index = 3567, .adv_w = 224, .box_w = 14, .box_h = 14, .ofs_x = 0, .ofs_y = -2},
    {.bitmap_index = 3617, .adv_w = 224, .box_w = 13, .box_h = 14, .ofs_x = 0, .ofs_y = -1},
    {.bitmap_index = 3680, .adv_w = 224, .box_w = 14, .box_h = 14, .ofs_x = 0, .ofs_y = -2},
    {.bitmap_index = 3750, .adv_w = 224, .box_w = 14, .box_h = 13, .ofs_x = 0, .ofs_y = -1},
    {.bitmap_index = 3812, .adv_w = 224, .box_w = 14, .box_h = 14, .ofs_x = 0, .ofs_y = -2},
    {.bitmap_index = 3899, .adv_w = 224, .box_w = 14, .box_h = 14, .ofs_x = 0, .ofs_y = -1},
    {.bitmap_index = 3972, .adv_w = 224, .box_w = 14, .box_h = 14, .ofs_x = 0, .ofs_y = -1},
    {.bitmap_index = 4049, .adv_w = 224, .box_w = 14, .box_h = 13, .ofs_x = 0, .ofs_y = -1},
    {.bitmap_index = 4125, .adv_w = 224, .box_w = 14, .box_h = 14, .ofs_x = 0, .ofs_y = -2},
    {.bitmap_index = 4202, .adv_w = 224, .box_w = 13, .box_h = 15, .ofs_x = 0, .ofs_y = -2},
    {.bitmap_index = 4286, .adv_w = 224, .box_w = 14, .box_h = 14, .ofs_x = 0, .ofs_y = -2},
    {.bitmap_index = 4353, .adv_w = 224, .box_w = 14, .box_h = 14, .ofs_x = 0, .ofs_y = -1},
    {.bitmap_index = 4420, .adv_w = 224, .box_w = 14, .box_h = 13, .ofs_x = 0, .ofs_y = -1},
    {.bitmap_index = 4496, .adv_w = 224, .box_w = 13, .box_h = 15, .ofs_x = 0, .ofs_y = -2},
    {.bitmap_index = 4574, .adv_w = 224, .box_w = 14, .box_h = 13, .ofs_x = 0, .ofs_y = -1},
    {.bitmap_index = 4635, .adv_w = 224, .box_w = 14, .box_h = 13, .ofs_x = 0, .ofs_y = -1},
    {.bitmap_index = 4710, .adv_w = 224, .box_w = 14, .box_h = 14, .ofs_x = 0, .ofs_y = -2},
    {.bitmap_index = 4789, .adv_w = 224, .box_w = 14, .box_h = 13, .ofs_x = 0, .ofs_y = -1},
    {.bitmap_index = 4853, .adv_w = 224, .box_w = 14, .box_h = 13, .ofs_x = 0, .ofs_y = -1},
    {.bitmap_index = 4926, .adv_w = 224, .box_w = 14, .box_h = 14, .ofs_x = 0, .ofs_y = -2},
    {.bitmap_index = 4994, .adv_w = 224, .box_w = 14, .box_h = 14, .ofs_x = 0, .ofs_y = -2},
    {.bitmap_index = 5079, .adv_w = 224, .box_w = 14, .box_h = 13, .ofs_x = 0, .ofs_y = -1},
    {.bitmap_index = 5144, .adv_w = 224, .box_w = 14, .box_h = 13, .ofs_x = 0, .ofs_y = -1},
    {.bitmap_index = 5219, .adv_w = 224, .box_w = 14, .box_h = 13, .ofs_x = 0, .ofs_y = -1},
    {.bitmap_index = 5292, .adv_w = 224, .box_w = 13, .box_h = 14, .ofs_x = 0, .ofs_y = -2},
    {.bitmap_index = 5367, .adv_w = 224, .box_w = 14, .box_h = 15, .ofs_x = 0, .ofs_y = -2},
    {.bitmap_index = 5451, .adv_w = 224, .box_w = 14, .box_h = 14, .ofs_x = 0, .ofs_y = -2},
    {.bitmap_index = 5536, .adv_w = 224, .box_w = 13, .box_h = 13, .ofs_x = 0, .ofs_y = -1},
    {.bitmap_index = 5596, .adv_w = 224, .box_w = 13, .box_h = 15, .ofs_x = 0, .ofs_y = -2},
    {.bitmap_index = 5660, .adv_w = 224, .box_w = 14, .box_h = 14, .ofs_x = 0, .ofs_y = -2},
    {.bitmap_index = 5744, .adv_w = 224, .box_w = 14, .box_h = 14, .ofs_x = 0, .ofs_y = -2},
    {.bitmap_index = 5837, .adv_w = 224, .box_w = 14, .box_h = 13, .ofs_x = 0, .ofs_y = -1},
    {.bitmap_index = 5912, .adv_w = 224, .box_w = 14, .box_h = 14, .ofs_x = 0, .ofs_y = -2},
    {.bitmap_index = 5985, .adv_w = 224, .box_w = 14, .box_h = 13, .ofs_x = 0, .ofs_y = -1},
    {.bitmap_index = 6066, .adv_w = 224, .box_w = 14, .box_h = 14, .ofs_x = 0, .ofs_y = -2},
    {.bitmap_index = 6141, .adv_w = 224, .box_w = 13, .box_h = 14, .ofs_x = 0, .ofs_y = -2},
    {.bitmap_index = 6219, .adv_w = 224, .box_w = 14, .box_h = 13, .ofs_x = 0, .ofs_y = -1},
    {.bitmap_index = 6300, .adv_w = 224, .box_w = 14, .box_h = 14, .ofs_x = 0, .ofs_y = -1},
    {.bitmap_index = 6375, .adv_w = 224, .box_w = 14, .box_h = 14, .ofs_x = 0, .ofs_y = -2},
    {.bitmap_index = 6459, .adv_w = 224, .box_w = 13, .box_h = 13, .ofs_x = 0, .ofs_y = -1},
    {.bitmap_index = 6531, .adv_w = 224, .box_w = 14, .box_h = 15, .ofs_x = 0, .ofs_y = -2},
    {.bitmap_index = 6619, .adv_w = 224, .box_w = 14, .box_h = 14, .ofs_x = 0, .ofs_y = -2},
    {.bitmap_index = 6697, .adv_w = 224, .box_w = 14, .box_h = 15, .ofs_x = 0, .ofs_y = -2},
    {.bitmap_index = 6790, .adv_w = 224, .box_w = 14, .box_h = 14, .ofs_x = 0, .ofs_y = -2},
    {.bitmap_index = 6876, .adv_w = 224, .box_w = 14, .box_h = 13, .ofs_x = 0, .ofs_y = -1},
    {.bitmap_index = 6960, .adv_w = 224, .box_w = 14, .box_h = 14, .ofs_x = 0, .ofs_y = -2},
    {.bitmap_index = 7039, .adv_w = 224, .box_w = 14, .box_h = 13, .ofs_x = 0, .ofs_y = -2},
    {.bitmap_index = 7103, .adv_w = 224, .box_w = 14, .box_h = 15, .ofs_x = 0, .ofs_y = -2},
    {.bitmap_index = 7188, .adv_w = 224, .box_w = 14, .box_h = 14, .ofs_x = 0, .ofs_y = -2},
    {.bitmap_index = 7266, .adv_w = 224, .box_w = 14, .box_h = 14, .ofs_x = 0, .ofs_y = -2},
    {.bitmap_index = 7346, .adv_w = 224, .box_w = 13, .box_h = 14, .ofs_x = 1, .ofs_y = -2},
    {.bitmap_index = 7420, .adv_w = 224, .box_w = 14, .box_h = 14, .ofs_x = 0, .ofs_y = -2},
    {.bitmap_index = 7502, .adv_w = 224, .box_w = 14, .box_h = 14, .ofs_x = 0, .ofs_y = -2},
    {.bitmap_index = 7586, .adv_w = 224, .box_w = 14, .box_h = 14, .ofs_x = 0, .ofs_y = -2},
    {.bitmap_index = 7654, .adv_w = 224, .box_w = 14, .box_h = 13, .ofs_x = 0, .ofs_y = -1},
    {.bitmap_index = 7725, .adv_w = 224, .box_w = 14, .box_h = 14, .ofs_x = 0, .ofs_y = -2},
    {.bitmap_index = 7810, .adv_w = 224, .box_w = 14, .box_h = 14, .ofs_x = 0, .ofs_y = -2},
    {.bitmap_index = 7881, .adv_w = 224, .box_w = 14, .box_h = 13, .ofs_x = 0, .ofs_y = -1},
    {.bitmap_index = 7948, .adv_w = 224, .box_w = 14, .box_h = 14, .ofs_x = 0, .ofs_y = -2},
    {.bitmap_index = 8027, .adv_w = 224, .box_w = 14, .box_h = 14, .ofs_x = 0, .ofs_y = -2},
    {.bitmap_index = 8105, .adv_w = 224, .box_w = 14, .box_h = 13, .ofs_x = 0, .ofs_y = -2},
    {.bitmap_index = 8170, .adv_w = 224, .box_w = 14, .box_h = 14, .ofs_x = 0, .ofs_y = -2},
    {.bitmap_index = 8254, .adv_w = 224, .box_w = 14, .box_h = 13, .ofs_x = 0, .ofs_y = -1},
    {.bitmap_index = 8339, .adv_w = 224, .box_w = 12, .box_h = 13, .ofs_x = 1, .ofs_y = -1},
    {.bitmap_index = 8397, .adv_w = 224, .box_w = 14, .box_h = 13, .ofs_x = 0, .ofs_y = -2},
    {.bitmap_index = 8467, .adv_w = 224, .box_w = 14, .box_h = 13, .ofs_x = 0, .ofs_y = -2},
    {.bitmap_index = 8537, .adv_w = 224, .box_w = 12, .box_h = 13, .ofs_x = 1, .ofs_y = -2},
    {.bitmap_index = 8590, .adv_w = 224, .box_w = 12, .box_h = 13, .ofs_x = 1, .ofs_y = -2},
    {.bitmap_index = 8646, .adv_w = 224, .box_w = 14, .box_h = 13, .ofs_x = 0, .ofs_y = -1},
    {.bitmap_index = 8710, .adv_w = 224, .box_w = 14, .box_h = 13, .ofs_x = 0, .ofs_y = -1},
    {.bitmap_index = 8789, .adv_w = 224, .box_w = 14, .box_h = 13, .ofs_x = 0, .ofs_y = -1},
    {.bitmap_index = 8874, .adv_w = 224, .box_w = 14, .box_h = 15, .ofs_x = 0, .ofs_y = -2},
    {.bitmap_index = 8971, .adv_w = 224, .box_w = 14, .box_h = 13, .ofs_x = 0, .ofs_y = -1},
    {.bitmap_index = 9059, .adv_w = 224, .box_w = 14, .box_h = 13, .ofs_x = 0, .ofs_y = -2},
    {.bitmap_index = 9111, .adv_w = 224, .box_w = 14, .box_h = 14, .ofs_x = 0, .ofs_y = -2},
    {.bitmap_index = 9191, .adv_w = 224, .box_w = 12, .box_h = 12, .ofs_x = 1, .ofs_y = -1},
    {.bitmap_index = 9251, .adv_w = 224, .box_w = 12, .box_h = 13, .ofs_x = 1, .ofs_y = -1},
    {.bitmap_index = 9300, .adv_w = 224, .box_w = 13, .box_h = 13, .ofs_x = 1, .ofs_y = -1},
    {.bitmap_index = 9356, .adv_w = 224, .box_w = 12, .box_h = 13, .ofs_x = 1, .ofs_y = -1},
    {.bitmap_index = 9423, .adv_w = 224, .box_w = 13, .box_h = 13, .ofs_x = 0, .ofs_y = -2},
    {.bitmap_index = 9491, .adv_w = 224, .box_w = 14, .box_h = 14, .ofs_x = 0, .ofs_y = -2},
    {.bitmap_index = 9574, .adv_w = 224, .box_w = 14, .box_h = 13, .ofs_x = 0, .ofs_y = -2},
    {.bitmap_index = 9654, .adv_w = 224, .box_w = 13, .box_h = 14, .ofs_x = 0, .ofs_y = -2},
    {.bitmap_index = 9723, .adv_w = 224, .box_w = 13, .box_h = 14, .ofs_x = 0, .ofs_y = -2},
    {.bitmap_index = 9775, .adv_w = 224, .box_w = 13, .box_h = 15, .ofs_x = 0, .ofs_y = -2},
    {.bitmap_index = 9849, .adv_w = 224, .box_w = 14, .box_h = 14, .ofs_x = 0, .ofs_y = -2},
    {.bitmap_index = 9938, .adv_w = 224, .box_w = 13, .box_h = 14, .ofs_x = 0, .ofs_y = -2},
    {.bitmap_index = 10008, .adv_w = 224, .box_w = 13, .box_h = 14, .ofs_x = 0, .ofs_y = -2},
    {.bitmap_index = 10085, .adv_w = 224, .box_w = 13, .box_h = 14, .ofs_x = 0, .ofs_y = -2},
    {.bitmap_index = 10156, .adv_w = 224, .box_w = 13, .box_h = 13, .ofs_x = 0, .ofs_y = -1},
    {.bitmap_index = 10223, .adv_w = 224, .box_w = 13, .box_h = 15, .ofs_x = 0, .ofs_y = -2},
    {.bitmap_index = 10297, .adv_w = 224, .box_w = 13, .box_h = 13, .ofs_x = 0, .ofs_y = -1},
    {.bitmap_index = 10363, .adv_w = 224, .box_w = 14, .box_h = 15, .ofs_x = 0, .ofs_y = -2},
    {.bitmap_index = 10449, .adv_w = 224, .box_w = 14, .box_h = 15, .ofs_x = 0, .ofs_y = -2},
    {.bitmap_index = 10532, .adv_w = 224, .box_w = 13, .box_h = 15, .ofs_x = 0, .ofs_y = -2},
    {.bitmap_index = 10613, .adv_w = 224, .box_w = 13, .box_h = 14, .ofs_x = 0, .ofs_y = -2},
    {.bitmap_index = 10686, .adv_w = 224, .box_w = 13, .box_h = 14, .ofs_x = 0, .ofs_y = -2},
    {.bitmap_index = 10771, .adv_w = 224, .box_w = 14, .box_h = 14, .ofs_x = 0, .ofs_y = -2},
    {.bitmap_index = 10860, .adv_w = 224, .box_w = 13, .box_h = 14, .ofs_x = 0, .ofs_y = -2},
    {.bitmap_index = 10927, .adv_w = 224, .box_w = 14, .box_h = 14, .ofs_x = 0, .ofs_y = -2},
    {.bitmap_index = 11010, .adv_w = 224, .box_w = 14, .box_h = 14, .ofs_x = 0, .ofs_y = -2},
    {.bitmap_index = 11094, .adv_w = 224, .box_w = 14, .box_h = 14, .ofs_x = 0, .ofs_y = -2},
    {.bitmap_index = 11170, .adv_w = 224, .box_w = 14, .box_h = 14, .ofs_x = 0, .ofs_y = -2},
    {.bitmap_index = 11257, .adv_w = 224, .box_w = 14, .box_h = 14, .ofs_x = 0, .ofs_y = -2},
    {.bitmap_index = 11345, .adv_w = 224, .box_w = 14, .box_h = 14, .ofs_x = 0, .ofs_y = -2},
    {.bitmap_index = 11427, .adv_w = 224, .box_w = 14, .box_h = 14, .ofs_x = 0, .ofs_y = -2},
    {.bitmap_index = 11506, .adv_w = 224, .box_w = 13, .box_h = 13, .ofs_x = 0, .ofs_y = -1},
    {.bitmap_index = 11585, .adv_w = 224, .box_w = 14, .box_h = 13, .ofs_x = 0, .ofs_y = -1},
    {.bitmap_index = 11654, .adv_w = 224, .box_w = 14, .box_h = 14, .ofs_x = 0, .ofs_y = -1},
    {.bitmap_index = 11725, .adv_w = 224, .box_w = 12, .box_h = 12, .ofs_x = 1, .ofs_y = -1},
    {.bitmap_index = 11777, .adv_w = 224, .box_w = 13, .box_h = 12, .ofs_x = 1, .ofs_y = -1},
    {.bitmap_index = 11835, .adv_w = 224, .box_w = 13, .box_h = 12, .ofs_x = 1, .ofs_y = -1},
    {.bitmap_index = 11898, .adv_w = 224, .box_w = 14, .box_h = 13, .ofs_x = 0, .ofs_y = -1},
    {.bitmap_index = 11922, .adv_w = 224, .box_w = 14, .box_h = 13, .ofs_x = 0, .ofs_y = -1},
    {.bitmap_index = 11962, .adv_w = 224, .box_w = 14, .box_h = 14, .ofs_x = 0, .ofs_y = -2},
    {.bitmap_index = 12030, .adv_w = 224, .box_w = 14, .box_h = 14, .ofs_x = 0, .ofs_y = -2},
    {.bitmap_index = 12109, .adv_w = 224, .box_w = 14, .box_h = 13, .ofs_x = 0, .ofs_y = -1},
    {.bitmap_index = 12179, .adv_w = 224, .box_w = 13, .box_h = 14, .ofs_x = 1, .ofs_y = -2},
    {.bitmap_index = 12254, .adv_w = 224, .box_w = 12, .box_h = 14, .ofs_x = 1, .ofs_y = -2},
    {.bitmap_index = 12296, .adv_w = 224, .box_w = 14, .box_h = 13, .ofs_x = 0, .ofs_y = -1},
    {.bitmap_index = 12348, .adv_w = 224, .box_w = 14, .box_h = 13, .ofs_x = 0, .ofs_y = -1},
    {.bitmap_index = 12409, .adv_w = 224, .box_w = 13, .box_h = 12, .ofs_x = 1, .ofs_y = -1},
    {.bitmap_index = 12467, .adv_w = 224, .box_w = 14, .box_h = 13, .ofs_x = 0, .ofs_y = -1},
    {.bitmap_index = 12540, .adv_w = 224, .box_w = 14, .box_h = 12, .ofs_x = 0, .ofs_y = -1},
    {.bitmap_index = 12583, .adv_w = 224, .box_w = 14, .box_h = 13, .ofs_x = 0, .ofs_y = -2},
    {.bitmap_index = 12661, .adv_w = 224, .box_w = 14, .box_h = 12, .ofs_x = 0, .ofs_y = -1},
    {.bitmap_index = 12722, .adv_w = 224, .box_w = 14, .box_h = 13, .ofs_x = 0, .ofs_y = -2},
    {.bitmap_index = 12799, .adv_w = 224, .box_w = 14, .box_h = 13, .ofs_x = 0, .ofs_y = -1},
    {.bitmap_index = 12867, .adv_w = 224, .box_w = 14, .box_h = 15, .ofs_x = 0, .ofs_y = -2},
    {.bitmap_index = 12960, .adv_w = 224, .box_w = 14, .box_h = 13, .ofs_x = 0, .ofs_y = -1},
    {.bitmap_index = 13028, .adv_w = 224, .box_w = 14, .box_h = 13, .ofs_x = 0, .ofs_y = -2},
    {.bitmap_index = 13103, .adv_w = 224, .box_w = 14, .box_h = 12, .ofs_x = 0, .ofs_y = -1},
    {.bitmap_index = 13177, .adv_w = 224, .box_w = 14, .box_h = 12, .ofs_x = 0, .ofs_y = -1},
    {.bitmap_index = 13257, .adv_w = 224, .box_w = 14, .box_h = 14, .ofs_x = 0, .ofs_y = -2},
    {.bitmap_index = 13340, .adv_w = 224, .box_w = 14, .box_h = 15, .ofs_x = 0, .ofs_y = -2},
    {.bitmap_index = 13431, .adv_w = 224, .box_w = 14, .box_h = 13, .ofs_x = 0, .ofs_y = -2},
    {.bitmap_index = 13511, .adv_w = 224, .box_w = 14, .box_h = 14, .ofs_x = 0, .ofs_y = -2},
    {.bitmap_index = 13599, .adv_w = 224, .box_w = 14, .box_h = 13, .ofs_x = 0, .ofs_y = -1},
    {.bitmap_index = 13678, .adv_w = 224, .box_w = 14, .box_h = 14, .ofs_x = 0, .ofs_y = -2},
    {.bitmap_index = 13772, .adv_w = 224, .box_w = 13, .box_h = 13, .ofs_x = 0, .ofs_y = -1},
    {.bitmap_index = 13843, .adv_w = 224, .box_w = 12, .box_h = 13, .ofs_x = 1, .ofs_y = -2},
    {.bitmap_index = 13871, .adv_w = 224, .box_w = 13, .box_h = 14, .ofs_x = 1, .ofs_y = -2},
    {.bitmap_index = 13917, .adv_w = 224, .box_w = 14, .box_h = 14, .ofs_x = 0, .ofs_y = -2},
    {.bitmap_index = 13989, .adv_w = 224, .box_w = 13, .box_h = 13, .ofs_x = 0, .ofs_y = -2},
    {.bitmap_index = 14055, .adv_w = 224, .box_w = 14, .box_h = 13, .ofs_x = 0, .ofs_y = -2},
    {.bitmap_index = 14113, .adv_w = 224, .box_w = 13, .box_h = 13, .ofs_x = 0, .ofs_y = -2},
    {.bitmap_index = 14162, .adv_w = 224, .box_w = 12, .box_h = 14, .ofs_x = 1, .ofs_y = -2},
    {.bitmap_index = 14220, .adv_w = 224, .box_w = 14, .box_h = 14, .ofs_x = 0, .ofs_y = -2},
    {.bitmap_index = 14294, .adv_w = 224, .box_w = 14, .box_h = 13, .ofs_x = 0, .ofs_y = -2},
    {.bitmap_index = 14356, .adv_w = 224, .box_w = 14, .box_h = 14, .ofs_x = 0, .ofs_y = -2},
    {.bitmap_index = 14429, .adv_w = 224, .box_w = 14, .box_h = 14, .ofs_x = 0, .ofs_y = -2},
    {.bitmap_index = 14495, .adv_w = 224, .box_w = 12, .box_h = 12, .ofs_x = 1, .ofs_y = -1},
    {.bitmap_index = 14541, .adv_w = 224, .box_w = 12, .box_h = 13, .ofs_x = 0, .ofs_y = -1},
    {.bitmap_index = 14603, .adv_w = 224, .box_w = 14, .box_h = 14, .ofs_x = 0, .ofs_y = -2},
    {.bitmap_index = 14674, .adv_w = 224, .box_w = 12, .box_h = 13, .ofs_x = 1, .ofs_y = -1},
    {.bitmap_index = 14724, .adv_w = 224, .box_w = 14, .box_h = 13, .ofs_x = 0, .ofs_y = -2},
    {.bitmap_index = 14791, .adv_w = 224, .box_w = 14, .box_h = 14, .ofs_x = 0, .ofs_y = -2},
    {.bitmap_index = 14866, .adv_w = 224, .box_w = 13, .box_h = 14, .ofs_x = 0, .ofs_y = -2},
    {.bitmap_index = 14928, .adv_w = 224, .box_w = 13, .box_h = 12, .ofs_x = 1, .ofs_y = -1},
    {.bitmap_index = 14981, .adv_w = 224, .box_w = 14, .box_h = 14, .ofs_x = 0, .ofs_y = -2},
    {.bitmap_index = 15048, .adv_w = 224, .box_w = 13, .box_h = 13, .ofs_x = 0, .ofs_y = -2},
    {.bitmap_index = 15113, .adv_w = 224, .box_w = 13, .box_h = 13, .ofs_x = 0, .ofs_y = -2},
    {.bitmap_index = 15184, .adv_w = 224, .box_w = 13, .box_h = 13, .ofs_x = 1, .ofs_y = -1},
    {.bitmap_index = 15259, .adv_w = 224, .box_w = 14, .box_h = 13, .ofs_x = 0, .ofs_y = -1},
    {.bitmap_index = 15327, .adv_w = 224, .box_w = 13, .box_h = 13, .ofs_x = 0, .ofs_y = -1},
    {.bitmap_index = 15394, .adv_w = 224, .box_w = 13, .box_h = 13, .ofs_x = 1, .ofs_y = -1},
    {.bitmap_index = 15471, .adv_w = 224, .box_w = 13, .box_h = 13, .ofs_x = 0, .ofs_y = -2},
    {.bitmap_index = 15524, .adv_w = 224, .box_w = 13, .box_h = 14, .ofs_x = 1, .ofs_y = -2},
    {.bitmap_index = 15593, .adv_w = 224, .box_w = 13, .box_h = 13, .ofs_x = 1, .ofs_y = -1},
    {.bitmap_index = 15654, .adv_w = 224, .box_w = 13, .box_h = 14, .ofs_x = 1, .ofs_y = -2},
    {.bitmap_index = 15734, .adv_w = 224, .box_w = 13, .box_h = 14, .ofs_x = 1, .ofs_y = -2},
    {.bitmap_index = 15812, .adv_w = 224, .box_w = 13, .box_h = 13, .ofs_x = 1, .ofs_y = -1},
    {.bitmap_index = 15891, .adv_w = 224, .box_w = 14, .box_h = 13, .ofs_x = 0, .ofs_y = -1},
    {.bitmap_index = 15965, .adv_w = 224, .box_w = 14, .box_h = 13, .ofs_x = 0, .ofs_y = -2},
    {.bitmap_index = 16046, .adv_w = 224, .box_w = 13, .box_h = 12, .ofs_x = 1, .ofs_y = -1},
    {.bitmap_index = 16120, .adv_w = 224, .box_w = 13, .box_h = 12, .ofs_x = 1, .ofs_y = -1},
    {.bitmap_index = 16178, .adv_w = 224, .box_w = 13, .box_h = 12, .ofs_x = 0, .ofs_y = -1},
    {.bitmap_index = 16213, .adv_w = 224, .box_w = 12, .box_h = 12, .ofs_x = 1, .ofs_y = -1},
    {.bitmap_index = 16269, .adv_w = 224, .box_w = 12, .box_h = 12, .ofs_x = 1, .ofs_y = -1},
    {.bitmap_index = 16329, .adv_w = 224, .box_w = 13, .box_h = 12, .ofs_x = 1, .ofs_y = -1},
    {.bitmap_index = 16383, .adv_w = 224, .box_w = 13, .box_h = 12, .ofs_x = 0, .ofs_y = -1},
    {.bitmap_index = 16448, .adv_w = 224, .box_w = 14, .box_h = 13, .ofs_x = 0, .ofs_y = -1},
    {.bitmap_index = 16508, .adv_w = 224, .box_w = 14, .box_h = 13, .ofs_x = 0, .ofs_y = -1},
    {.bitmap_index = 16581, .adv_w = 224, .box_w = 14, .box_h = 14, .ofs_x = 0, .ofs_y = -2},
    {.bitmap_index = 16668, .adv_w = 224, .box_w = 14, .box_h = 13, .ofs_x = 0, .ofs_y = -1},
    {.bitmap_index = 16729, .adv_w = 224, .box_w = 13, .box_h = 15, .ofs_x = 0, .ofs_y = -2},
    {.bitmap_index = 16809, .adv_w = 224, .box_w = 14, .box_h = 13, .ofs_x = 0, .ofs_y = -1},
    {.bitmap_index = 16877, .adv_w = 224, .box_w = 14, .box_h = 15, .ofs_x = 0, .ofs_y = -2},
    {.bitmap_index = 16956, .adv_w = 224, .box_w = 14, .box_h = 14, .ofs_x = 0, .ofs_y = -2},
    {.bitmap_index = 17038, .adv_w = 224, .box_w = 14, .box_h = 13, .ofs_x = 0, .ofs_y = -1},
    {.bitmap_index = 17097, .adv_w = 224, .box_w = 14, .box_h = 13, .ofs_x = 0, .ofs_y = -1},
    {.bitmap_index = 17172, .adv_w = 224, .box_w = 14, .box_h = 13, .ofs_x = 0, .ofs_y = -1},
    {.bitmap_index = 17253, .adv_w = 224, .box_w = 14, .box_h = 13, .ofs_x = 0, .ofs_y = -1},
    {.bitmap_index = 17332, .adv_w = 224, .box_w = 13, .box_h = 14, .ofs_x = 0, .ofs_y = -1},
    {.bitmap_index = 17409, .adv_w = 224, .box_w = 14, .box_h = 14, .ofs_x = 0, .ofs_y = -1},
    {.bitmap_index = 17497, .adv_w = 224, .box_w = 14, .box_h = 15, .ofs_x = 0, .ofs_y = -2},
    {.bitmap_index = 17582, .adv_w = 224, .box_w = 14, .box_h = 15, .ofs_x = 0, .ofs_y = -2},
    {.bitmap_index = 17670, .adv_w = 224, .box_w = 13, .box_h = 14, .ofs_x = 0, .ofs_y = -1},
    {.bitmap_index = 17746, .adv_w = 224, .box_w = 13, .box_h = 14, .ofs_x = 0, .ofs_y = -2},
    {.bitmap_index = 17810, .adv_w = 224, .box_w = 14, .box_h = 14, .ofs_x = 0, .ofs_y = -2},
    {.bitmap_index = 17895, .adv_w = 224, .box_w = 14, .box_h = 15, .ofs_x = 0, .ofs_y = -2},
    {.bitmap_index = 17979, .adv_w = 224, .box_w = 14, .box_h = 13, .ofs_x = 0, .ofs_y = -1},
    {.bitmap_index = 18050, .adv_w = 224, .box_w = 14, .box_h = 14, .ofs_x = 0, .ofs_y = -1},
    {.bitmap_index = 18121, .adv_w = 224, .box_w = 13, .box_h = 13, .ofs_x = 1, .ofs_y = -1},
    {.bitmap_index = 18198, .adv_w = 224, .box_w = 14, .box_h = 14, .ofs_x = 0, .ofs_y = -2},
    {.bitmap_index = 18283, .adv_w = 224, .box_w = 14, .box_h = 14, .ofs_x = 0, .ofs_y = -2},
    {.bitmap_index = 18375, .adv_w = 224, .box_w = 14, .box_h = 13, .ofs_x = 0, .ofs_y = -1},
    {.bitmap_index = 18441, .adv_w = 224, .box_w = 14, .box_h = 13, .ofs_x = 0, .ofs_y = -2},
    {.bitmap_index = 18509, .adv_w = 224, .box_w = 14, .box_h = 14, .ofs_x = 0, .ofs_y = -2},
    {.bitmap_index = 18587, .adv_w = 224, .box_w = 14, .box_h = 14, .ofs_x = 0, .ofs_y = -2},
    {.bitmap_index = 18665, .adv_w = 224, .box_w = 14, .box_h = 14, .ofs_x = 0, .ofs_y = -2},
    {.bitmap_index = 18743, .adv_w = 224, .box_w = 14, .box_h = 15, .ofs_x = 0, .ofs_y = -2},
    {.bitmap_index = 18833, .adv_w = 224, .box_w = 14, .box_h = 14, .ofs_x = 0, .ofs_y = -2},
    {.bitmap_index = 18924, .adv_w = 224, .box_w = 14, .box_h = 13, .ofs_x = 0, .ofs_y = -1},
    {.bitmap_index = 19004, .adv_w = 224, .box_w = 14, .box_h = 15, .ofs_x = 0, .ofs_y = -2},
    {.bitmap_index = 19088, .adv_w = 224, .box_w = 14, .box_h = 15, .ofs_x = 0, .ofs_y = -2},
    {.bitmap_index = 19167, .adv_w = 224, .box_w = 14, .box_h = 14, .ofs_x = 0, .ofs_y = -2},
    {.bitmap_index = 19256, .adv_w = 224, .box_w = 14, .box_h = 14, .ofs_x = 0, .ofs_y = -2},
    {.bitmap_index = 19350, .adv_w = 224, .box_w = 14, .box_h = 13, .ofs_x = 0, .ofs_y = -2},
    {.bitmap_index = 19400, .adv_w = 224, .box_w = 13, .box_h = 14, .ofs_x = 0, .ofs_y = -2},
    {.bitmap_index = 19461, .adv_w = 224, .box_w = 14, .box_h = 14, .ofs_x = 0, .ofs_y = -2},
    {.bitmap_index = 19532, .adv_w = 224, .box_w = 13, .box_h = 14, .ofs_x = 0, .ofs_y = -2},
    {.bitmap_index = 19604, .adv_w = 224, .box_w = 12, .box_h = 13, .ofs_x = 1, .ofs_y = -1},
    {.bitmap_index = 19662, .adv_w = 224, .box_w = 14, .box_h = 14, .ofs_x = 0, .ofs_y = -2},
    {.bitmap_index = 19730, .adv_w = 224, .box_w = 14, .box_h = 14, .ofs_x = 0, .ofs_y = -2},
    {.bitmap_index = 19814, .adv_w = 224, .box_w = 14, .box_h = 14, .ofs_x = 0, .ofs_y = -2},
    {.bitmap_index = 19886, .adv_w = 224, .box_w = 12, .box_h = 13, .ofs_x = 1, .ofs_y = -1},
    {.bitmap_index = 19941, .adv_w = 224, .box_w = 14, .box_h = 14, .ofs_x = 0, .ofs_y = -2},
    {.bitmap_index = 20016, .adv_w = 224, .box_w = 13, .box_h = 13, .ofs_x = 1, .ofs_y = -1},
    {.bitmap_index = 20090, .adv_w = 224, .box_w = 12, .box_h = 13, .ofs_x = 1, .ofs_y = -1},
    {.bitmap_index = 20154, .adv_w = 224, .box_w = 14, .box_h = 15, .ofs_x = 0, .ofs_y = -2},
    {.bitmap_index = 20239, .adv_w = 224, .box_w = 14, .box_h = 14, .ofs_x = 0, .ofs_y = -1},
    {.bitmap_index = 20311, .adv_w = 224, .box_w = 13, .box_h = 14, .ofs_x = 0, .ofs_y = -2},
    {.bitmap_index = 20384, .adv_w = 224, .box_w = 14, .box_h = 15, .ofs_x = 0, .ofs_y = -2},
    {.bitmap_index = 20475, .adv_w = 224, .box_w = 14, .box_h = 14, .ofs_x = 0, .ofs_y = -2},
    {.bitmap_index = 20557, .adv_w = 224, .box_w = 14, .box_h = 15, .ofs_x = 0, .ofs_y = -2},
    {.bitmap_index = 20642, .adv_w = 224, .box_w = 14, .box_h = 15, .ofs_x = 0, .ofs_y = -2},
    {.bitmap_index = 20725, .adv_w = 224, .box_w = 14, .box_h = 14, .ofs_x = 0, .ofs_y = -1},
    {.bitmap_index = 20808, .adv_w = 224, .box_w = 14, .box_h = 15, .ofs_x = 0, .ofs_y = -2},
    {.bitmap_index = 20900, .adv_w = 224, .box_w = 14, .box_h = 14, .ofs_x = 0, .ofs_y = -2},
    {.bitmap_index = 20956, .adv_w = 224, .box_w = 14, .box_h = 14, .ofs_x = 0, .ofs_y = -2},
    {.bitmap_index = 21032, .adv_w = 224, .box_w = 14, .box_h = 13, .ofs_x = 0, .ofs_y = -2},
    {.bitmap_index = 21097, .adv_w = 224, .box_w = 14, .box_h = 13, .ofs_x = 0, .ofs_y = -1},
    {.bitmap_index = 21172, .adv_w = 224, .box_w = 14, .box_h = 15, .ofs_x = 0, .ofs_y = -2},
    {.bitmap_index = 21258, .adv_w = 224, .box_w = 13, .box_h = 14, .ofs_x = 0, .ofs_y = -2},
    {.bitmap_index = 21338, .adv_w = 224, .box_w = 14, .box_h = 14, .ofs_x = 0, .ofs_y = -2},
    {.bitmap_index = 21396, .adv_w = 224, .box_w = 14, .box_h = 13, .ofs_x = 0, .ofs_y = -1},
    {.bitmap_index = 21460, .adv_w = 224, .box_w = 12, .box_h = 13, .ofs_x = 1, .ofs_y = -1},
    {.bitmap_index = 21522, .adv_w = 224, .box_w = 14, .box_h = 14, .ofs_x = 0, .ofs_y = -2},
    {.bitmap_index = 21607, .adv_w = 224, .box_w = 14, .box_h = 15, .ofs_x = 0, .ofs_y = -2},
    {.bitmap_index = 21700, .adv_w = 224, .box_w = 14, .box_h = 12, .ofs_x = 0, .ofs_y = -1},
    {.bitmap_index = 21759, .adv_w = 224, .box_w = 14, .box_h = 13, .ofs_x = 0, .ofs_y = -2},
    {.bitmap_index = 21830, .adv_w = 224, .box_w = 14, .box_h = 13, .ofs_x = 0, .ofs_y = -2},
    {.bitmap_index = 21910, .adv_w = 224, .box_w = 13, .box_h = 12, .ofs_x = 0, .ofs_y = -1},
    {.bitmap_index = 21970, .adv_w = 224, .box_w = 14, .box_h = 13, .ofs_x = 0, .ofs_y = -2},
    {.bitmap_index = 22044, .adv_w = 224, .box_w = 14, .box_h = 12, .ofs_x = 0, .ofs_y = -1},
    {.bitmap_index = 22112, .adv_w = 224, .box_w = 14, .box_h = 13, .ofs_x = 0, .ofs_y = -2},
    {.bitmap_index = 22196, .adv_w = 224, .box_w = 13, .box_h = 12, .ofs_x = 0, .ofs_y = -1},
    {.bitmap_index = 22266, .adv_w = 224, .box_w = 14, .box_h = 13, .ofs_x = 0, .ofs_y = -2},
    {.bitmap_index = 22350, .adv_w = 224, .box_w = 12, .box_h = 13, .ofs_x = 1, .ofs_y = -1},
    {.bitmap_index = 22375, .adv_w = 224, .box_w = 14, .box_h = 14, .ofs_x = 0, .ofs_y = -2},
    {.bitmap_index = 22456, .adv_w = 224, .box_w = 13, .box_h = 14, .ofs_x = 0, .ofs_y = -2},
    {.bitmap_index = 22502, .adv_w = 224, .box_w = 14, .box_h = 12, .ofs_x = 0, .ofs_y = -1},
    {.bitmap_index = 22533, .adv_w = 224, .box_w = 14, .box_h = 13, .ofs_x = 0, .ofs_y = -1},
    {.bitmap_index = 22612, .adv_w = 224, .box_w = 13, .box_h = 12, .ofs_x = 1, .ofs_y = -1},
    {.bitmap_index = 22658, .adv_w = 224, .box_w = 13, .box_h = 12, .ofs_x = 1, .ofs_y = -1},
    {.bitmap_index = 22704, .adv_w = 224, .box_w = 12, .box_h = 13, .ofs_x = 1, .ofs_y = -1},
    {.bitmap_index = 22739, .adv_w = 224, .box_w = 14, .box_h = 13, .ofs_x = 0, .ofs_y = -1},
    {.bitmap_index = 22802, .adv_w = 224, .box_w = 14, .box_h = 13, .ofs_x = 0, .ofs_y = -1},
    {.bitmap_index = 22881, .adv_w = 224, .box_w = 14, .box_h = 13, .ofs_x = 0, .ofs_y = -1},
    {.bitmap_index = 22958, .adv_w = 224, .box_w = 13, .box_h = 15, .ofs_x = 1, .ofs_y = -2},
    {.bitmap_index = 23031, .adv_w = 224, .box_w = 12, .box_h = 13, .ofs_x = 1, .ofs_y = -1},
    {.bitmap_index = 23101, .adv_w = 224, .box_w = 14, .box_h = 12, .ofs_x = 0, .ofs_y = -1},
    {.bitmap_index = 23171, .adv_w = 224, .box_w = 14, .box_h = 13, .ofs_x = 0, .ofs_y = -1},
    {.bitmap_index = 23251, .adv_w = 224, .box_w = 14, .box_h = 12, .ofs_x = 0, .ofs_y = -1},
    {.bitmap_index = 23286, .adv_w = 224, .box_w = 14, .box_h = 13, .ofs_x = 0, .ofs_y = -1},
    {.bitmap_index = 23341, .adv_w = 224, .box_w = 14, .box_h = 13, .ofs_x = 0, .ofs_y = -1},
    {.bitmap_index = 23400, .adv_w = 224, .box_w = 14, .box_h = 14, .ofs_x = 0, .ofs_y = -2},
    {.bitmap_index = 23471, .adv_w = 224, .box_w = 14, .box_h = 14, .ofs_x = 0, .ofs_y = -2},
    {.bitmap_index = 23524, .adv_w = 224, .box_w = 14, .box_h = 14, .ofs_x = 0, .ofs_y = -2},
    {.bitmap_index = 23598, .adv_w = 224, .box_w = 14, .box_h = 14, .ofs_x = 0, .ofs_y = -2},
    {.bitmap_index = 23679, .adv_w = 224, .box_w = 14, .box_h = 13, .ofs_x = 0, .ofs_y = -1},
    {.bitmap_index = 23756, .adv_w = 224, .box_w = 14, .box_h = 14, .ofs_x = 0, .ofs_y = -2},
    {.bitmap_index = 23842, .adv_w = 224, .box_w = 14, .box_h = 13, .ofs_x = 0, .ofs_y = -1},
    {.bitmap_index = 23927, .adv_w = 224, .box_w = 14, .box_h = 15, .ofs_x = 0, .ofs_y = -2},
    {.bitmap_index = 24019, .adv_w = 224, .box_w = 14, .box_h = 14, .ofs_x = 0, .ofs_y = -2},
    {.bitmap_index = 24110, .adv_w = 224, .box_w = 14, .box_h = 14, .ofs_x = 0, .ofs_y = -2},
    {.bitmap_index = 24193, .adv_w = 224, .box_w = 14, .box_h = 14, .ofs_x = 0, .ofs_y = -2},
    {.bitmap_index = 24286, .adv_w = 224, .box_w = 14, .box_h = 13, .ofs_x = 0, .ofs_y = -2},
    {.bitmap_index = 24340, .adv_w = 224, .box_w = 14, .box_h = 13, .ofs_x = 0, .ofs_y = -2},
    {.bitmap_index = 24407, .adv_w = 224, .box_w = 14, .box_h = 13, .ofs_x = 0, .ofs_y = -1},
    {.bitmap_index = 24476, .adv_w = 224, .box_w = 11, .box_h = 14, .ofs_x = 1, .ofs_y = -2},
    {.bitmap_index = 24528, .adv_w = 224, .box_w = 14, .box_h = 13, .ofs_x = 0, .ofs_y = -1},
    {.bitmap_index = 24603, .adv_w = 224, .box_w = 13, .box_h = 14, .ofs_x = 1, .ofs_y = -2},
    {.bitmap_index = 24685, .adv_w = 224, .box_w = 14, .box_h = 14, .ofs_x = 0, .ofs_y = -2},
    {.bitmap_index = 24776, .adv_w = 224, .box_w = 14, .box_h = 13, .ofs_x = 0, .ofs_y = -2},
    {.bitmap_index = 24862, .adv_w = 224, .box_w = 12, .box_h = 14, .ofs_x = 1, .ofs_y = -2},
    {.bitmap_index = 24918, .adv_w = 224, .box_w = 12, .box_h = 13, .ofs_x = 1, .ofs_y = -1},
    {.bitmap_index = 24977, .adv_w = 224, .box_w = 14, .box_h = 14, .ofs_x = 0, .ofs_y = -2},
    {.bitmap_index = 25057, .adv_w = 224, .box_w = 14, .box_h = 14, .ofs_x = 0, .ofs_y = -2},
    {.bitmap_index = 25141, .adv_w = 224, .box_w = 14, .box_h = 14, .ofs_x = 0, .ofs_y = -2},
    {.bitmap_index = 25230, .adv_w = 224, .box_w = 14, .box_h = 13, .ofs_x = 0, .ofs_y = -1},
    {.bitmap_index = 25299, .adv_w = 224, .box_w = 14, .box_h = 13, .ofs_x = 0, .ofs_y = -1},
    {.bitmap_index = 25373, .adv_w = 224, .box_w = 14, .box_h = 14, .ofs_x = 0, .ofs_y = -2},
    {.bitmap_index = 25455, .adv_w = 224, .box_w = 14, .box_h = 14, .ofs_x = 0, .ofs_y = -2},
    {.bitmap_index = 25536, .adv_w = 224, .box_w = 14, .box_h = 14, .ofs_x = 0, .ofs_y = -2},
    {.bitmap_index = 25616, .adv_w = 224, .box_w = 14, .box_h = 13, .ofs_x = 0, .ofs_y = -1},
    {.bitmap_index = 25695, .adv_w = 224, .box_w = 14, .box_h = 14, .ofs_x = 0, .ofs_y = -2},
    {.bitmap_index = 25784, .adv_w = 224, .box_w = 14, .box_h = 13, .ofs_x = 0, .ofs_y = -1},
    {.bitmap_index = 25849, .adv_w = 224, .box_w = 14, .box_h = 13, .ofs_x = 0, .ofs_y = -1},
    {.bitmap_index = 25932, .adv_w = 224, .box_w = 13, .box_h = 13, .ofs_x = 1, .ofs_y = -1},
    {.bitmap_index = 25998, .adv_w = 224, .box_w = 14, .box_h = 14, .ofs_x = 0, .ofs_y = -2},
    {.bitmap_index = 26080, .adv_w = 224, .box_w = 14, .box_h = 14, .ofs_x = 0, .ofs_y = -1},
    {.bitmap_index = 26160, .adv_w = 224, .box_w = 14, .box_h = 13, .ofs_x = 0, .ofs_y = -1},
    {.bitmap_index = 26244, .adv_w = 224, .box_w = 14, .box_h = 13, .ofs_x = 0, .ofs_y = -1},
    {.bitmap_index = 26322, .adv_w = 224, .box_w = 14, .box_h = 13, .ofs_x = 0, .ofs_y = -1},
    {.bitmap_index = 26397, .adv_w = 224, .box_w = 14, .box_h = 13, .ofs_x = 0, .ofs_y = -1},
    {.bitmap_index = 26466, .adv_w = 224, .box_w = 14, .box_h = 13, .ofs_x = 0, .ofs_y = -1},
    {.bitmap_index = 26545, .adv_w = 224, .box_w = 14, .box_h = 13, .ofs_x = 0, .ofs_y = -1},
    {.bitmap_index = 26616, .adv_w = 224, .box_w = 14, .box_h = 13, .ofs_x = 0, .ofs_y = -1},
    {.bitmap_index = 26679, .adv_w = 224, .box_w = 14, .box_h = 15, .ofs_x = 0, .ofs_y = -2},
    {.bitmap_index = 26769, .adv_w = 224, .box_w = 14, .box_h = 14, .ofs_x = 0, .ofs_y = -1},
    {.bitmap_index = 26842, .adv_w = 224, .box_w = 14, .box_h = 14, .ofs_x = 0, .ofs_y = -2},
    {.bitmap_index = 26916, .adv_w = 224, .box_w = 14, .box_h = 12, .ofs_x = 0, .ofs_y = -1},
    {.bitmap_index = 26988, .adv_w = 224, .box_w = 14, .box_h = 14, .ofs_x = 0, .ofs_y = -2},
    {.bitmap_index = 27065, .adv_w = 224, .box_w = 13, .box_h = 13, .ofs_x = 0, .ofs_y = -1},
    {.bitmap_index = 27143, .adv_w = 224, .box_w = 14, .box_h = 14, .ofs_x = 0, .ofs_y = -1},
    {.bitmap_index = 27222, .adv_w = 224, .box_w = 14, .box_h = 14, .ofs_x = 0, .ofs_y = -1},
    {.bitmap_index = 27309, .adv_w = 224, .box_w = 14, .box_h = 14, .ofs_x = 0, .ofs_y = -2},
    {.bitmap_index = 27393, .adv_w = 224, .box_w = 14, .box_h = 13, .ofs_x = 0, .ofs_y = -1},
    {.bitmap_index = 27478, .adv_w = 224, .box_w = 14, .box_h = 14, .ofs_x = 0, .ofs_y = -2},
    {.bitmap_index = 27570, .adv_w = 224, .box_w = 14, .box_h = 13, .ofs_x = 0, .ofs_y = -1},
    {.bitmap_index = 27647, .adv_w = 224, .box_w = 14, .box_h = 14, .ofs_x = 0, .ofs_y = -2},
    {.bitmap_index = 27745, .adv_w = 224, .box_w = 14, .box_h = 14, .ofs_x = 0, .ofs_y = -2},
    {.bitmap_index = 27844, .adv_w = 224, .box_w = 13, .box_h = 15, .ofs_x = 0, .ofs_y = -2},
    {.bitmap_index = 27900, .adv_w = 224, .box_w = 14, .box_h = 14, .ofs_x = 0, .ofs_y = -2},
    {.bitmap_index = 27982, .adv_w = 224, .box_w = 14, .box_h = 14, .ofs_x = 0, .ofs_y = -2},
    {.bitmap_index = 28048, .adv_w = 224, .box_w = 13, .box_h = 14, .ofs_x = 0, .ofs_y = -2},
    {.bitmap_index = 28107, .adv_w = 224, .box_w = 14, .box_h = 14, .ofs_x = 0, .ofs_y = -2},
    {.bitmap_index = 28169, .adv_w = 224, .box_w = 14, .box_h = 13, .ofs_x = 0, .ofs_y = -1},
    {.bitmap_index = 28236, .adv_w = 224, .box_w = 13, .box_h = 13, .ofs_x = 0, .ofs_y = -1},
    {.bitmap_index = 28293, .adv_w = 224, .box_w = 14, .box_h = 15, .ofs_x = 0, .ofs_y = -2},
    {.bitmap_index = 28372, .adv_w = 224, .box_w = 14, .box_h = 14, .ofs_x = 0, .ofs_y = -2},
    {.bitmap_index = 28441, .adv_w = 224, .box_w = 13, .box_h = 14, .ofs_x = 0, .ofs_y = -2},
    {.bitmap_index = 28499, .adv_w = 224, .box_w = 14, .box_h = 14, .ofs_x = 0, .ofs_y = -2},
    {.bitmap_index = 28590, .adv_w = 224, .box_w = 14, .box_h = 14, .ofs_x = 0, .ofs_y = -1},
    {.bitmap_index = 28667, .adv_w = 224, .box_w = 14, .box_h = 14, .ofs_x = 0, .ofs_y = -2},
    {.bitmap_index = 28757, .adv_w = 224, .box_w = 14, .box_h = 14, .ofs_x = 0, .ofs_y = -1},
    {.bitmap_index = 28826, .adv_w = 224, .box_w = 14, .box_h = 14, .ofs_x = 0, .ofs_y = -2},
    {.bitmap_index = 28916, .adv_w = 224, .box_w = 14, .box_h = 14, .ofs_x = 0, .ofs_y = -2},
    {.bitmap_index = 28998, .adv_w = 224, .box_w = 14, .box_h = 13, .ofs_x = 0, .ofs_y = -1},
    {.bitmap_index = 29069, .adv_w = 224, .box_w = 14, .box_h = 13, .ofs_x = 0, .ofs_y = -1},
    {.bitmap_index = 29135, .adv_w = 224, .box_w = 14, .box_h = 14, .ofs_x = 0, .ofs_y = -2},
    {.bitmap_index = 29221, .adv_w = 224, .box_w = 14, .box_h = 13, .ofs_x = 0, .ofs_y = -1},
    {.bitmap_index = 29290, .adv_w = 224, .box_w = 14, .box_h = 14, .ofs_x = 0, .ofs_y = -2},
    {.bitmap_index = 29366, .adv_w = 224, .box_w = 14, .box_h = 14, .ofs_x = 0, .ofs_y = -2},
    {.bitmap_index = 29450, .adv_w = 224, .box_w = 14, .box_h = 14, .ofs_x = 0, .ofs_y = -1},
    {.bitmap_index = 29523, .adv_w = 224, .box_w = 14, .box_h = 13, .ofs_x = 0, .ofs_y = -1},
    {.bitmap_index = 29602, .adv_w = 224, .box_w = 14, .box_h = 14, .ofs_x = 0, .ofs_y = -1},
    {.bitmap_index = 29682, .adv_w = 224, .box_w = 14, .box_h = 13, .ofs_x = 0, .ofs_y = -1},
    {.bitmap_index = 29743, .adv_w = 224, .box_w = 14, .box_h = 14, .ofs_x = 0, .ofs_y = -2},
    {.bitmap_index = 29832, .adv_w = 224, .box_w = 14, .box_h = 13, .ofs_x = 0, .ofs_y = -1},
    {.bitmap_index = 29910, .adv_w = 224, .box_w = 13, .box_h = 14, .ofs_x = 0, .ofs_y = -2},
    {.bitmap_index = 29987, .adv_w = 224, .box_w = 14, .box_h = 13, .ofs_x = 0, .ofs_y = -1},
    {.bitmap_index = 30055, .adv_w = 224, .box_w = 14, .box_h = 14, .ofs_x = 0, .ofs_y = -2},
    {.bitmap_index = 30138, .adv_w = 224, .box_w = 14, .box_h = 14, .ofs_x = 0, .ofs_y = -2},
    {.bitmap_index = 30218, .adv_w = 224, .box_w = 14, .box_h = 14, .ofs_x = 0, .ofs_y = -2},
    {.bitmap_index = 30298, .adv_w = 224, .box_w = 14, .box_h = 14, .ofs_x = 0, .ofs_y = -2},
    {.bitmap_index = 30376, .adv_w = 224, .box_w = 14, .box_h = 15, .ofs_x = 0, .ofs_y = -2},
    {.bitmap_index = 30456, .adv_w = 224, .box_w = 14, .box_h = 15, .ofs_x = 0, .ofs_y = -2},
    {.bitmap_index = 30543, .adv_w = 224, .box_w = 14, .box_h = 13, .ofs_x = 0, .ofs_y = -1},
    {.bitmap_index = 30624, .adv_w = 224, .box_w = 14, .box_h = 15, .ofs_x = 0, .ofs_y = -2},
    {.bitmap_index = 30705, .adv_w = 224, .box_w = 14, .box_h = 15, .ofs_x = 0, .ofs_y = -2},
    {.bitmap_index = 30795, .adv_w = 224, .box_w = 14, .box_h = 14, .ofs_x = 0, .ofs_y = -1},
    {.bitmap_index = 30872, .adv_w = 224, .box_w = 14, .box_h = 14, .ofs_x = 0, .ofs_y = -2},
    {.bitmap_index = 30957, .adv_w = 224, .box_w = 14, .box_h = 15, .ofs_x = 0, .ofs_y = -2},
    {.bitmap_index = 31044, .adv_w = 224, .box_w = 14, .box_h = 14, .ofs_x = 0, .ofs_y = -2},
    {.bitmap_index = 31128, .adv_w = 224, .box_w = 14, .box_h = 14, .ofs_x = 0, .ofs_y = -2},
    {.bitmap_index = 31219, .adv_w = 224, .box_w = 14, .box_h = 13, .ofs_x = 0, .ofs_y = -1},
    {.bitmap_index = 31300, .adv_w = 224, .box_w = 14, .box_h = 14, .ofs_x = 0, .ofs_y = -2},
    {.bitmap_index = 31381, .adv_w = 224, .box_w = 14, .box_h = 14, .ofs_x = 0, .ofs_y = -2},
    {.bitmap_index = 31465, .adv_w = 224, .box_w = 14, .box_h = 13, .ofs_x = 0, .ofs_y = -1},
    {.bitmap_index = 31538, .adv_w = 224, .box_w = 14, .box_h = 14, .ofs_x = 0, .ofs_y = -2},
    {.bitmap_index = 31623, .adv_w = 224, .box_w = 14, .box_h = 14, .ofs_x = 0, .ofs_y = -2},
    {.bitmap_index = 31713, .adv_w = 224, .box_w = 14, .box_h = 13, .ofs_x = 0, .ofs_y = -1},
    {.bitmap_index = 31791, .adv_w = 224, .box_w = 14, .box_h = 14, .ofs_x = 0, .ofs_y = -2},
    {.bitmap_index = 31877, .adv_w = 224, .box_w = 14, .box_h = 14, .ofs_x = 0, .ofs_y = -1},
    {.bitmap_index = 31963, .adv_w = 224, .box_w = 14, .box_h = 14, .ofs_x = 0, .ofs_y = -2},
    {.bitmap_index = 32050, .adv_w = 224, .box_w = 14, .box_h = 14, .ofs_x = 0, .ofs_y = -2},
    {.bitmap_index = 32130, .adv_w = 224, .box_w = 14, .box_h = 14, .ofs_x = 0, .ofs_y = -2},
    {.bitmap_index = 32220, .adv_w = 224, .box_w = 14, .box_h = 14, .ofs_x = 0, .ofs_y = -2},
    {.bitmap_index = 32306, .adv_w = 224, .box_w = 14, .box_h = 15, .ofs_x = 0, .ofs_y = -2},
    {.bitmap_index = 32400, .adv_w = 224, .box_w = 14, .box_h = 14, .ofs_x = 0, .ofs_y = -2},
    {.bitmap_index = 32490, .adv_w = 224, .box_w = 14, .box_h = 14, .ofs_x = 0, .ofs_y = -2},
    {.bitmap_index = 32578, .adv_w = 224, .box_w = 14, .box_h = 14, .ofs_x = 0, .ofs_y = -2},
    {.bitmap_index = 32666, .adv_w = 224, .box_w = 14, .box_h = 14, .ofs_x = 0, .ofs_y = -2},
    {.bitmap_index = 32758, .adv_w = 224, .box_w = 14, .box_h = 15, .ofs_x = 0, .ofs_y = -2},
    {.bitmap_index = 32852, .adv_w = 224, .box_w = 14, .box_h = 14, .ofs_x = 0, .ofs_y = -2},
    {.bitmap_index = 32944, .adv_w = 224, .box_w = 14, .box_h = 13, .ofs_x = 0, .ofs_y = -1},
    {.bitmap_index = 33026, .adv_w = 224, .box_w = 14, .box_h = 14, .ofs_x = 0, .ofs_y = -1},
    {.bitmap_index = 33113, .adv_w = 224, .box_w = 14, .box_h = 14, .ofs_x = 0, .ofs_y = -2},
    {.bitmap_index = 33191, .adv_w = 224, .box_w = 14, .box_h = 14, .ofs_x = 0, .ofs_y = -1},
    {.bitmap_index = 33268, .adv_w = 224, .box_w = 14, .box_h = 13, .ofs_x = 0, .ofs_y = -1},
    {.bitmap_index = 33344, .adv_w = 224, .box_w = 14, .box_h = 14, .ofs_x = 0, .ofs_y = -2},
    {.bitmap_index = 33427, .adv_w = 224, .box_w = 14, .box_h = 14, .ofs_x = 0, .ofs_y = -2},
    {.bitmap_index = 33518, .adv_w = 224, .box_w = 14, .box_h = 14, .ofs_x = 0, .ofs_y = -2},
    {.bitmap_index = 33602, .adv_w = 224, .box_w = 14, .box_h = 14, .ofs_x = 0, .ofs_y = -2},
    {.bitmap_index = 33695, .adv_w = 224, .box_w = 14, .box_h = 14, .ofs_x = 0, .ofs_y = -2},
    {.bitmap_index = 33786, .adv_w = 224, .box_w = 14, .box_h = 14, .ofs_x = 0, .ofs_y = -1},
    {.bitmap_index = 33874, .adv_w = 224, .box_w = 14, .box_h = 15, .ofs_x = 0, .ofs_y = -2},
    {.bitmap_index = 33968, .adv_w = 224, .box_w = 14, .box_h = 13, .ofs_x = 0, .ofs_y = -1},
    {.bitmap_index = 34055, .adv_w = 224, .box_w = 14, .box_h = 13, .ofs_x = 0, .ofs_y = -1},
    {.bitmap_index = 34141, .adv_w = 224, .box_w = 14, .box_h = 14, .ofs_x = 0, .ofs_y = -2},
    {.bitmap_index = 34217, .adv_w = 224, .box_w = 14, .box_h = 14, .ofs_x = 0, .ofs_y = -1},
    {.bitmap_index = 34294, .adv_w = 224, .box_w = 14, .box_h = 14, .ofs_x = 0, .ofs_y = -2},
    {.bitmap_index = 34381, .adv_w = 224, .box_w = 14, .box_h = 14, .ofs_x = 0, .ofs_y = -2},
    {.bitmap_index = 34457, .adv_w = 224, .box_w = 13, .box_h = 14, .ofs_x = 1, .ofs_y = -2},
    {.bitmap_index = 34537, .adv_w = 224, .box_w = 14, .box_h = 14, .ofs_x = 0, .ofs_y = -2},
    {.bitmap_index = 34624, .adv_w = 224, .box_w = 14, .box_h = 13, .ofs_x = 0, .ofs_y = -1},
    {.bitmap_index = 34705, .adv_w = 224, .box_w = 14, .box_h = 14, .ofs_x = 0, .ofs_y = -2},
    {.bitmap_index = 34780, .adv_w = 224, .box_w = 14, .box_h = 14, .ofs_x = 0, .ofs_y = -2},
    {.bitmap_index = 34872, .adv_w = 224, .box_w = 14, .box_h = 14, .ofs_x = 0, .ofs_y = -2},
    {.bitmap_index = 34963, .adv_w = 224, .box_w = 14, .box_h = 14, .ofs_x = 0, .ofs_y = -2},
    {.bitmap_index = 35035, .adv_w = 224, .box_w = 10, .box_h = 13, .ofs_x = 2, .ofs_y = -2},
    {.bitmap_index = 35071, .adv_w = 224, .box_w = 12, .box_h = 13, .ofs_x = 1, .ofs_y = -2},
    {.bitmap_index = 35103, .adv_w = 224, .box_w = 14, .box_h = 12, .ofs_x = 0, .ofs_y = -1},
    {.bitmap_index = 35156, .adv_w = 224, .box_w = 13, .box_h = 14, .ofs_x = 1, .ofs_y = -2},
    {.bitmap_index = 35226, .adv_w = 224, .box_w = 13, .box_h = 13, .ofs_x = 1, .ofs_y = -2},
    {.bitmap_index = 35289, .adv_w = 224, .box_w = 13, .box_h = 13, .ofs_x = 0, .ofs_y = -2},
    {.bitmap_index = 35360, .adv_w = 224, .box_w = 13, .box_h = 13, .ofs_x = 1, .ofs_y = -1},
    {.bitmap_index = 35432, .adv_w = 224, .box_w = 14, .box_h = 13, .ofs_x = 0, .ofs_y = -2},
    {.bitmap_index = 35502, .adv_w = 224, .box_w = 14, .box_h = 12, .ofs_x = 0, .ofs_y = -1},
    {.bitmap_index = 35568, .adv_w = 224, .box_w = 14, .box_h = 13, .ofs_x = 0, .ofs_y = -2},
    {.bitmap_index = 35642, .adv_w = 224, .box_w = 14, .box_h = 14, .ofs_x = 0, .ofs_y = -2},
    {.bitmap_index = 35721, .adv_w = 224, .box_w = 14, .box_h = 13, .ofs_x = 0, .ofs_y = -2},
    {.bitmap_index = 35796, .adv_w = 224, .box_w = 13, .box_h = 13, .ofs_x = 1, .ofs_y = -2},
    {.bitmap_index = 35866, .adv_w = 224, .box_w = 14, .box_h = 14, .ofs_x = 0, .ofs_y = -2},
    {.bitmap_index = 35948, .adv_w = 224, .box_w = 14, .box_h = 13, .ofs_x = 0, .ofs_y = -2},
    {.bitmap_index = 36032, .adv_w = 224, .box_w = 14, .box_h = 13, .ofs_x = 0, .ofs_y = -2},
    {.bitmap_index = 36107, .adv_w = 224, .box_w = 12, .box_h = 14, .ofs_x = 1, .ofs_y = -2},
    {.bitmap_index = 36178, .adv_w = 224, .box_w = 14, .box_h = 14, .ofs_x = 0, .ofs_y = -2},
    {.bitmap_index = 36261, .adv_w = 224, .box_w = 14, .box_h = 12, .ofs_x = 0, .ofs_y = -1},
    {.bitmap_index = 36332, .adv_w = 224, .box_w = 14, .box_h = 13, .ofs_x = 0, .ofs_y = -1},
    {.bitmap_index = 36397, .adv_w = 224, .box_w = 14, .box_h = 13, .ofs_x = 0, .ofs_y = -2},
    {.bitmap_index = 36478, .adv_w = 224, .box_w = 13, .box_h = 13, .ofs_x = 0, .ofs_y = -1},
    {.bitmap_index = 36556, .adv_w = 224, .box_w = 14, .box_h = 14, .ofs_x = 0, .ofs_y = -2},
    {.bitmap_index = 36639, .adv_w = 224, .box_w = 14, .box_h = 14, .ofs_x = 0, .ofs_y = -2},
    {.bitmap_index = 36725, .adv_w = 224, .box_w = 14, .box_h = 13, .ofs_x = 0, .ofs_y = -1},
    {.bitmap_index = 36785, .adv_w = 224, .box_w = 14, .box_h = 13, .ofs_x = 0, .ofs_y = -1},
    {.bitmap_index = 36849, .adv_w = 224, .box_w = 14, .box_h = 13, .ofs_x = 0, .ofs_y = -1},
    {.bitmap_index = 36915, .adv_w = 224, .box_w = 14, .box_h = 13, .ofs_x = 0, .ofs_y = -1},
    {.bitmap_index = 36981, .adv_w = 224, .box_w = 14, .box_h = 14, .ofs_x = 0, .ofs_y = -2},
    {.bitmap_index = 37054, .adv_w = 224, .box_w = 14, .box_h = 14, .ofs_x = 0, .ofs_y = -2},
    {.bitmap_index = 37141, .adv_w = 224, .box_w = 14, .box_h = 14, .ofs_x = 0, .ofs_y = -2},
    {.bitmap_index = 37227, .adv_w = 224, .box_w = 14, .box_h = 15, .ofs_x = 0, .ofs_y = -2},
    {.bitmap_index = 37305, .adv_w = 224, .box_w = 14, .box_h = 15, .ofs_x = 0, .ofs_y = -2},
    {.bitmap_index = 37380, .adv_w = 224, .box_w = 14, .box_h = 13, .ofs_x = 0, .ofs_y = -1},
    {.bitmap_index = 37450, .adv_w = 224, .box_w = 14, .box_h = 13, .ofs_x = 0, .ofs_y = -1},
    {.bitmap_index = 37513, .adv_w = 224, .box_w = 14, .box_h = 14, .ofs_x = 0, .ofs_y = -2},
    {.bitmap_index = 37601, .adv_w = 224, .box_w = 14, .box_h = 13, .ofs_x = 0, .ofs_y = -1},
    {.bitmap_index = 37675, .adv_w = 224, .box_w = 14, .box_h = 13, .ofs_x = 0, .ofs_y = -1},
    {.bitmap_index = 37759, .adv_w = 224, .box_w = 14, .box_h = 14, .ofs_x = 0, .ofs_y = -2},
    {.bitmap_index = 37851, .adv_w = 224, .box_w = 14, .box_h = 14, .ofs_x = 0, .ofs_y = -2},
    {.bitmap_index = 37941, .adv_w = 224, .box_w = 14, .box_h = 14, .ofs_x = 0, .ofs_y = -2},
    {.bitmap_index = 38024, .adv_w = 224, .box_w = 14, .box_h = 13, .ofs_x = 0, .ofs_y = -1},
    {.bitmap_index = 38093, .adv_w = 224, .box_w = 14, .box_h = 15, .ofs_x = 0, .ofs_y = -2},
    {.bitmap_index = 38184, .adv_w = 224, .box_w = 14, .box_h = 12, .ofs_x = 0, .ofs_y = -1},
    {.bitmap_index = 38259, .adv_w = 224, .box_w = 14, .box_h = 13, .ofs_x = 0, .ofs_y = -1},
    {.bitmap_index = 38339, .adv_w = 224, .box_w = 14, .box_h = 14, .ofs_x = 0, .ofs_y = -2},
    {.bitmap_index = 38420, .adv_w = 224, .box_w = 14, .box_h = 13, .ofs_x = 0, .ofs_y = -1},
    {.bitmap_index = 38498, .adv_w = 224, .box_w = 14, .box_h = 14, .ofs_x = 0, .ofs_y = -1},
    {.bitmap_index = 38584, .adv_w = 224, .box_w = 14, .box_h = 13, .ofs_x = 0, .ofs_y = -1},
    {.bitmap_index = 38652, .adv_w = 224, .box_w = 14, .box_h = 14, .ofs_x = 0, .ofs_y = -2},
    {.bitmap_index = 38731, .adv_w = 224, .box_w = 14, .box_h = 14, .ofs_x = 0, .ofs_y = -2},
    {.bitmap_index = 38812, .adv_w = 224, .box_w = 14, .box_h = 14, .ofs_x = 0, .ofs_y = -1},
    {.bitmap_index = 38896, .adv_w = 224, .box_w = 14, .box_h = 15, .ofs_x = 0, .ofs_y = -2},
    {.bitmap_index = 38984, .adv_w = 224, .box_w = 14, .box_h = 15, .ofs_x = 0, .ofs_y = -2},
    {.bitmap_index = 39076, .adv_w = 224, .box_w = 14, .box_h = 13, .ofs_x = 0, .ofs_y = -1},
    {.bitmap_index = 39152, .adv_w = 224, .box_w = 14, .box_h = 15, .ofs_x = 0, .ofs_y = -2},
    {.bitmap_index = 39244, .adv_w = 224, .box_w = 14, .box_h = 14, .ofs_x = 0, .ofs_y = -2},
    {.bitmap_index = 39328, .adv_w = 224, .box_w = 14, .box_h = 15, .ofs_x = 0, .ofs_y = -2},
    {.bitmap_index = 39414, .adv_w = 224, .box_w = 14, .box_h = 14, .ofs_x = 0, .ofs_y = -1},
    {.bitmap_index = 39501, .adv_w = 224, .box_w = 14, .box_h = 13, .ofs_x = 0, .ofs_y = -1},
    {.bitmap_index = 39573, .adv_w = 224, .box_w = 14, .box_h = 13, .ofs_x = 0, .ofs_y = -1},
    {.bitmap_index = 39648, .adv_w = 224, .box_w = 14, .box_h = 14, .ofs_x = 0, .ofs_y = -2},
    {.bitmap_index = 39732, .adv_w = 224, .box_w = 14, .box_h = 14, .ofs_x = 0, .ofs_y = -1},
    {.bitmap_index = 39817, .adv_w = 224, .box_w = 14, .box_h = 14, .ofs_x = 0, .ofs_y = -1},
    {.bitmap_index = 39898, .adv_w = 224, .box_w = 14, .box_h = 14, .ofs_x = 0, .ofs_y = -2},
    {.bitmap_index = 39991, .adv_w = 224, .box_w = 14, .box_h = 14, .ofs_x = 0, .ofs_y = -2},
    {.bitmap_index = 40084, .adv_w = 224, .box_w = 14, .box_h = 13, .ofs_x = 0, .ofs_y = -1},
    {.bitmap_index = 40167, .adv_w = 224, .box_w = 14, .box_h = 14, .ofs_x = 0, .ofs_y = -2},
    {.bitmap_index = 40252, .adv_w = 224, .box_w = 14, .box_h = 15, .ofs_x = 0, .ofs_y = -2},
    {.bitmap_index = 40349, .adv_w = 224, .box_w = 14, .box_h = 14, .ofs_x = 0, .ofs_y = -2},
    {.bitmap_index = 40441, .adv_w = 224, .box_w = 14, .box_h = 13, .ofs_x = 0, .ofs_y = -1},
    {.bitmap_index = 40479, .adv_w = 224, .box_w = 14, .box_h = 12, .ofs_x = 0, .ofs_y = -1},
    {.bitmap_index = 40527, .adv_w = 224, .box_w = 14, .box_h = 14, .ofs_x = 0, .ofs_y = -2},
    {.bitmap_index = 40590, .adv_w = 224, .box_w = 14, .box_h = 14, .ofs_x = 0, .ofs_y = -2},
    {.bitmap_index = 40669, .adv_w = 224, .box_w = 14, .box_h = 14, .ofs_x = 0, .ofs_y = -2},
    {.bitmap_index = 40751, .adv_w = 224, .box_w = 14, .box_h = 13, .ofs_x = 0, .ofs_y = -2},
    {.bitmap_index = 40832, .adv_w = 224, .box_w = 14, .box_h = 14, .ofs_x = 0, .ofs_y = -2},
    {.bitmap_index = 40928, .adv_w = 224, .box_w = 14, .box_h = 14, .ofs_x = 0, .ofs_y = -2},
    {.bitmap_index = 41019, .adv_w = 224, .box_w = 14, .box_h = 14, .ofs_x = 0, .ofs_y = -2},
    {.bitmap_index = 41108, .adv_w = 224, .box_w = 14, .box_h = 14, .ofs_x = 0, .ofs_y = -2},
    {.bitmap_index = 41191, .adv_w = 224, .box_w = 13, .box_h = 14, .ofs_x = 1, .ofs_y = -2},
    {.bitmap_index = 41251, .adv_w = 224, .box_w = 14, .box_h = 13, .ofs_x = 0, .ofs_y = -1},
    {.bitmap_index = 41310, .adv_w = 224, .box_w = 14, .box_h = 13, .ofs_x = 0, .ofs_y = -1},
    {.bitmap_index = 41378, .adv_w = 224, .box_w = 14, .box_h = 14, .ofs_x = 0, .ofs_y = -2},
    {.bitmap_index = 41459, .adv_w = 224, .box_w = 14, .box_h = 14, .ofs_x = 0, .ofs_y = -2},
    {.bitmap_index = 41546, .adv_w = 224, .box_w = 14, .box_h = 13, .ofs_x = 0, .ofs_y = -1},
    {.bitmap_index = 41622, .adv_w = 224, .box_w = 14, .box_h = 13, .ofs_x = 0, .ofs_y = -1},
    {.bitmap_index = 41703, .adv_w = 224, .box_w = 14, .box_h = 14, .ofs_x = 0, .ofs_y = -2},
    {.bitmap_index = 41785, .adv_w = 224, .box_w = 14, .box_h = 14, .ofs_x = 0, .ofs_y = -2},
    {.bitmap_index = 41865, .adv_w = 224, .box_w = 14, .box_h = 13, .ofs_x = 0, .ofs_y = -1},
    {.bitmap_index = 41936, .adv_w = 224, .box_w = 13, .box_h = 14, .ofs_x = 0, .ofs_y = -2},
    {.bitmap_index = 42021, .adv_w = 224, .box_w = 14, .box_h = 14, .ofs_x = 0, .ofs_y = -2},
    {.bitmap_index = 42109, .adv_w = 224, .box_w = 14, .box_h = 13, .ofs_x = 0, .ofs_y = -1},
    {.bitmap_index = 42190, .adv_w = 224, .box_w = 14, .box_h = 13, .ofs_x = 0, .ofs_y = -1},
    {.bitmap_index = 42274, .adv_w = 224, .box_w = 14, .box_h = 13, .ofs_x = 0, .ofs_y = -1},
    {.bitmap_index = 42348, .adv_w = 224, .box_w = 14, .box_h = 14, .ofs_x = 0, .ofs_y = -2},
    {.bitmap_index = 42434, .adv_w = 224, .box_w = 14, .box_h = 14, .ofs_x = 0, .ofs_y = -2},
    {.bitmap_index = 42527, .adv_w = 224, .box_w = 14, .box_h = 14, .ofs_x = 0, .ofs_y = -2},
    {.bitmap_index = 42615, .adv_w = 224, .box_w = 14, .box_h = 13, .ofs_x = 0, .ofs_y = -1},
    {.bitmap_index = 42703, .adv_w = 224, .box_w = 13, .box_h = 15, .ofs_x = 0, .ofs_y = -2},
    {.bitmap_index = 42776, .adv_w = 224, .box_w = 13, .box_h = 13, .ofs_x = 0, .ofs_y = -1},
    {.bitmap_index = 42851, .adv_w = 224, .box_w = 14, .box_h = 13, .ofs_x = 0, .ofs_y = -1},
    {.bitmap_index = 42937, .adv_w = 224, .box_w = 14, .box_h = 14, .ofs_x = 0, .ofs_y = -2},
    {.bitmap_index = 43025, .adv_w = 224, .box_w = 14, .box_h = 14, .ofs_x = 0, .ofs_y = -2},
    {.bitmap_index = 43114, .adv_w = 224, .box_w = 14, .box_h = 14, .ofs_x = 0, .ofs_y = -2},
    {.bitmap_index = 43203, .adv_w = 224, .box_w = 14, .box_h = 13, .ofs_x = 0, .ofs_y = -1},
    {.bitmap_index = 43287, .adv_w = 224, .box_w = 14, .box_h = 14, .ofs_x = 0, .ofs_y = -2},
    {.bitmap_index = 43375, .adv_w = 224, .box_w = 14, .box_h = 13, .ofs_x = 0, .ofs_y = -1},
    {.bitmap_index = 43462, .adv_w = 224, .box_w = 14, .box_h = 14, .ofs_x = 0, .ofs_y = -2},
    {.bitmap_index = 43552, .adv_w = 224, .box_w = 14, .box_h = 13, .ofs_x = 0, .ofs_y = -1},
    {.bitmap_index = 43631, .adv_w = 224, .box_w = 14, .box_h = 14, .ofs_x = 0, .ofs_y = -2},
    {.bitmap_index = 43709, .adv_w = 224, .box_w = 14, .box_h = 14, .ofs_x = 0, .ofs_y = -2},
    {.bitmap_index = 43788, .adv_w = 224, .box_w = 14, .box_h = 14, .ofs_x = 0, .ofs_y = -2},
    {.bitmap_index = 43882, .adv_w = 224, .box_w = 14, .box_h = 14, .ofs_x = 0, .ofs_y = -2},
    {.bitmap_index = 43972, .adv_w = 224, .box_w = 14, .box_h = 13, .ofs_x = 0, .ofs_y = -1},
    {.bitmap_index = 44061, .adv_w = 224, .box_w = 14, .box_h = 14, .ofs_x = 0, .ofs_y = -2},
    {.bitmap_index = 44153, .adv_w = 224, .box_w = 14, .box_h = 14, .ofs_x = 0, .ofs_y = -2},
    {.bitmap_index = 44242, .adv_w = 224, .box_w = 13, .box_h = 14, .ofs_x = 0, .ofs_y = -2},
    {.bitmap_index = 44330, .adv_w = 224, .box_w = 14, .box_h = 14, .ofs_x = 0, .ofs_y = -2},
    {.bitmap_index = 44426, .adv_w = 224, .box_w = 14, .box_h = 13, .ofs_x = 0, .ofs_y = -2},
    {.bitmap_index = 44500, .adv_w = 224, .box_w = 14, .box_h = 14, .ofs_x = 0, .ofs_y = -2},
    {.bitmap_index = 44573, .adv_w = 224, .box_w = 14, .box_h = 14, .ofs_x = 0, .ofs_y = -2},
    {.bitmap_index = 44658, .adv_w = 224, .box_w = 13, .box_h = 14, .ofs_x = 0, .ofs_y = -2},
    {.bitmap_index = 44729, .adv_w = 224, .box_w = 14, .box_h = 15, .ofs_x = 0, .ofs_y = -2},
    {.bitmap_index = 44820, .adv_w = 224, .box_w = 13, .box_h = 13, .ofs_x = 0, .ofs_y = -1},
    {.bitmap_index = 44896, .adv_w = 224, .box_w = 14, .box_h = 15, .ofs_x = 0, .ofs_y = -2},
    {.bitmap_index = 44991, .adv_w = 224, .box_w = 14, .box_h = 15, .ofs_x = 0, .ofs_y = -2},
    {.bitmap_index = 45081, .adv_w = 224, .box_w = 14, .box_h = 14, .ofs_x = 0, .ofs_y = -2},
    {.bitmap_index = 45162, .adv_w = 224, .box_w = 14, .box_h = 14, .ofs_x = 0, .ofs_y = -1},
    {.bitmap_index = 45254, .adv_w = 224, .box_w = 14, .box_h = 14, .ofs_x = 0, .ofs_y = -2},
    {.bitmap_index = 45344, .adv_w = 224, .box_w = 14, .box_h = 15, .ofs_x = 0, .ofs_y = -2},
    {.bitmap_index = 45439, .adv_w = 224, .box_w = 14, .box_h = 14, .ofs_x = 0, .ofs_y = -1},
    {.bitmap_index = 45527, .adv_w = 224, .box_w = 14, .box_h = 14, .ofs_x = 0, .ofs_y = -2},
    {.bitmap_index = 45612, .adv_w = 224, .box_w = 13, .box_h = 14, .ofs_x = 0, .ofs_y = -2},
    {.bitmap_index = 45664, .adv_w = 224, .box_w = 14, .box_h = 14, .ofs_x = 0, .ofs_y = -2},
    {.bitmap_index = 45755, .adv_w = 224, .box_w = 14, .box_h = 15, .ofs_x = 0, .ofs_y = -2},
    {.bitmap_index = 45843, .adv_w = 224, .box_w = 14, .box_h = 12, .ofs_x = 0, .ofs_y = -1},
    {.bitmap_index = 45907, .adv_w = 224, .box_w = 14, .box_h = 15, .ofs_x = 0, .ofs_y = -2},
    {.bitmap_index = 45999, .adv_w = 224, .box_w = 14, .box_h = 14, .ofs_x = 0, .ofs_y = -2},
    {.bitmap_index = 46083, .adv_w = 224, .box_w = 14, .box_h = 14, .ofs_x = 0, .ofs_y = -1},
    {.bitmap_index = 46165, .adv_w = 224, .box_w = 14, .box_h = 13, .ofs_x = 0, .ofs_y = -1},
    {.bitmap_index = 46242, .adv_w = 224, .box_w = 13, .box_h = 14, .ofs_x = 0, .ofs_y = -2},
    {.bitmap_index = 46329, .adv_w = 224, .box_w = 13, .box_h = 14, .ofs_x = 0, .ofs_y = -2},
    {.bitmap_index = 46420, .adv_w = 224, .box_w = 14, .box_h = 14, .ofs_x = 0, .ofs_y = -1},
    {.bitmap_index = 46492, .adv_w = 224, .box_w = 14, .box_h = 12, .ofs_x = 0, .ofs_y = -1},
    {.bitmap_index = 46540, .adv_w = 224, .box_w = 14, .box_h = 13, .ofs_x = 0, .ofs_y = -1},
    {.bitmap_index = 46609, .adv_w = 224, .box_w = 14, .box_h = 13, .ofs_x = 0, .ofs_y = -2},
    {.bitmap_index = 46680, .adv_w = 224, .box_w = 14, .box_h = 12, .ofs_x = 0, .ofs_y = -1},
    {.bitmap_index = 46754, .adv_w = 224, .box_w = 14, .box_h = 13, .ofs_x = 0, .ofs_y = -1},
    {.bitmap_index = 46814, .adv_w = 224, .box_w = 13, .box_h = 13, .ofs_x = 0, .ofs_y = -2},
    {.bitmap_index = 46878, .adv_w = 224, .box_w = 12, .box_h = 14, .ofs_x = 1, .ofs_y = -2},
    {.bitmap_index = 46928, .adv_w = 224, .box_w = 13, .box_h = 13, .ofs_x = 1, .ofs_y = -1},
    {.bitmap_index = 46993, .adv_w = 224, .box_w = 12, .box_h = 12, .ofs_x = 1, .ofs_y = -1},
    {.bitmap_index = 47048, .adv_w = 224, .box_w = 14, .box_h = 13, .ofs_x = 0, .ofs_y = -2},
    {.bitmap_index = 47125, .adv_w = 224, .box_w = 12, .box_h = 14, .ofs_x = 1, .ofs_y = -2},
    {.bitmap_index = 47201, .adv_w = 224, .box_w = 13, .box_h = 14, .ofs_x = 1, .ofs_y = -2},
    {.bitmap_index = 47281, .adv_w = 224, .box_w = 14, .box_h = 14, .ofs_x = 0, .ofs_y = -2},
    {.bitmap_index = 47371, .adv_w = 224, .box_w = 14, .box_h = 13, .ofs_x = 0, .ofs_y = -1},
    {.bitmap_index = 47442, .adv_w = 224, .box_w = 14, .box_h = 13, .ofs_x = 0, .ofs_y = -1},
    {.bitmap_index = 47518, .adv_w = 224, .box_w = 12, .box_h = 14, .ofs_x = 1, .ofs_y = -2},
    {.bitmap_index = 47564, .adv_w = 224, .box_w = 14, .box_h = 12, .ofs_x = 0, .ofs_y = -1},
    {.bitmap_index = 47617, .adv_w = 224, .box_w = 13, .box_h = 15, .ofs_x = 1, .ofs_y = -2},
    {.bitmap_index = 47701, .adv_w = 224, .box_w = 14, .box_h = 13, .ofs_x = 0, .ofs_y = -1},
    {.bitmap_index = 47781, .adv_w = 224, .box_w = 13, .box_h = 14, .ofs_x = 0, .ofs_y = -1},
    {.bitmap_index = 47861, .adv_w = 224, .box_w = 14, .box_h = 13, .ofs_x = 0, .ofs_y = -1},
    {.bitmap_index = 47934, .adv_w = 224, .box_w = 14, .box_h = 13, .ofs_x = 0, .ofs_y = -1},
    {.bitmap_index = 48003, .adv_w = 224, .box_w = 14, .box_h = 14, .ofs_x = 0, .ofs_y = -1},
    {.bitmap_index = 48075, .adv_w = 224, .box_w = 10, .box_h = 12, .ofs_x = 2, .ofs_y = -1},
    {.bitmap_index = 48115, .adv_w = 224, .box_w = 14, .box_h = 13, .ofs_x = 0, .ofs_y = -1},
    {.bitmap_index = 48181, .adv_w = 224, .box_w = 14, .box_h = 14, .ofs_x = 0, .ofs_y = -2},
    {.bitmap_index = 48253, .adv_w = 224, .box_w = 14, .box_h = 14, .ofs_x = 0, .ofs_y = -2},
    {.bitmap_index = 48333, .adv_w = 224, .box_w = 14, .box_h = 13, .ofs_x = 0, .ofs_y = -1},
    {.bitmap_index = 48406, .adv_w = 224, .box_w = 14, .box_h = 14, .ofs_x = 0, .ofs_y = -2},
    {.bitmap_index = 48484, .adv_w = 224, .box_w = 13, .box_h = 13, .ofs_x = 1, .ofs_y = -2},
    {.bitmap_index = 48557, .adv_w = 224, .box_w = 13, .box_h = 13, .ofs_x = 1, .ofs_y = -2},
    {.bitmap_index = 48631, .adv_w = 224, .box_w = 14, .box_h = 14, .ofs_x = 0, .ofs_y = -2},
    {.bitmap_index = 48711, .adv_w = 224, .box_w = 13, .box_h = 13, .ofs_x = 1, .ofs_y = -1},
    {.bitmap_index = 48790, .adv_w = 224, .box_w = 13, .box_h = 13, .ofs_x = 1, .ofs_y = -1},
    {.bitmap_index = 48869, .adv_w = 224, .box_w = 14, .box_h = 14, .ofs_x = 0, .ofs_y = -2},
    {.bitmap_index = 48947, .adv_w = 224, .box_w = 14, .box_h = 14, .ofs_x = 0, .ofs_y = -2},
    {.bitmap_index = 49026, .adv_w = 224, .box_w = 14, .box_h = 14, .ofs_x = 0, .ofs_y = -2},
    {.bitmap_index = 49111, .adv_w = 224, .box_w = 14, .box_h = 13, .ofs_x = 0, .ofs_y = -2},
    {.bitmap_index = 49169, .adv_w = 224, .box_w = 14, .box_h = 14, .ofs_x = 0, .ofs_y = -2},
    {.bitmap_index = 49253, .adv_w = 224, .box_w = 14, .box_h = 13, .ofs_x = 0, .ofs_y = -1},
    {.bitmap_index = 49337, .adv_w = 224, .box_w = 14, .box_h = 13, .ofs_x = 0, .ofs_y = -1},
    {.bitmap_index = 49410, .adv_w = 224, .box_w = 14, .box_h = 12, .ofs_x = 0, .ofs_y = -1},
    {.bitmap_index = 49492, .adv_w = 224, .box_w = 14, .box_h = 14, .ofs_x = 0, .ofs_y = -2},
    {.bitmap_index = 49584, .adv_w = 224, .box_w = 14, .box_h = 13, .ofs_x = 0, .ofs_y = -1},
    {.bitmap_index = 49663, .adv_w = 224, .box_w = 14, .box_h = 13, .ofs_x = 0, .ofs_y = -2},
    {.bitmap_index = 49731, .adv_w = 224, .box_w = 14, .box_h = 14, .ofs_x = 0, .ofs_y = -2},
    {.bitmap_index = 49824, .adv_w = 224, .box_w = 14, .box_h = 15, .ofs_x = 0, .ofs_y = -2},
    {.bitmap_index = 49907, .adv_w = 224, .box_w = 14, .box_h = 13, .ofs_x = 0, .ofs_y = -1},
    {.bitmap_index = 49977, .adv_w = 224, .box_w = 14, .box_h = 13, .ofs_x = 0, .ofs_y = -1},
    {.bitmap_index = 50057, .adv_w = 224, .box_w = 14, .box_h = 13, .ofs_x = 0, .ofs_y = -1},
    {.bitmap_index = 50145, .adv_w = 224, .box_w = 14, .box_h = 13, .ofs_x = 0, .ofs_y = -1},
    {.bitmap_index = 50221, .adv_w = 224, .box_w = 14, .box_h = 14, .ofs_x = 0, .ofs_y = -2},
    {.bitmap_index = 50308, .adv_w = 224, .box_w = 14, .box_h = 14, .ofs_x = 0, .ofs_y = -2},
    {.bitmap_index = 50402, .adv_w = 224, .box_w = 14, .box_h = 13, .ofs_x = 0, .ofs_y = -1},
    {.bitmap_index = 50477, .adv_w = 224, .box_w = 14, .box_h = 13, .ofs_x = 0, .ofs_y = -1},
    {.bitmap_index = 50564, .adv_w = 224, .box_w = 12, .box_h = 13, .ofs_x = 1, .ofs_y = -1},
    {.bitmap_index = 50618, .adv_w = 224, .box_w = 13, .box_h = 14, .ofs_x = 0, .ofs_y = -2},
    {.bitmap_index = 50701, .adv_w = 224, .box_w = 14, .box_h = 14, .ofs_x = 0, .ofs_y = -2},
    {.bitmap_index = 50790, .adv_w = 224, .box_w = 13, .box_h = 15, .ofs_x = 1, .ofs_y = -2},
    {.bitmap_index = 50868, .adv_w = 224, .box_w = 14, .box_h = 13, .ofs_x = 0, .ofs_y = -1},
    {.bitmap_index = 50936, .adv_w = 224, .box_w = 14, .box_h = 13, .ofs_x = 0, .ofs_y = -1},
    {.bitmap_index = 51013, .adv_w = 224, .box_w = 14, .box_h = 15, .ofs_x = 0, .ofs_y = -2},
    {.bitmap_index = 51095, .adv_w = 224, .box_w = 14, .box_h = 14, .ofs_x = 0, .ofs_y = -2},
    {.bitmap_index = 51181, .adv_w = 224, .box_w = 14, .box_h = 14, .ofs_x = 0, .ofs_y = -2},
    {.bitmap_index = 51265, .adv_w = 224, .box_w = 14, .box_h = 15, .ofs_x = 0, .ofs_y = -2},
    {.bitmap_index = 51359, .adv_w = 224, .box_w = 14, .box_h = 15, .ofs_x = 0, .ofs_y = -2},
    {.bitmap_index = 51446, .adv_w = 224, .box_w = 14, .box_h = 14, .ofs_x = 0, .ofs_y = -2},
    {.bitmap_index = 51528, .adv_w = 224, .box_w = 14, .box_h = 14, .ofs_x = 0, .ofs_y = -1},
    {.bitmap_index = 51612, .adv_w = 224, .box_w = 14, .box_h = 14, .ofs_x = 0, .ofs_y = -1},
    {.bitmap_index = 51701, .adv_w = 224, .box_w = 14, .box_h = 15, .ofs_x = 0, .ofs_y = -2},
    {.bitmap_index = 51782, .adv_w = 224, .box_w = 14, .box_h = 14, .ofs_x = 0, .ofs_y = -2},
    {.bitmap_index = 51864, .adv_w = 224, .box_w = 13, .box_h = 14, .ofs_x = 0, .ofs_y = -2},
    {.bitmap_index = 51937, .adv_w = 224, .box_w = 14, .box_h = 14, .ofs_x = 0, .ofs_y = -2},
    {.bitmap_index = 52024, .adv_w = 224, .box_w = 14, .box_h = 15, .ofs_x = 0, .ofs_y = -2},
    {.bitmap_index = 52114, .adv_w = 224, .box_w = 14, .box_h = 14, .ofs_x = 0, .ofs_y = -1},
    {.bitmap_index = 52207, .adv_w = 224, .box_w = 14, .box_h = 14, .ofs_x = 0, .ofs_y = -2},
    {.bitmap_index = 52298, .adv_w = 224, .box_w = 14, .box_h = 14, .ofs_x = 0, .ofs_y = -2},
    {.bitmap_index = 52377, .adv_w = 224, .box_w = 14, .box_h = 15, .ofs_x = 0, .ofs_y = -2},
    {.bitmap_index = 52471, .adv_w = 224, .box_w = 13, .box_h = 14, .ofs_x = 1, .ofs_y = -2},
    {.bitmap_index = 52558, .adv_w = 224, .box_w = 14, .box_h = 14, .ofs_x = 0, .ofs_y = -2},
    {.bitmap_index = 52646, .adv_w = 224, .box_w = 14, .box_h = 14, .ofs_x = 0, .ofs_y = -2},
    {.bitmap_index = 52737, .adv_w = 224, .box_w = 13, .box_h = 14, .ofs_x = 1, .ofs_y = -2},
    {.bitmap_index = 52819, .adv_w = 224, .box_w = 13, .box_h = 13, .ofs_x = 0, .ofs_y = -2},
    {.bitmap_index = 52899, .adv_w = 224, .box_w = 14, .box_h = 13, .ofs_x = 0, .ofs_y = -1},
    {.bitmap_index = 52969, .adv_w = 224, .box_w = 14, .box_h = 14, .ofs_x = 0, .ofs_y = -2},
    {.bitmap_index = 53057, .adv_w = 224, .box_w = 14, .box_h = 14, .ofs_x = 0, .ofs_y = -2},
    {.bitmap_index = 53152, .adv_w = 224, .box_w = 14, .box_h = 14, .ofs_x = 0, .ofs_y = -1},
    {.bitmap_index = 53233, .adv_w = 224, .box_w = 14, .box_h = 14, .ofs_x = 0, .ofs_y = -2},
    {.bitmap_index = 53324, .adv_w = 224, .box_w = 14, .box_h = 13, .ofs_x = 0, .ofs_y = -1},
    {.bitmap_index = 53413, .adv_w = 224, .box_w = 14, .box_h = 13, .ofs_x = 0, .ofs_y = -1},
    {.bitmap_index = 53489, .adv_w = 224, .box_w = 14, .box_h = 13, .ofs_x = 0, .ofs_y = -1},
    {.bitmap_index = 53563, .adv_w = 224, .box_w = 13, .box_h = 13, .ofs_x = 0, .ofs_y = -1},
    {.bitmap_index = 53639, .adv_w = 224, .box_w = 14, .box_h = 14, .ofs_x = 0, .ofs_y = -2},
    {.bitmap_index = 53735, .adv_w = 224, .box_w = 14, .box_h = 13, .ofs_x = 0, .ofs_y = -1},
    {.bitmap_index = 53818, .adv_w = 224, .box_w = 14, .box_h = 15, .ofs_x = 0, .ofs_y = -2},
    {.bitmap_index = 53910, .adv_w = 224, .box_w = 14, .box_h = 14, .ofs_x = 0, .ofs_y = -2},
    {.bitmap_index = 53998, .adv_w = 224, .box_w = 14, .box_h = 15, .ofs_x = 0, .ofs_y = -2},
    {.bitmap_index = 54096, .adv_w = 224, .box_w = 14, .box_h = 14, .ofs_x = 0, .ofs_y = -2},
    {.bitmap_index = 54182, .adv_w = 224, .box_w = 14, .box_h = 14, .ofs_x = 0, .ofs_y = -2},
    {.bitmap_index = 54274, .adv_w = 224, .box_w = 14, .box_h = 13, .ofs_x = 0, .ofs_y = -1},
    {.bitmap_index = 54356, .adv_w = 224, .box_w = 14, .box_h = 15, .ofs_x = 0, .ofs_y = -2},
    {.bitmap_index = 54452, .adv_w = 224, .box_w = 14, .box_h = 14, .ofs_x = 0, .ofs_y = -1},
    {.bitmap_index = 54543, .adv_w = 224, .box_w = 14, .box_h = 14, .ofs_x = 0, .ofs_y = -2},
    {.bitmap_index = 54636, .adv_w = 224, .box_w = 14, .box_h = 13, .ofs_x = 0, .ofs_y = -1},
    {.bitmap_index = 54727, .adv_w = 224, .box_w = 14, .box_h = 13, .ofs_x = 0, .ofs_y = -1},
    {.bitmap_index = 54816, .adv_w = 224, .box_w = 14, .box_h = 13, .ofs_x = 0, .ofs_y = -1},
    {.bitmap_index = 54901, .adv_w = 224, .box_w = 14, .box_h = 14, .ofs_x = 0, .ofs_y = -2},
    {.bitmap_index = 54997, .adv_w = 224, .box_w = 14, .box_h = 14, .ofs_x = 0, .ofs_y = -2},
    {.bitmap_index = 55093, .adv_w = 224, .box_w = 14, .box_h = 13, .ofs_x = 0, .ofs_y = -1},
    {.bitmap_index = 55173, .adv_w = 224, .box_w = 14, .box_h = 14, .ofs_x = 0, .ofs_y = -2},
    {.bitmap_index = 55268, .adv_w = 224, .box_w = 14, .box_h = 14, .ofs_x = 0, .ofs_y = -2},
    {.bitmap_index = 55359, .adv_w = 224, .box_w = 14, .box_h = 14, .ofs_x = 0, .ofs_y = -2},
    {.bitmap_index = 55446, .adv_w = 224, .box_w = 12, .box_h = 12, .ofs_x = 1, .ofs_y = -1},
    {.bitmap_index = 55507, .adv_w = 224, .box_w = 12, .box_h = 13, .ofs_x = 1, .ofs_y = -2},
    {.bitmap_index = 55576, .adv_w = 224, .box_w = 14, .box_h = 12, .ofs_x = 0, .ofs_y = -1},
    {.bitmap_index = 55650, .adv_w = 224, .box_w = 14, .box_h = 12, .ofs_x = 0, .ofs_y = -1},
    {.bitmap_index = 55717, .adv_w = 224, .box_w = 14, .box_h = 12, .ofs_x = 0, .ofs_y = -1},
    {.bitmap_index = 55795, .adv_w = 224, .box_w = 14, .box_h = 13, .ofs_x = 0, .ofs_y = -1},
    {.bitmap_index = 55871, .adv_w = 224, .box_w = 14, .box_h = 14, .ofs_x = 0, .ofs_y = -2},
    {.bitmap_index = 55950, .adv_w = 224, .box_w = 14, .box_h = 14, .ofs_x = 0, .ofs_y = -2},
    {.bitmap_index = 56028, .adv_w = 224, .box_w = 14, .box_h = 13, .ofs_x = 0, .ofs_y = -2},
    {.bitmap_index = 56073, .adv_w = 224, .box_w = 14, .box_h = 13, .ofs_x = 0, .ofs_y = -1},
    {.bitmap_index = 56159, .adv_w = 224, .box_w = 14, .box_h = 14, .ofs_x = 0, .ofs_y = -2},
    {.bitmap_index = 56251, .adv_w = 224, .box_w = 14, .box_h = 14, .ofs_x = 0, .ofs_y = -2},
    {.bitmap_index = 56330, .adv_w = 224, .box_w = 14, .box_h = 14, .ofs_x = 0, .ofs_y = -1},
    {.bitmap_index = 56417, .adv_w = 224, .box_w = 14, .box_h = 14, .ofs_x = 0, .ofs_y = -2},
    {.bitmap_index = 56502, .adv_w = 224, .box_w = 14, .box_h = 14, .ofs_x = 0, .ofs_y = -2},
    {.bitmap_index = 56582, .adv_w = 224, .box_w = 14, .box_h = 13, .ofs_x = 0, .ofs_y = -1},
    {.bitmap_index = 56657, .adv_w = 224, .box_w = 14, .box_h = 14, .ofs_x = 0, .ofs_y = -2},
    {.bitmap_index = 56743, .adv_w = 224, .box_w = 14, .box_h = 14, .ofs_x = 0, .ofs_y = -2},
    {.bitmap_index = 56833, .adv_w = 224, .box_w = 14, .box_h = 14, .ofs_x = 0, .ofs_y = -2},
    {.bitmap_index = 56921, .adv_w = 224, .box_w = 10, .box_h = 14, .ofs_x = 2, .ofs_y = -2},
    {.bitmap_index = 56974, .adv_w = 224, .box_w = 14, .box_h = 12, .ofs_x = 0, .ofs_y = -1},
    {.bitmap_index = 57043, .adv_w = 224, .box_w = 14, .box_h = 14, .ofs_x = 0, .ofs_y = -2},
    {.bitmap_index = 57136, .adv_w = 224, .box_w = 14, .box_h = 14, .ofs_x = 0, .ofs_y = -2},
    {.bitmap_index = 57212, .adv_w = 224, .box_w = 14, .box_h = 14, .ofs_x = 0, .ofs_y = -2},
    {.bitmap_index = 57299, .adv_w = 224, .box_w = 14, .box_h = 14, .ofs_x = 0, .ofs_y = -1},
    {.bitmap_index = 57368, .adv_w = 224, .box_w = 14, .box_h = 13, .ofs_x = 0, .ofs_y = -1},
    {.bitmap_index = 57427, .adv_w = 224, .box_w = 14, .box_h = 13, .ofs_x = 0, .ofs_y = -1},
    {.bitmap_index = 57502, .adv_w = 224, .box_w = 14, .box_h = 14, .ofs_x = 0, .ofs_y = -2},
    {.bitmap_index = 57577, .adv_w = 224, .box_w = 14, .box_h = 14, .ofs_x = 0, .ofs_y = -2},
    {.bitmap_index = 57667, .adv_w = 224, .box_w = 14, .box_h = 14, .ofs_x = 0, .ofs_y = -2},
    {.bitmap_index = 57752, .adv_w = 224, .box_w = 14, .box_h = 14, .ofs_x = 0, .ofs_y = -2},
    {.bitmap_index = 57838, .adv_w = 224, .box_w = 14, .box_h = 15, .ofs_x = 0, .ofs_y = -2},
    {.bitmap_index = 57921, .adv_w = 224, .box_w = 14, .box_h = 14, .ofs_x = 0, .ofs_y = -2},
    {.bitmap_index = 58016, .adv_w = 224, .box_w = 14, .box_h = 13, .ofs_x = 0, .ofs_y = -1},
    {.bitmap_index = 58104, .adv_w = 224, .box_w = 14, .box_h = 13, .ofs_x = 0, .ofs_y = -1},
    {.bitmap_index = 58189, .adv_w = 224, .box_w = 14, .box_h = 13, .ofs_x = 0, .ofs_y = -1},
    {.bitmap_index = 58267, .adv_w = 224, .box_w = 14, .box_h = 13, .ofs_x = 0, .ofs_y = -1},
    {.bitmap_index = 58348, .adv_w = 224, .box_w = 14, .box_h = 14, .ofs_x = 0, .ofs_y = -2},
    {.bitmap_index = 58440, .adv_w = 224, .box_w = 14, .box_h = 14, .ofs_x = 0, .ofs_y = -2},
    {.bitmap_index = 58525, .adv_w = 224, .box_w = 14, .box_h = 14, .ofs_x = 0, .ofs_y = -2},
    {.bitmap_index = 58584, .adv_w = 224, .box_w = 14, .box_h = 13, .ofs_x = 0, .ofs_y = -1},
    {.bitmap_index = 58665, .adv_w = 224, .box_w = 14, .box_h = 13, .ofs_x = 0, .ofs_y = -1},
    {.bitmap_index = 58728, .adv_w = 224, .box_w = 14, .box_h = 14, .ofs_x = 0, .ofs_y = -2},
    {.bitmap_index = 58814, .adv_w = 224, .box_w = 14, .box_h = 15, .ofs_x = 0, .ofs_y = -2},
    {.bitmap_index = 58898, .adv_w = 224, .box_w = 14, .box_h = 13, .ofs_x = 0, .ofs_y = -1},
    {.bitmap_index = 58981, .adv_w = 224, .box_w = 14, .box_h = 14, .ofs_x = 0, .ofs_y = -2},
    {.bitmap_index = 59080, .adv_w = 224, .box_w = 14, .box_h = 14, .ofs_x = 0, .ofs_y = -2},
    {.bitmap_index = 59169, .adv_w = 224, .box_w = 14, .box_h = 14, .ofs_x = 0, .ofs_y = -2},
    {.bitmap_index = 59258, .adv_w = 224, .box_w = 14, .box_h = 13, .ofs_x = 0, .ofs_y = -2},
    {.bitmap_index = 59345, .adv_w = 224, .box_w = 14, .box_h = 13, .ofs_x = 0, .ofs_y = -2},
    {.bitmap_index = 59432, .adv_w = 224, .box_w = 14, .box_h = 13, .ofs_x = 0, .ofs_y = -2},
    {.bitmap_index = 59499, .adv_w = 224, .box_w = 14, .box_h = 13, .ofs_x = 0, .ofs_y = -2},
    {.bitmap_index = 59580, .adv_w = 224, .box_w = 14, .box_h = 14, .ofs_x = 0, .ofs_y = -2},
    {.bitmap_index = 59666, .adv_w = 224, .box_w = 14, .box_h = 14, .ofs_x = 0, .ofs_y = -2},
    {.bitmap_index = 59748, .adv_w = 224, .box_w = 13, .box_h = 15, .ofs_x = 1, .ofs_y = -2},
    {.bitmap_index = 59824, .adv_w = 224, .box_w = 14, .box_h = 14, .ofs_x = 0, .ofs_y = -2},
    {.bitmap_index = 59918, .adv_w = 224, .box_w = 14, .box_h = 15, .ofs_x = 0, .ofs_y = -2},
    {.bitmap_index = 60004, .adv_w = 224, .box_w = 14, .box_h = 14, .ofs_x = 0, .ofs_y = -2},
    {.bitmap_index = 60066, .adv_w = 224, .box_w = 14, .box_h = 14, .ofs_x = 0, .ofs_y = -2},
    {.bitmap_index = 60149, .adv_w = 224, .box_w = 14, .box_h = 13, .ofs_x = 0, .ofs_y = -1},
    {.bitmap_index = 60205, .adv_w = 224, .box_w = 14, .box_h = 14, .ofs_x = 0, .ofs_y = -2},
    {.bitmap_index = 60266, .adv_w = 224, .box_w = 14, .box_h = 14, .ofs_x = 0, .ofs_y = -2},
    {.bitmap_index = 60341, .adv_w = 224, .box_w = 14, .box_h = 13, .ofs_x = 0, .ofs_y = -1},
    {.bitmap_index = 60399, .adv_w = 224, .box_w = 14, .box_h = 14, .ofs_x = 0, .ofs_y = -2},
    {.bitmap_index = 60484, .adv_w = 224, .box_w = 14, .box_h = 13, .ofs_x = 0, .ofs_y = -1},
    {.bitmap_index = 60552, .adv_w = 224, .box_w = 14, .box_h = 13, .ofs_x = 0, .ofs_y = -1},
    {.bitmap_index = 60618, .adv_w = 224, .box_w = 15, .box_h = 14, .ofs_x = 0, .ofs_y = -2},
    {.bitmap_index = 60706, .adv_w = 224, .box_w = 14, .box_h = 13, .ofs_x = 0, .ofs_y = -1},
    {.bitmap_index = 60786, .adv_w = 224, .box_w = 14, .box_h = 14, .ofs_x = 0, .ofs_y = -2},
    {.bitmap_index = 60870, .adv_w = 224, .box_w = 14, .box_h = 13, .ofs_x = 0, .ofs_y = -1},
    {.bitmap_index = 60935, .adv_w = 224, .box_w = 14, .box_h = 13, .ofs_x = 0, .ofs_y = -1},
    {.bitmap_index = 61005, .adv_w = 224, .box_w = 13, .box_h = 13, .ofs_x = 0, .ofs_y = -1},
    {.bitmap_index = 61071, .adv_w = 224, .box_w = 14, .box_h = 14, .ofs_x = 0, .ofs_y = -2},
    {.bitmap_index = 61158, .adv_w = 224, .box_w = 14, .box_h = 13, .ofs_x = 0, .ofs_y = -1},
    {.bitmap_index = 61237, .adv_w = 224, .box_w = 14, .box_h = 14, .ofs_x = 0, .ofs_y = -2},
    {.bitmap_index = 61319, .adv_w = 224, .box_w = 14, .box_h = 14, .ofs_x = 0, .ofs_y = -2},
    {.bitmap_index = 61400, .adv_w = 224, .box_w = 14, .box_h = 14, .ofs_x = 0, .ofs_y = -2},
    {.bitmap_index = 61487, .adv_w = 224, .box_w = 14, .box_h = 13, .ofs_x = 0, .ofs_y = -1},
    {.bitmap_index = 61569, .adv_w = 224, .box_w = 14, .box_h = 14, .ofs_x = 0, .ofs_y = -2},
    {.bitmap_index = 61651, .adv_w = 224, .box_w = 14, .box_h = 13, .ofs_x = 0, .ofs_y = -1},
    {.bitmap_index = 61727, .adv_w = 224, .box_w = 14, .box_h = 14, .ofs_x = 0, .ofs_y = -2},
    {.bitmap_index = 61815, .adv_w = 224, .box_w = 13, .box_h = 13, .ofs_x = 0, .ofs_y = -1},
    {.bitmap_index = 61888, .adv_w = 224, .box_w = 14, .box_h = 14, .ofs_x = 0, .ofs_y = -2},
    {.bitmap_index = 61974, .adv_w = 224, .box_w = 14, .box_h = 13, .ofs_x = 0, .ofs_y = -1},
    {.bitmap_index = 62059, .adv_w = 224, .box_w = 14, .box_h = 13, .ofs_x = 0, .ofs_y = -1},
    {.bitmap_index = 62141, .adv_w = 224, .box_w = 13, .box_h = 14, .ofs_x = 0, .ofs_y = -2},
    {.bitmap_index = 62221, .adv_w = 224, .box_w = 14, .box_h = 14, .ofs_x = 0, .ofs_y = -2},
    {.bitmap_index = 62310, .adv_w = 224, .box_w = 14, .box_h = 14, .ofs_x = 0, .ofs_y = -2},
    {.bitmap_index = 62401, .adv_w = 224, .box_w = 14, .box_h = 13, .ofs_x = 0, .ofs_y = -1},
    {.bitmap_index = 62471, .adv_w = 224, .box_w = 14, .box_h = 14, .ofs_x = 0, .ofs_y = -2},
    {.bitmap_index = 62553, .adv_w = 224, .box_w = 14, .box_h = 14, .ofs_x = 0, .ofs_y = -2},
    {.bitmap_index = 62634, .adv_w = 224, .box_w = 14, .box_h = 14, .ofs_x = 0, .ofs_y = -2},
    {.bitmap_index = 62696, .adv_w = 224, .box_w = 14, .box_h = 13, .ofs_x = 0, .ofs_y = -1},
    {.bitmap_index = 62780, .adv_w = 224, .box_w = 14, .box_h = 14, .ofs_x = 0, .ofs_y = -2},
    {.bitmap_index = 62868, .adv_w = 224, .box_w = 14, .box_h = 15, .ofs_x = 0, .ofs_y = -2},
    {.bitmap_index = 62959, .adv_w = 224, .box_w = 14, .box_h = 14, .ofs_x = 0, .ofs_y = -2},
    {.bitmap_index = 63035, .adv_w = 224, .box_w = 14, .box_h = 14, .ofs_x = 0, .ofs_y = -2},
    {.bitmap_index = 63118, .adv_w = 224, .box_w = 14, .box_h = 14, .ofs_x = 0, .ofs_y = -2},
    {.bitmap_index = 63207, .adv_w = 224, .box_w = 14, .box_h = 14, .ofs_x = 0, .ofs_y = -2},
    {.bitmap_index = 63304, .adv_w = 224, .box_w = 14, .box_h = 13, .ofs_x = 0, .ofs_y = -2},
    {.bitmap_index = 63372, .adv_w = 224, .box_w = 14, .box_h = 13, .ofs_x = 0, .ofs_y = -1},
    {.bitmap_index = 63447, .adv_w = 224, .box_w = 14, .box_h = 12, .ofs_x = 0, .ofs_y = -1},
    {.bitmap_index = 63510, .adv_w = 224, .box_w = 14, .box_h = 12, .ofs_x = 0, .ofs_y = -1},
    {.bitmap_index = 63586, .adv_w = 224, .box_w = 14, .box_h = 14, .ofs_x = 0, .ofs_y = -2},
    {.bitmap_index = 63673, .adv_w = 224, .box_w = 14, .box_h = 14, .ofs_x = 0, .ofs_y = -2},
    {.bitmap_index = 63760, .adv_w = 224, .box_w = 14, .box_h = 14, .ofs_x = 0, .ofs_y = -2},
    {.bitmap_index = 63849, .adv_w = 224, .box_w = 14, .box_h = 13, .ofs_x = 0, .ofs_y = -1},
    {.bitmap_index = 63934, .adv_w = 224, .box_w = 14, .box_h = 14, .ofs_x = 0, .ofs_y = -2},
    {.bitmap_index = 64020, .adv_w = 224, .box_w = 14, .box_h = 14, .ofs_x = 0, .ofs_y = -2},
    {.bitmap_index = 64093, .adv_w = 224, .box_w = 14, .box_h = 14, .ofs_x = 0, .ofs_y = -2},
    {.bitmap_index = 64183, .adv_w = 224, .box_w = 14, .box_h = 13, .ofs_x = 0, .ofs_y = -1},
    {.bitmap_index = 64269, .adv_w = 224, .box_w = 14, .box_h = 14, .ofs_x = 0, .ofs_y = -2},
    {.bitmap_index = 64364, .adv_w = 224, .box_w = 14, .box_h = 13, .ofs_x = 0, .ofs_y = -1},
    {.bitmap_index = 64448, .adv_w = 224, .box_w = 14, .box_h = 14, .ofs_x = 0, .ofs_y = -2},
    {.bitmap_index = 64546, .adv_w = 224, .box_w = 14, .box_h = 14, .ofs_x = 0, .ofs_y = -2},
    {.bitmap_index = 64642, .adv_w = 224, .box_w = 14, .box_h = 14, .ofs_x = 0, .ofs_y = -2},
    {.bitmap_index = 64731, .adv_w = 224, .box_w = 14, .box_h = 14, .ofs_x = 0, .ofs_y = -2},
    {.bitmap_index = 64819, .adv_w = 224, .box_w = 14, .box_h = 15, .ofs_x = 0, .ofs_y = -2},
    {.bitmap_index = 64915, .adv_w = 224, .box_w = 14, .box_h = 14, .ofs_x = 0, .ofs_y = -2},
    {.bitmap_index = 65003, .adv_w = 224, .box_w = 14, .box_h = 14, .ofs_x = 0, .ofs_y = -2},
    {.bitmap_index = 65086, .adv_w = 224, .box_w = 14, .box_h = 14, .ofs_x = 0, .ofs_y = -2},
    {.bitmap_index = 65160, .adv_w = 224, .box_w = 14, .box_h = 13, .ofs_x = 0, .ofs_y = -1},
    {.bitmap_index = 65231, .adv_w = 224, .box_w = 14, .box_h = 14, .ofs_x = 0, .ofs_y = -2},
    {.bitmap_index = 65312, .adv_w = 224, .box_w = 14, .box_h = 14, .ofs_x = 0, .ofs_y = -2},
    {.bitmap_index = 65394, .adv_w = 224, .box_w = 14, .box_h = 14, .ofs_x = 0, .ofs_y = -2},
    {.bitmap_index = 65485, .adv_w = 224, .box_w = 14, .box_h = 14, .ofs_x = 0, .ofs_y = -2},
    {.bitmap_index = 65568, .adv_w = 224, .box_w = 14, .box_h = 15, .ofs_x = 0, .ofs_y = -2},
    {.bitmap_index = 65658, .adv_w = 224, .box_w = 14, .box_h = 14, .ofs_x = 0, .ofs_y = -2},
    {.bitmap_index = 65743, .adv_w = 224, .box_w = 14, .box_h = 14, .ofs_x = 0, .ofs_y = -2},
    {.bitmap_index = 65823, .adv_w = 224, .box_w = 14, .box_h = 14, .ofs_x = 0, .ofs_y = -2},
    {.bitmap_index = 65910, .adv_w = 224, .box_w = 14, .box_h = 14, .ofs_x = 0, .ofs_y = -2},
    {.bitmap_index = 65997, .adv_w = 224, .box_w = 14, .box_h = 14, .ofs_x = 0, .ofs_y = -2},
    {.bitmap_index = 66083, .adv_w = 224, .box_w = 14, .box_h = 14, .ofs_x = 0, .ofs_y = -2},
    {.bitmap_index = 66176, .adv_w = 224, .box_w = 14, .box_h = 14, .ofs_x = 0, .ofs_y = -2},
    {.bitmap_index = 66264, .adv_w = 224, .box_w = 14, .box_h = 14, .ofs_x = 0, .ofs_y = -2},
    {.bitmap_index = 66356, .adv_w = 224, .box_w = 14, .box_h = 14, .ofs_x = 0, .ofs_y = -2},
    {.bitmap_index = 66438, .adv_w = 224, .box_w = 14, .box_h = 14, .ofs_x = 0, .ofs_y = -2},
    {.bitmap_index = 66522, .adv_w = 224, .box_w = 14, .box_h = 14, .ofs_x = 0, .ofs_y = -2},
    {.bitmap_index = 66611, .adv_w = 224, .box_w = 14, .box_h = 14, .ofs_x = 0, .ofs_y = -2},
    {.bitmap_index = 66699, .adv_w = 224, .box_w = 14, .box_h = 14, .ofs_x = 0, .ofs_y = -2},
    {.bitmap_index = 66784, .adv_w = 224, .box_w = 14, .box_h = 14, .ofs_x = 0, .ofs_y = -2},
    {.bitmap_index = 66873, .adv_w = 224, .box_w = 14, .box_h = 14, .ofs_x = 0, .ofs_y = -2},
    {.bitmap_index = 66964, .adv_w = 224, .box_w = 14, .box_h = 13, .ofs_x = 0, .ofs_y = -1},
    {.bitmap_index = 67051, .adv_w = 224, .box_w = 14, .box_h = 14, .ofs_x = 0, .ofs_y = -2},
    {.bitmap_index = 67142, .adv_w = 224, .box_w = 14, .box_h = 14, .ofs_x = 0, .ofs_y = -2},
    {.bitmap_index = 67232, .adv_w = 224, .box_w = 14, .box_h = 14, .ofs_x = 0, .ofs_y = -2},
    {.bitmap_index = 67322, .adv_w = 224, .box_w = 15, .box_h = 14, .ofs_x = 0, .ofs_y = -2},
    {.bitmap_index = 67410, .adv_w = 224, .box_w = 14, .box_h = 14, .ofs_x = 0, .ofs_y = -2},
    {.bitmap_index = 67496, .adv_w = 224, .box_w = 14, .box_h = 13, .ofs_x = 0, .ofs_y = -2},
    {.bitmap_index = 67580, .adv_w = 224, .box_w = 14, .box_h = 14, .ofs_x = 0, .ofs_y = -2},
    {.bitmap_index = 67666, .adv_w = 224, .box_w = 14, .box_h = 14, .ofs_x = 0, .ofs_y = -2},
    {.bitmap_index = 67753, .adv_w = 224, .box_w = 14, .box_h = 14, .ofs_x = 0, .ofs_y = -2},
    {.bitmap_index = 67846, .adv_w = 224, .box_w = 14, .box_h = 14, .ofs_x = 0, .ofs_y = -2},
    {.bitmap_index = 67938, .adv_w = 224, .box_w = 14, .box_h = 13, .ofs_x = 0, .ofs_y = -2},
    {.bitmap_index = 68023, .adv_w = 224, .box_w = 14, .box_h = 13, .ofs_x = 0, .ofs_y = -1},
    {.bitmap_index = 68106, .adv_w = 224, .box_w = 14, .box_h = 13, .ofs_x = 0, .ofs_y = -1},
    {.bitmap_index = 68184, .adv_w = 224, .box_w = 14, .box_h = 14, .ofs_x = 0, .ofs_y = -2},
    {.bitmap_index = 68273, .adv_w = 224, .box_w = 14, .box_h = 14, .ofs_x = 0, .ofs_y = -2},
    {.bitmap_index = 68352, .adv_w = 224, .box_w = 14, .box_h = 13, .ofs_x = 0, .ofs_y = -1},
    {.bitmap_index = 68437, .adv_w = 224, .box_w = 14, .box_h = 13, .ofs_x = 0, .ofs_y = -1},
    {.bitmap_index = 68520, .adv_w = 224, .box_w = 14, .box_h = 13, .ofs_x = 0, .ofs_y = -1},
    {.bitmap_index = 68605, .adv_w = 224, .box_w = 13, .box_h = 12, .ofs_x = 0, .ofs_y = -1},
    {.bitmap_index = 68667, .adv_w = 224, .box_w = 13, .box_h = 13, .ofs_x = 0, .ofs_y = -1},
    {.bitmap_index = 68744, .adv_w = 224, .box_w = 14, .box_h = 12, .ofs_x = 0, .ofs_y = -1},
    {.bitmap_index = 68813, .adv_w = 224, .box_w = 14, .box_h = 13, .ofs_x = 0, .ofs_y = -1},
    {.bitmap_index = 68894, .adv_w = 224, .box_w = 14, .box_h = 14, .ofs_x = 0, .ofs_y = -1},
    {.bitmap_index = 68959, .adv_w = 224, .box_w = 14, .box_h = 13, .ofs_x = 0, .ofs_y = -1},
    {.bitmap_index = 69035, .adv_w = 224, .box_w = 14, .box_h = 14, .ofs_x = 0, .ofs_y = -2},
    {.bitmap_index = 69119, .adv_w = 224, .box_w = 14, .box_h = 13, .ofs_x = 0, .ofs_y = -1},
    {.bitmap_index = 69203, .adv_w = 224, .box_w = 14, .box_h = 13, .ofs_x = 0, .ofs_y = -1},
    {.bitmap_index = 69286, .adv_w = 224, .box_w = 14, .box_h = 14, .ofs_x = 0, .ofs_y = -2},
    {.bitmap_index = 69378, .adv_w = 224, .box_w = 14, .box_h = 14, .ofs_x = 0, .ofs_y = -2},
    {.bitmap_index = 69466, .adv_w = 224, .box_w = 14, .box_h = 14, .ofs_x = 0, .ofs_y = -2},
    {.bitmap_index = 69554, .adv_w = 224, .box_w = 14, .box_h = 14, .ofs_x = 0, .ofs_y = -2},
    {.bitmap_index = 69639, .adv_w = 224, .box_w = 14, .box_h = 15, .ofs_x = 0, .ofs_y = -2},
    {.bitmap_index = 69738, .adv_w = 224, .box_w = 14, .box_h = 14, .ofs_x = 0, .ofs_y = -2},
    {.bitmap_index = 69832, .adv_w = 224, .box_w = 13, .box_h = 14, .ofs_x = 1, .ofs_y = -2},
    {.bitmap_index = 69901, .adv_w = 224, .box_w = 12, .box_h = 14, .ofs_x = 1, .ofs_y = -2},
    {.bitmap_index = 69934, .adv_w = 224, .box_w = 12, .box_h = 13, .ofs_x = 1, .ofs_y = -1},
    {.bitmap_index = 69992, .adv_w = 224, .box_w = 12, .box_h = 14, .ofs_x = 1, .ofs_y = -2},
    {.bitmap_index = 70046, .adv_w = 224, .box_w = 13, .box_h = 14, .ofs_x = 1, .ofs_y = -2},
    {.bitmap_index = 70117, .adv_w = 224, .box_w = 12, .box_h = 14, .ofs_x = 1, .ofs_y = -2},
    {.bitmap_index = 70169, .adv_w = 224, .box_w = 12, .box_h = 14, .ofs_x = 1, .ofs_y = -2},
    {.bitmap_index = 70236, .adv_w = 224, .box_w = 12, .box_h = 14, .ofs_x = 1, .ofs_y = -2},
    {.bitmap_index = 70309, .adv_w = 224, .box_w = 13, .box_h = 14, .ofs_x = 1, .ofs_y = -2},
    {.bitmap_index = 70382, .adv_w = 224, .box_w = 13, .box_h = 14, .ofs_x = 1, .ofs_y = -2},
    {.bitmap_index = 70466, .adv_w = 224, .box_w = 13, .box_h = 13, .ofs_x = 1, .ofs_y = -1},
    {.bitmap_index = 70536, .adv_w = 224, .box_w = 13, .box_h = 14, .ofs_x = 1, .ofs_y = -2},
    {.bitmap_index = 70610, .adv_w = 224, .box_w = 13, .box_h = 13, .ofs_x = 1, .ofs_y = -1},
    {.bitmap_index = 70674, .adv_w = 224, .box_w = 13, .box_h = 13, .ofs_x = 1, .ofs_y = -1},
    {.bitmap_index = 70747, .adv_w = 224, .box_w = 13, .box_h = 13, .ofs_x = 1, .ofs_y = -1},
    {.bitmap_index = 70817, .adv_w = 224, .box_w = 13, .box_h = 13, .ofs_x = 1, .ofs_y = -1},
    {.bitmap_index = 70893, .adv_w = 224, .box_w = 13, .box_h = 13, .ofs_x = 1, .ofs_y = -1},
    {.bitmap_index = 70971, .adv_w = 224, .box_w = 13, .box_h = 14, .ofs_x = 1, .ofs_y = -2},
    {.bitmap_index = 71050, .adv_w = 224, .box_w = 13, .box_h = 14, .ofs_x = 1, .ofs_y = -2},
    {.bitmap_index = 71134, .adv_w = 224, .box_w = 13, .box_h = 13, .ofs_x = 1, .ofs_y = -1},
    {.bitmap_index = 71214, .adv_w = 224, .box_w = 13, .box_h = 14, .ofs_x = 1, .ofs_y = -2},
    {.bitmap_index = 71297, .adv_w = 224, .box_w = 13, .box_h = 13, .ofs_x = 1, .ofs_y = -1},
    {.bitmap_index = 71374, .adv_w = 224, .box_w = 13, .box_h = 14, .ofs_x = 1, .ofs_y = -2},
    {.bitmap_index = 71447, .adv_w = 224, .box_w = 13, .box_h = 14, .ofs_x = 1, .ofs_y = -2},
    {.bitmap_index = 71531, .adv_w = 224, .box_w = 14, .box_h = 13, .ofs_x = 0, .ofs_y = -1},
    {.bitmap_index = 71610, .adv_w = 224, .box_w = 14, .box_h = 13, .ofs_x = 0, .ofs_y = -1},
    {.bitmap_index = 71696, .adv_w = 224, .box_w = 14, .box_h = 13, .ofs_x = 0, .ofs_y = -1},
    {.bitmap_index = 71780, .adv_w = 224, .box_w = 13, .box_h = 13, .ofs_x = 0, .ofs_y = -2},
    {.bitmap_index = 71846, .adv_w = 224, .box_w = 14, .box_h = 13, .ofs_x = 0, .ofs_y = -2},
    {.bitmap_index = 71929, .adv_w = 224, .box_w = 14, .box_h = 13, .ofs_x = 0, .ofs_y = -2},
    {.bitmap_index = 72019, .adv_w = 224, .box_w = 14, .box_h = 13, .ofs_x = 0, .ofs_y = -2},
    {.bitmap_index = 72095, .adv_w = 224, .box_w = 14, .box_h = 13, .ofs_x = 0, .ofs_y = -2},
    {.bitmap_index = 72183, .adv_w = 224, .box_w = 13, .box_h = 13, .ofs_x = 0, .ofs_y = -1},
    {.bitmap_index = 72244, .adv_w = 224, .box_w = 14, .box_h = 15, .ofs_x = 0, .ofs_y = -2},
    {.bitmap_index = 72340, .adv_w = 224, .box_w = 14, .box_h = 14, .ofs_x = 0, .ofs_y = -1},
    {.bitmap_index = 72402, .adv_w = 224, .box_w = 13, .box_h = 13, .ofs_x = 0, .ofs_y = -1},
    {.bitmap_index = 72475, .adv_w = 224, .box_w = 14, .box_h = 12, .ofs_x = 0, .ofs_y = -1},
    {.bitmap_index = 72539, .adv_w = 224, .box_w = 14, .box_h = 15, .ofs_x = 0, .ofs_y = -2},
    {.bitmap_index = 72613, .adv_w = 224, .box_w = 14, .box_h = 13, .ofs_x = 0, .ofs_y = -2},
    {.bitmap_index = 72674, .adv_w = 224, .box_w = 14, .box_h = 12, .ofs_x = 0, .ofs_y = -1},
    {.bitmap_index = 72738, .adv_w = 224, .box_w = 14, .box_h = 13, .ofs_x = 0, .ofs_y = -2},
    {.bitmap_index = 72808, .adv_w = 224, .box_w = 14, .box_h = 13, .ofs_x = 0, .ofs_y = -1},
    {.bitmap_index = 72887, .adv_w = 224, .box_w = 14, .box_h = 14, .ofs_x = 0, .ofs_y = -2},
    {.bitmap_index = 72972, .adv_w = 224, .box_w = 14, .box_h = 13, .ofs_x = 0, .ofs_y = -1},
    {.bitmap_index = 73059, .adv_w = 224, .box_w = 14, .box_h = 13, .ofs_x = 0, .ofs_y = -2},
    {.bitmap_index = 73148, .adv_w = 224, .box_w = 14, .box_h = 14, .ofs_x = 0, .ofs_y = -2},
    {.bitmap_index = 73239, .adv_w = 224, .box_w = 14, .box_h = 15, .ofs_x = 0, .ofs_y = -2},
    {.bitmap_index = 73331, .adv_w = 224, .box_w = 14, .box_h = 13, .ofs_x = 0, .ofs_y = -2},
    {.bitmap_index = 73405, .adv_w = 224, .box_w = 14, .box_h = 15, .ofs_x = 0, .ofs_y = -2},
    {.bitmap_index = 73501, .adv_w = 224, .box_w = 14, .box_h = 13, .ofs_x = 0, .ofs_y = -1},
    {.bitmap_index = 73569, .adv_w = 224, .box_w = 13, .box_h = 14, .ofs_x = 0, .ofs_y = -2},
    {.bitmap_index = 73632, .adv_w = 224, .box_w = 14, .box_h = 14, .ofs_x = 0, .ofs_y = -2},
    {.bitmap_index = 73722, .adv_w = 224, .box_w = 14, .box_h = 14, .ofs_x = 0, .ofs_y = -2},
    {.bitmap_index = 73806, .adv_w = 224, .box_w = 14, .box_h = 14, .ofs_x = 0, .ofs_y = -2},
    {.bitmap_index = 73900, .adv_w = 224, .box_w = 14, .box_h = 14, .ofs_x = 0, .ofs_y = -2},
    {.bitmap_index = 73989, .adv_w = 224, .box_w = 14, .box_h = 13, .ofs_x = 0, .ofs_y = -1},
    {.bitmap_index = 74078, .adv_w = 224, .box_w = 12, .box_h = 12, .ofs_x = 1, .ofs_y = -1},
    {.bitmap_index = 74133, .adv_w = 224, .box_w = 14, .box_h = 14, .ofs_x = 0, .ofs_y = -2},
    {.bitmap_index = 74199, .adv_w = 224, .box_w = 14, .box_h = 13, .ofs_x = 0, .ofs_y = -1},
    {.bitmap_index = 74278, .adv_w = 224, .box_w = 14, .box_h = 13, .ofs_x = 0, .ofs_y = -2},
    {.bitmap_index = 74359, .adv_w = 224, .box_w = 14, .box_h = 14, .ofs_x = 0, .ofs_y = -2},
    {.bitmap_index = 74451, .adv_w = 224, .box_w = 14, .box_h = 13, .ofs_x = 0, .ofs_y = -1},
    {.bitmap_index = 74523, .adv_w = 224, .box_w = 5, .box_h = 14, .ofs_x = 9, .ofs_y = -2},
    {.bitmap_index = 74556, .adv_w = 224, .box_w = 5, .box_h = 14, .ofs_x = 0, .ofs_y = -2},
    {.bitmap_index = 74589, .adv_w = 224, .box_w = 3, .box_h = 6, .ofs_x = 2, .ofs_y = -2},
    {.bitmap_index = 74599, .adv_w = 224, .box_w = 3, .box_h = 10, .ofs_x = 2, .ofs_y = -1},
    {.bitmap_index = 74611, .adv_w = 224, .box_w = 4, .box_h = 12, .ofs_x = 1, .ofs_y = -3},
    {.bitmap_index = 74632, .adv_w = 224, .box_w = 7, .box_h = 12, .ofs_x = 0, .ofs_y = -1}
};

/*---------------------
 *  CHARACTER MAPPING
 *--------------------*/

static const uint16_t unicode_list_0[] = {
    0x0, 0x1, 0xf, 0x10, 0x1dff, 0x1e06, 0x1e08, 0x1e09,
    0x1e0a, 0x1e0c, 0x1e0d, 0x1e12, 0x1e13, 0x1e19, 0x1e1c, 0x1e21,
    0x1e23, 0x1e24, 0x1e29, 0x1e2c, 0x1e31, 0x1e33, 0x1e39, 0x1e3a,
    0x1e3d, 0x1e44, 0x1e47, 0x1e48, 0x1e4a, 0x1e4d, 0x1e5e, 0x1e5f,
    0x1e65, 0x1e85, 0x1e87, 0x1e88, 0x1e8a, 0x1e8b, 0x1e8d, 0x1e90,
    0x1e91, 0x1e9a, 0x1ea3, 0x1ea6, 0x1eaa, 0x1ead, 0x1eb9, 0x1ebf,
    0x1ec4, 0x1ec9, 0x1ecc, 0x1ecd, 0x1ed2, 0x1ed5, 0x1ed7, 0x1ee2,
    0x1ee3, 0x1ee4, 0x1ee9, 0x1eeb, 0x1ef5, 0x1ef6, 0x1efa, 0x1efc,
    0x1f10, 0x1f17, 0x1f19, 0x1f1f, 0x1f29, 0x1f2f, 0x1f33, 0x1f3b,
    0x1f3c, 0x1f45, 0x1f4c, 0x1f4d, 0x1f4e, 0x1f52, 0x1f54, 0x1f58,
    0x1f5b, 0x1f5f, 0x1f7e, 0x1f8a, 0x1f9a, 0x1f9c, 0x1fa2, 0x1fa6,
    0x1fbe, 0x1fc3, 0x1fdc, 0x1fe0, 0x1fed, 0x200c, 0x2011, 0x2018,
    0x203b, 0x2046, 0x204e, 0x2059, 0x205b, 0x2064, 0x20a7, 0x20ce,
    0x2140, 0x2142, 0x2144, 0x2147, 0x2148, 0x214a, 0x214c, 0x215b,
    0x2164, 0x2167, 0x216b, 0x216c, 0x2170, 0x2172, 0x2175, 0x2176,
    0x217a, 0x217b, 0x2184, 0x218b, 0x218c, 0x2191, 0x2198, 0x21b1,
    0x21b2, 0x21c5, 0x21ce, 0x21d0, 0x21df, 0x21ec, 0x21f5, 0x21f9,
    0x21fa, 0x21fc, 0x21ff, 0x2205, 0x2206, 0x2216, 0x2218, 0x221a,
    0x221c, 0x221f, 0x2223, 0x222a, 0x222f, 0x2235, 0x2236, 0x223a,
    0x224c, 0x2250, 0x2253, 0x2268, 0x2269, 0x229a, 0x229d, 0x229e,
    0x229f, 0x22a0, 0x22a7, 0x22a8, 0x22fd, 0x22fe, 0x2304, 0x2315,
    0x2338, 0x2339, 0x233e, 0x2340, 0x2342, 0x2346, 0x234e, 0x2354,
    0x2356, 0x235f, 0x2360, 0x236f, 0x2372, 0x2373, 0x2381, 0x2385,
    0x238a, 0x239e, 0x23ba, 0x23c1, 0x23c7, 0x23c8, 0x23c9, 0x23cb,
    0x23cc, 0x23d0, 0x23d5, 0x23d6, 0x23d7, 0x23d8, 0x23df, 0x23e2,
    0x23e3, 0x23e4, 0x23e5, 0x23e9, 0x23ee, 0x23ef, 0x23f1, 0x23f6,
    0x2403, 0x2407, 0x240b, 0x240c, 0x240d, 0x2410, 0x2425, 0x242a,
    0x242e, 0x2447, 0x2449, 0x2457, 0x2467, 0x2472, 0x247c, 0x248b,
    0x24a9, 0x24c0, 0x24c7, 0x24cc, 0x24e9, 0x2523, 0x252e, 0x2545,
    0x2667, 0x2669, 0x26da, 0x26dd, 0x26df, 0x26f3, 0x26f9, 0x26fd,
    0x2727, 0x272f, 0x2739, 0x273f, 0x2746, 0x274e, 0x2750, 0x2756,
    0x2765, 0x278a, 0x27de, 0x27f9, 0x2805, 0x285d, 0x286a, 0x2882,
    0x289d, 0x28ef, 0x2903, 0x2906, 0x290c, 0x2915, 0x2919, 0x291b,
    0x291e, 0x2926, 0x2928, 0x2930, 0x2933, 0x2939, 0x294e, 0x2950,
    0x2956, 0x297c, 0x2981, 0x29ca, 0x29d3, 0x2b4f, 0x2b56, 0x2b57,
    0x2b65, 0x2b82, 0x2b87, 0x2b88, 0x2b8b, 0x2b97, 0x2b99, 0x2b9d,
    0x2ba0, 0x2ba1, 0x2ba3, 0x2bb2, 0x2bb5, 0x2bb8, 0x2bbc, 0x2bc3,
    0x2bc5, 0x2bde, 0x2bf7, 0x2bf8, 0x2bfb, 0x2c00, 0x2c03, 0x2c05,
    0x2c0e, 0x2c10, 0x2c19, 0x2c1c, 0x2c30, 0x2c39, 0x2c3c, 0x2c3d,
    0x2c3f, 0x2c41, 0x2c4e, 0x2c54, 0x2c5d, 0x2c64, 0x2c70, 0x2c99,
    0x2ddc, 0x2de4, 0x2ded, 0x2df0, 0x2df1, 0x2dfd, 0x2e02, 0x2e0b,
    0x2e25, 0x2e26, 0x2e37, 0x2e41, 0x2e54, 0x2e71, 0x2e72, 0x2e73,
    0x2e75, 0x2e7e, 0x2e8e, 0x2e92, 0x2e93, 0x2e94, 0x2ea5, 0x2eac,
    0x2eb6, 0x2ef5, 0x2ef9, 0x2eff, 0x2f01, 0x2f0e, 0x2f14, 0x2f1a,
    0x2f1f, 0x2f38, 0x2f39, 0x2f51, 0x2f52, 0x2f54, 0x2f61, 0x2f70,
    0x2f7f, 0x2f83, 0x2f84, 0x2f87, 0x2f96, 0x2fa0, 0x2fa9, 0x2fc2,
    0x2fc4, 0x2fd6, 0x2fea, 0x2ff4, 0x2ffc, 0x3000, 0x300d, 0x3026,
    0x3029, 0x303a, 0x3051, 0x3061, 0x306e, 0x306f, 0x30ab, 0x30ee,
    0x30f2, 0x310e, 0x311e, 0x3161, 0x320e, 0x320f, 0x3215, 0x3229,
    0x3233, 0x3236, 0x323f, 0x324a, 0x324c, 0x3252, 0x3257, 0x3262,
    0x3266, 0x3268, 0x326a, 0x326b, 0x326f, 0x3272, 0x3278, 0x327d,
    0x327e, 0x3283, 0x3289, 0x3294, 0x3295, 0x32a3, 0x32a4, 0x32ab,
    0x32c5, 0x32c8, 0x32d1, 0x32d3, 0x32de, 0x32e4, 0x32e5, 0x32e8,
    0x32eb, 0x32fb, 0x32fd, 0x32fe, 0x3300, 0x3301, 0x3306, 0x3308,
    0x3323, 0x332e, 0x3361, 0x336d, 0x3376, 0x3387, 0x3388, 0x338b,
    0x3391, 0x33a1, 0x33a4, 0x33a6, 0x33a7, 0x33a8, 0x33ce, 0x33cf,
    0x33d1, 0x33e0, 0x341b, 0x342b, 0x342c, 0x3443, 0x3477, 0x34a3,
    0x34ac, 0x34cc, 0x34e5, 0x352e, 0x3535, 0x3538, 0x353a, 0x353d,
    0x3544, 0x3547, 0x354e, 0x355a, 0x3562, 0x356f, 0x3573, 0x3586,
    0x3598, 0x359b, 0x35a4, 0x35ac, 0x35ae, 0x35af, 0x35b8, 0x35bc,
    0x35ca, 0x35df, 0x35e4, 0x35e6, 0x35e8, 0x35f5, 0x360d, 0x3612,
    0x361f, 0x362e, 0x363d, 0x3667, 0x366d, 0x366e, 0x3675, 0x3681,
    0x36b3, 0x36f3, 0x36fd, 0x36fe, 0x36ff, 0x3708, 0x370c, 0x371a,
    0x371c, 0x371e, 0x3727, 0x3729, 0x372a, 0x372b, 0x3739, 0x373f,
    0x3742, 0x374f, 0x3750, 0x375e, 0x375f, 0x3760, 0x3764, 0x377d,
    0x377e, 0x3780, 0x3783, 0x378f, 0x3799, 0x379b, 0x37b5, 0x37c3,
    0x37cf, 0x37d2, 0x37e4, 0x3804, 0x3806, 0x3807, 0x3810, 0x3820,
    0x3836, 0x3837, 0x3838, 0x383b, 0x3847, 0x384b, 0x3862, 0x3864,
    0x38bf, 0x390c, 0x3981, 0x3a20, 0x3a58, 0x3b20, 0x3b3d, 0x3b46,
    0x3b61, 0x3b62, 0x3b63, 0x3b64, 0x3b66, 0x3b7a, 0x3b8a, 0x3bb4,
    0x3bc0, 0x3bce, 0x3bd3, 0x3c13, 0x3c33, 0x3c37, 0x3c41, 0x3c5f,
    0x3ca0, 0x3cba, 0x3cbe, 0x3cc3, 0x3cd4, 0x3cda, 0x3ce0, 0x3ce1,
    0x3ce7, 0x3d3a, 0x3d3d, 0x3d40, 0x3d44, 0x3d4a, 0x3d4e, 0x3d52,
    0x3d87, 0x3d88, 0x3dc5, 0x3df0, 0x3df6, 0x3df8, 0x3dfa, 0x3e04,
    0x3e28, 0x3e31, 0x3e37, 0x3e8f, 0x3ee0, 0x3f01, 0x3f0e, 0x3f13,
    0x3fbf, 0x406c, 0x406e, 0x406f, 0x40b8, 0x40bb, 0x40de, 0x40e6,
    0x40ec, 0x4109, 0x4135, 0x4166, 0x4193, 0x41b4, 0x4235, 0x4246,
    0x4247, 0x424b, 0x4258, 0x4268, 0x4278, 0x42b5, 0x42eb, 0x431b,
    0x432a, 0x4386, 0x4388, 0x43ae, 0x43af, 0x4405, 0x451e, 0x4527,
    0x4530, 0x4534, 0x453a, 0x454b, 0x4558, 0x4564, 0x4569, 0x45c6,
    0x467a, 0x467c, 0x467d, 0x4683, 0x46c9, 0x46ce, 0x46d0, 0x46d5,
    0x46d7, 0x46ed, 0x46f3, 0x46f7, 0x4700, 0x470a, 0x471e, 0x471f,
    0x473b, 0x473f, 0x4760, 0x47ab, 0x47e4, 0x47e8, 0x47ec, 0x47f2,
    0x4800, 0x4833, 0x483f, 0x486b, 0x486d, 0x488d, 0x4939, 0x4980,
    0x49ba, 0x49cc, 0x49d1, 0x49d7, 0x49ee, 0x49ef, 0x49fa, 0x4a0a,
    0x4a32, 0x4a79, 0x4a7e, 0x4a80, 0x4a96, 0x4aca, 0x4ad5, 0x4add,
    0x4aee, 0x4b25, 0x4b2b, 0x4b48, 0x4b53, 0x4b55, 0x4b7d, 0x4b7f,
    0x4b96, 0x4ba0, 0x4bc6, 0x4be0, 0x4c4c, 0x4c7a, 0x4c97, 0x4cbd,
    0x4cfa, 0x4d1f, 0x4d21, 0x4d26, 0x4d2e, 0x4ea1, 0x4ea5, 0x4ea6,
    0x4eae, 0x4eb8, 0x4ebe, 0x4ec3, 0x4ec5, 0x4ec6, 0x4ec7, 0x4ece,
    0x4ed0, 0x4ed2, 0x4ed4, 0x4ed8, 0x4edb, 0x4edc, 0x4ede, 0x4ee6,
    0x4ee9, 0x4eec, 0x4ef3, 0x4efe, 0x4eff, 0x4f12, 0x4f15, 0x4f17,
    0x4f28, 0x4f39, 0x4f50, 0x4f56, 0x4f69, 0x4f6d, 0x4f71, 0x5000,
    0x5002, 0x5004, 0x500b, 0x5016, 0x5053, 0x50cb, 0x50fc, 0x510e,
    0x5110, 0x5119, 0x5130, 0x5137, 0x519a, 0x51e9, 0x51f2, 0x51f3,
    0x520c, 0x5229, 0x5271, 0x5281, 0x52ae, 0x52e4, 0x52f0, 0x5302,
    0x5303, 0x534f, 0x53b6, 0x53db, 0x543c, 0x5456, 0x54dc, 0x553c,
    0x5650, 0x584b, 0x5860, 0x5864, 0x5867, 0x586f, 0x58aa, 0x58c0,
    0x58c4, 0x58d4, 0x5980, 0x5985, 0x59c0, 0x59c1, 0x59c3, 0x59c5,
    0x59c7, 0x59e2, 0x59e5, 0x59ff, 0x5b65, 0x5ba0, 0x5ba1, 0x5ba3,
    0x5ba8, 0x5bad, 0x5baf, 0x5bb7, 0x5bb9, 0x5bbd, 0x5bbe, 0x5bc0,
    0x5bc3, 0x5bc5, 0x5bc9, 0x5bd0, 0x5bd4, 0x5bdc, 0x5be1, 0x5be4,
    0x5bec, 0x5bee, 0x5bf3, 0x5bf6, 0x5bf9, 0x5bfa, 0x5c00, 0x5c02,
    0x5c60, 0x5c6a, 0x5d1e, 0x5d24, 0x5d25, 0x5d33, 0x5d38, 0x5d43,
    0x5d55, 0x5d6f, 0x5d76, 0x5d84, 0x5d89, 0x5db2, 0x5dd0, 0x5ddc,
    0x5dde, 0x5de7, 0x5dee, 0x5df2, 0x5e28, 0x5e29, 0x5eaa, 0x5f6b,
    0x5f6d, 0x5f6e, 0x5f7a, 0x5f7c, 0x5f82, 0x5f90, 0x5f92, 0x5fa7,
    0x5fb8, 0x5fbd, 0x5fc0, 0x5fc6, 0x5fcf, 0x5fd0, 0x5fd3, 0x5fd7,
    0x5fd8, 0x5fda, 0x5fdb, 0x5fdc, 0x5fdd, 0x5fde, 0x5fec, 0x5fef,
    0x5ff6, 0x5ffc, 0x5fff, 0x6000, 0x6001, 0x6005, 0x6008, 0x600f,
    0x6011, 0x6013, 0x6019, 0x601e, 0x601f, 0x603a, 0x6046, 0x6052,
    0x6056, 0x6074, 0x607e, 0x60a2, 0x60ba, 0x60e7, 0x60fc, 0x614c,
    0x6191, 0x61c6, 0x61c9, 0x61cb, 0x61cc, 0x61ce, 0x6273, 0x6487,
    0x649e, 0x64a4, 0x64c0, 0x64f9, 0x64fd, 0x64ff, 0x6500, 0x6518,
    0x652d, 0x655b, 0x657e, 0x65e7, 0x65ec, 0x65ed, 0x65f1, 0x65f3,
    0x6604, 0x6607, 0x661e, 0x6631, 0x6634, 0x6635, 0x663a, 0x6644,
    0x6645, 0x6647, 0x664c, 0x664f, 0x6663, 0x6668, 0x668e, 0x668f,
    0x6693, 0x6698, 0x669b, 0x66bd, 0x66c5, 0x66e7, 0x66f5, 0x66fd,
    0x66ff, 0x6731, 0x6751, 0x6758, 0x675d, 0x675f, 0x6761, 0x67f2,
    0x6874, 0x6878, 0x6879, 0x687a, 0x6883, 0x6890, 0x6897, 0x689b,
    0x689f, 0x68cd, 0x697e, 0x6995, 0x6a6b, 0x6a70, 0x6a7a, 0x6a8b,
    0x6a96, 0x6aa3, 0x6aa7, 0x6ad7, 0x6ea5, 0x6ed0, 0x6ed7, 0x6f4f,
    0xcf07, 0xcf08, 0xcf0b, 0xcf19, 0xcf1a, 0xcf1e
};

/*Collect the unicode lists and glyph_id offsets*/
static const lv_font_fmt_txt_cmap_t cmaps[] =
{
    {
        .range_start = 12289, .range_length = 53023, .glyph_id_start = 1,
        .unicode_list = unicode_list_0, .glyph_id_ofs_list = NULL, .list_length = 982, .type = LV_FONT_FMT_TXT_CMAP_SPARSE_TINY
    }
};



/*--------------------
 *  ALL CUSTOM DATA
 *--------------------*/

#if LVGL_VERSION_MAJOR == 8
/*Store all the custom data of the font*/
static  lv_font_fmt_txt_glyph_cache_t cache;
#endif

#if LVGL_VERSION_MAJOR >= 8
static const lv_font_fmt_txt_dsc_t font_dsc = {
#else
static lv_font_fmt_txt_dsc_t font_dsc = {
#endif
    .glyph_bitmap = glyph_bitmap,
    .glyph_dsc = glyph_dsc,
    .cmaps = cmaps,
    .kern_dsc = NULL,
    .kern_scale = 0,
    .cmap_num = 1,
    .bpp = 4,
    .kern_classes = 0,
    .bitmap_format = 1,
#if LVGL_VERSION_MAJOR == 8
    .cache = &cache
#endif
};

extern const lv_font_t lv_font_montserrat_14;


/*-----------------
 *  PUBLIC FONT
 *----------------*/

/*Initialize a public general font descriptor*/
#if LVGL_VERSION_MAJOR >= 8
const lv_font_t ui_font_noto_sc_14 = {
#else
lv_font_t ui_font_noto_sc_14 = {
#endif
    .get_glyph_dsc = lv_font_get_glyph_dsc_fmt_txt,    /*Function pointer to get glyph's data*/
    .get_glyph_bitmap = lv_font_get_bitmap_fmt_txt,    /*Function pointer to get glyph's bitmap*/
    .line_height = 16,          /*The maximum line height required by the font*/
    .base_line = 3,             /*Baseline measured from the bottom of the line*/
#if !(LVGL_VERSION_MAJOR == 6 && LVGL_VERSION_MINOR == 0)
    .subpx = LV_FONT_SUBPX_NONE,
#endif
#if LV_VERSION_CHECK(7, 4, 0) || LVGL_VERSION_MAJOR >= 8
    .underline_position = -2,
    .underline_thickness = 1,
#endif
    .dsc = &font_dsc,          /*The custom font data. Will be accessed by `get_glyph_bitmap/dsc` */
#if LV_VERSION_CHECK(8, 2, 0) || LVGL_VERSION_MAJOR >= 9
    .fallback = &lv_font_montserrat_14,
#endif
    .user_data = NULL,
};



#endif /*#if UI_FONT_NOTO_SC_14*/

